{
  "name": "RequisitionsStateMachineStatesSelector",
  "type": "Selector",
  "label": "Requisitions State Machine States",
  "elements": [
    {
      "row": 1,
      "name": "Draft",
      "size": 12,
      "type": "SelectorEntry",
      "label": "${Texts.Draft}",
      "column": 1,
      "elements": [],
      "helpText": null,
      "isHidden": false,
      "attributes": [
        {
          "key": "EnumerationValue",
          "value": "Draft"
        }
      ],
      "behaviours": [],
      "description": null,
      "visibleFrom": null
    },
    {
      "row": 2,
      "name": "RequisitionsApproval",
      "size": 12,
      "type": "SelectorEntry",
      "label": "${Texts.RequisitionsApproval}",
      "column": 1,
      "elements": [],
      "helpText": null,
      "isHidden": false,
      "attributes": [
        {
          "key": "EnumerationValue",
          "value": "RequisitionsApproval"
        }
      ],
      "behaviours": [],
      "description": null,
      "visibleFrom": null
    },
    {
      "row": 3,
      "name": "Rejected",
      "size": 12,
      "type": "SelectorEntry",
      "label": "${Texts.Rejected}",
      "column": 1,
      "elements": [],
      "helpText": null,
      "isHidden": false,
      "attributes": [
        {
          "key": "EnumerationValue",
          "value": "Rejected"
        }
      ],
      "behaviours": [],
      "description": null,
      "visibleFrom": null
    },
    {
      "row": 4,
      "name": "Revision",
      "size": 12,
      "type": "SelectorEntry",
      "label": "${Texts.OnRevision}",
      "column": 1,
      "elements": [],
      "helpText": null,
      "isHidden": false,
      "attributes": [
        {
          "key": "EnumerationValue",
          "value": "Revision"
        }
      ],
      "behaviours": [],
      "description": null,
      "visibleFrom": null
    },
    {
      "row": 5,
      "name": "Pending",
      "size": 12,
      "type": "SelectorEntry",
      "label": "${Texts.Pending}",
      "column": 1,
      "elements": [],
      "helpText": null,
      "isHidden": false,
      "attributes": [
        {
          "key": "EnumerationValue",
          "value": "Pending"
        }
      ],
      "behaviours": [],
      "description": null,
      "visibleFrom": null
    },
    {
      "row": 6,
      "name": "QuotationApproval",
      "size": 12,
      "type": "SelectorEntry",
      "label": "${Texts.QuotationsApproval}",
      "column": 1,
      "elements": [],
      "helpText": null,
      "isHidden": false,
      "attributes": [
        {
          "key": "EnumerationValue",
          "value": "QuotationApproval"
        }
      ],
      "behaviours": [],
      "description": null,
      "visibleFrom": null
    },
    {
      "row": 7,
      "name": "Closed",
      "size": 12,
      "type": "SelectorEntry",
      "label": "${Texts.Closed}",
      "column": 1,
      "elements": [],
      "helpText": null,
      "isHidden": false,
      "attributes": [
        {
          "key": "EnumerationValue",
          "value": "Closed"
        }
      ],
      "behaviours": [],
      "description": null,
      "visibleFrom": null
    },
    {
      "row": 8,
      "name": "OrderCompleted",
      "size": 12,
      "type": "SelectorEntry",
      "label": "${Texts.OrderCompleted}",
      "column": 1,
      "elements": [],
      "helpText": null,
      "isHidden": false,
      "attributes": [
        {
          "key": "EnumerationValue",
          "value": "OrderCompleted"
        }
      ],
      "behaviours": [],
      "description": null,
      "visibleFrom": null
    },
    {
      "row": 9,
      "name": "QuotationRejected",
      "size": 12,
      "type": "SelectorEntry",
      "label": "${Texts.QuotationRejected}",
      "column": 1,
      "elements": [],
      "helpText": null,
      "isHidden": false,
      "attributes": [
        {
          "key": "EnumerationValue",
          "value": "QuotationRejected"
        }
      ],
      "behaviours": [],
      "description": null,
      "visibleFrom": null
    },
    {
      "row": 10,
      "name": "Satisfied",
      "size": 12,
      "type": "SelectorEntry",
      "label": "${Texts.Satisfied}",
      "column": 1,
      "elements": [],
      "helpText": null,
      "isHidden": false,
      "attributes": [
        {
          "key": "EnumerationValue",
          "value": "Satisfied"
        }
      ],
      "behaviours": [],
      "description": null,
      "visibleFrom": null
    }
  ],
  "helpText": null,
  "attributes": [
    {
      "key": "Enumeration",
      "value": "RequisitionsStateMachineStates"
    }
  ],
  "behaviours": [],
  "description": null
}