{
  "name": "SelectQuotesOptionsSelector",
  "type": "Selector",
  "label": "Select Quotes Options",
  "elements": [
    {
      "row": 1,
      "name": "SelectQuotesPrice",
      "size": 12,
      "type": "SelectorEntry",
      "label": "${Texts.SelectQuotesPrice}",
      "column": 1,
      "elements": [],
      "helpText": null,
      "isHidden": false,
      "attributes": [
        {
          "key": "EnumerationValue",
          "value": "SelectQuotesPrice"
        }
      ],
      "behaviours": [],
      "description": null,
      "visibleFrom": null
    },
    {
      "row": 2,
      "name": "SelectQuotesFaster",
      "size": 12,
      "type": "SelectorEntry",
      "label": "${Texts.SelectQuotesFaster}",
      "column": 1,
      "elements": [],
      "helpText": null,
      "isHidden": false,
      "attributes": [
        {
          "key": "EnumerationValue",
          "value": "SelectQuotesFaster"
        }
      ],
      "behaviours": [],
      "description": null,
      "visibleFrom": null
    },
    {
      "row": 3,
      "name": "SelectQuotesSupplier",
      "size": 12,
      "type": "SelectorEntry",
      "label": "${Texts.SelectQuotesSupplier}",
      "column": 1,
      "elements": [],
      "helpText": null,
      "isHidden": false,
      "attributes": [
        {
          "key": "EnumerationValue",
          "value": "SelectQuotesSupplier"
        }
      ],
      "behaviours": [],
      "description": null,
      "visibleFrom": null
    }
  ],
  "helpText": null,
  "attributes": [
    {
      "key": "Enumeration",
      "value": "SelectQuotesOptions"
    }
  ],
  "behaviours": [],
  "description": null
}