{
  "name": "DefaultApplicationMenu",
  "type": "Menu",
  "label": "${Texts.Menu}",
  "elements": [
    {
      "row": 1,
      "name": "Homepage",
      "size": 12,
      "type": "MenuEntry",
      "label": "${Texts.Homepage}",
      "column": 1,
      "elements": [],
      "helpText": null,
      "isHidden": false,
      "attributes": [
        {
          "key": "Color",
          "value": "DarkGray"
        },
        {
          "key": "Icon",
          "value": "home"
        },
        {
          "key": "ActionType",
          "value": "Home"
        }
      ],
      "behaviours": [],
      "description": null,
      "visibleFrom": null
    },
    {
      "row": 8,
      "name": "Configurations",
      "size": 12,
      "type": "MenuEntry",
      "label": "${Texts.Configurations}",
      "column": 1,
      "elements": [
        {
          "row": 1,
          "name": "Company",
          "size": 12,
          "type": "MenuEntry",
          "label": "${Texts.Companies}",
          "column": 1,
          "elements": [],
          "helpText": null,
          "isHidden": false,
          "attributes": [
            {
              "key": "Color",
              "value": "DarkGray"
            },
            {
              "key": "Icon",
              "value": "building"
            },
            {
              "key": "ActionLocation",
              "value": "Company"
            },
            {
              "key": "ActionType",
              "value": "Agent"
            },
            {
              "key": "isFolder",
              "value": "false"
            }
          ],
          "behaviours": [],
          "description": null,
          "visibleFrom": null
        },
        {
          "row": 10,
          "name": "Employee",
          "size": 12,
          "type": "MenuEntry",
          "label": "${Texts.Employees}",
          "column": 1,
          "elements": [],
          "helpText": null,
          "isHidden": false,
          "attributes": [
            {
              "key": "Color",
              "value": "DarkGray"
            },
            {
              "key": "Icon",
              "value": "users"
            },
            {
              "key": "ActionLocation",
              "value": "Employee"
            },
            {
              "key": "ActionType",
              "value": "Agent"
            },
            {
              "key": "isFolder",
              "value": "false"
            }
          ],
          "behaviours": [],
          "description": null,
          "visibleFrom": null
        },
        {
          "row": 80,
          "name": "Primavera",
          "size": 12,
          "type": "MenuEntry",
          "label": "${Texts.Primavera}",
          "column": 1,
          "elements": [],
          "helpText": null,
          "isHidden": false,
          "attributes": [
            {
              "key": "Color",
              "value": "DarkGray"
            },
            {
              "key": "Icon",
              "value": "database"
            },
            {
              "key": "ActionLocation",
              "value": "Primavera"
            },
            {
              "key": "ActionType",
              "value": "DataSource"
            },
            {
              "key": "isFolder",
              "value": "false"
            }
          ],
          "behaviours": [],
          "description": null,
          "visibleFrom": null
        },
        {
          "row": 70,
          "name": "Settings",
          "size": 12,
          "type": "MenuEntry",
          "label": "${Texts.Settings}",
          "column": 1,
          "elements": [],
          "helpText": null,
          "isHidden": false,
          "attributes": [
            {
              "key": "Color",
              "value": "DarkGray"
            },
            {
              "key": "Icon",
              "value": "wrench"
            },
            {
              "key": "ActionLocation",
              "value": "Settings"
            },
            {
              "key": "ActionType",
              "value": "GenericEntity"
            },
            {
              "key": "isFolder",
              "value": "false"
            }
          ],
          "behaviours": [],
          "description": null,
          "visibleFrom": null
        },
        {
          "row": 60,
          "name": "OrganizationalUnit",
          "size": 12,
          "type": "MenuEntry",
          "label": "${Texts.OrganizationalUnits}",
          "column": 1,
          "elements": [],
          "helpText": null,
          "isHidden": false,
          "attributes": [
            {
              "key": "Color",
              "value": "DarkGray"
            },
            {
              "key": "Icon",
              "value": "sitemap"
            },
            {
              "key": "ActionLocation",
              "value": "OrganizationalUnit"
            },
            {
              "key": "ActionType",
              "value": "GenericEntity"
            },
            {
              "key": "isFolder",
              "value": "false"
            }
          ],
          "behaviours": [],
          "description": null,
          "visibleFrom": null
        },
        {
          "row": 50,
          "name": "ApprovalProfiles",
          "size": 12,
          "type": "MenuEntry",
          "label": "${Texts.ApprovalProfiles}",
          "column": 1,
          "elements": [],
          "helpText": null,
          "isHidden": false,
          "attributes": [
            {
              "key": "Color",
              "value": "DarkGray"
            },
            {
              "key": "Icon",
              "value": "user-md"
            },
            {
              "key": "ActionType",
              "value": "GenericEntity"
            },
            {
              "key": "ActionLocation",
              "value": "ApprovalProfiles"
            },
            {
              "key": "isFolder",
              "value": "false"
            }
          ],
          "behaviours": [],
          "description": null,
          "visibleFrom": null
        },
        {
          "row": 90,
          "name": "TenantSetup",
          "size": 12,
          "type": "MenuEntry",
          "label": "${Texts.TenantSetup}",
          "column": 1,
          "elements": [],
          "helpText": null,
          "isHidden": false,
          "attributes": [
            {
              "key": "actionType",
              "value": "Dashboard"
            },
            {
              "key": "isFolder",
              "value": "false"
            },
            {
              "key": "actionLocation",
              "value": "TenantSetupDashboard"
            },
            {
              "key": "icon",
              "value": "cogs"
            },
            {
              "key": "color",
              "value": "DarkBlue"
            }
          ],
          "behaviours": [],
          "description": null,
          "visibleFrom": null
        },
        {
          "row": 20,
          "name": "ExternalUsers",
          "size": 12,
          "type": "MenuEntry",
          "label": "${Texts.ExternalUsers}",
          "column": 1,
          "elements": [],
          "helpText": null,
          "isHidden": false,
          "attributes": [
            {
              "key": "actionType",
              "value": "Agent"
            },
            {
              "key": "isFolder",
              "value": "false"
            },
            {
              "key": "actionLocation",
              "value": "ExternalUser"
            },
            {
              "key": "icon",
              "value": "address-book"
            },
            {
              "key": "color",
              "value": "DarkGray"
            }
          ],
          "behaviours": [],
          "description": null,
          "visibleFrom": null
        },
        {
          "row": 61,
          "name": "Incoterms",
          "size": 12,
          "type": "MenuEntry",
          "label": "Incoterms",
          "column": 1,
          "elements": [],
          "helpText": null,
          "isHidden": false,
          "attributes": [
            {
              "key": "Color",
              "value": "DarkGray"
            },
            {
              "key": "Icon",
              "value": "cog"
            },
            {
              "key": "ActionType",
              "value": "GenericEntity"
            },
            {
              "key": "ActionLocation",
              "value": "Incoterms"
            }
          ],
          "behaviours": [],
          "description": null,
          "visibleFrom": null
        }
      ],
      "helpText": null,
      "isHidden": false,
      "attributes": [
        {
          "key": "Color",
          "value": "DarkGray"
        },
        {
          "key": "Icon",
          "value": "cog"
        },
        {
          "key": "IsFolder",
          "value": "true"
        }
      ],
      "behaviours": [],
      "description": null,
      "visibleFrom": null
    },
    {
      "row": 2,
      "name": "Requisitions",
      "size": 12,
      "type": "MenuEntry",
      "label": "${Texts.Requisitions}",
      "column": 1,
      "elements": [],
      "helpText": null,
      "isHidden": false,
      "attributes": [
        {
          "key": "Color",
          "value": "SeaGreen"
        },
        {
          "key": "Icon",
          "value": "file-text-o"
        },
        {
          "key": "ActionType",
          "value": "Document"
        },
        {
          "key": "isFolder",
          "value": "false"
        },
        {
          "key": "actionLocation",
          "value": "Requisitions"
        }
      ],
      "behaviours": [],
      "description": null,
      "visibleFrom": null
    },
    {
      "row": 4,
      "name": "QuoteRequests",
      "size": 12,
      "type": "MenuEntry",
      "label": "${Texts.QuoteRequests}",
      "column": 1,
      "elements": [],
      "helpText": null,
      "isHidden": false,
      "attributes": [
        {
          "key": "Color",
          "value": "DarkGray"
        },
        {
          "key": "Icon",
          "value": "file-text"
        },
        {
          "key": "ActionType",
          "value": "GenericEntity"
        },
        {
          "key": "ActionLocation",
          "value": "QuoteRequests"
        },
        {
          "key": "isFolder",
          "value": "false"
        }
      ],
      "behaviours": [],
      "description": null,
      "visibleFrom": null
    },
    {
      "row": 5,
      "name": "RequisitionsApproval",
      "size": 12,
      "type": "MenuEntry",
      "label": "${Texts.QuotationsApproval}",
      "column": 1,
      "elements": [],
      "helpText": null,
      "isHidden": false,
      "attributes": [
        {
          "key": "actionType",
          "value": "Dashboard"
        },
        {
          "key": "isFolder",
          "value": "false"
        },
        {
          "key": "icon",
          "value": "check-square-o"
        },
        {
          "key": "color",
          "value": "DarkGray"
        },
        {
          "key": "actionLocation",
          "value": "RequisitionsApprovalDashboard"
        }
      ],
      "behaviours": [],
      "description": null,
      "visibleFrom": null
    },
    {
      "row": 6,
      "name": "FinancialApproval",
      "size": 12,
      "type": "MenuEntry",
      "label": "${Texts.FinancialApproval}",
      "column": 1,
      "elements": [],
      "helpText": null,
      "isHidden": false,
      "attributes": [
        {
          "key": "actionType",
          "value": "Dashboard"
        },
        {
          "key": "isFolder",
          "value": "false"
        },
        {
          "key": "actionLocation",
          "value": "FinancialDocumentERPDashboard"
        },
        {
          "key": "icon",
          "value": "check-square-o"
        },
        {
          "key": "color",
          "value": "DarkGray"
        }
      ],
      "behaviours": [],
      "description": null,
      "visibleFrom": null
    },
    {
      "row": 11,
      "name": "TemplateVersion",
      "size": 12,
      "type": "MenuEntry",
      "label": "Template Base Version 1.5.0",
      "column": 1,
      "elements": [],
      "helpText": null,
      "isHidden": true,
      "attributes": [
        {
          "key": "isFolder",
          "value": "false"
        },
        {
          "key": "icon",
          "value": "info"
        },
        {
          "key": "color",
          "value": "DarkGray"
        }
      ],
      "behaviours": [],
      "description": null,
      "visibleFrom": null
    },
    {
      "row": 7,
      "name": "QuotationsHistory",
      "size": 12,
      "type": "MenuEntry",
      "label": "${Texts.QuotationsHistory}",
      "column": 1,
      "elements": [],
      "helpText": null,
      "isHidden": false,
      "attributes": [
        {
          "key": "Color",
          "value": "DarkGray"
        },
        {
          "key": "Icon",
          "value": "archive"
        },
        {
          "key": "ActionType",
          "value": "Dashboard"
        },
        {
          "key": "actionLocation",
          "value": "QuotationsHistoryDashboard"
        }
      ],
      "behaviours": [],
      "description": null,
      "visibleFrom": null
    }
  ],
  "helpText": null,
  "attributes": [
    {
      "key": "Generated",
      "value": "false"
    }
  ],
  "behaviours": [
    {
      "name": "Initialize",
      "type": "Initialize",
      "expression": "if(this._context.authentication.userIsInRole('Administration')){\n\t\t\tthis._metadata.elements.templateVersion.isHidden = false;\n}",
      "description": ""
    }
  ],
  "description": "Menu custom"
}