{
  "name": "ERPEntityTypeSelector",
  "type": "Selector",
  "label": "ERPEntity Type",
  "elements": [
    {
      "row": 1,
      "name": "Supplier",
      "size": 12,
      "type": "SelectorEntry",
      "label": "${Texts.Supplier}",
      "column": 1,
      "elements": [],
      "helpText": null,
      "isHidden": false,
      "attributes": [
        {
          "key": "EnumerationValue",
          "value": "Supplier"
        }
      ],
      "behaviours": [],
      "description": null,
      "visibleFrom": null
    }
  ],
  "helpText": null,
  "attributes": [
    {
      "key": "Enumeration",
      "value": "ERPEntityType"
    }
  ],
  "behaviours": [],
  "description": null
}