{
  "name": "FinancialDocumentERPStateMachineStatesSelector",
  "type": "Selector",
  "label": "Financial Document ERPState Machine States",
  "elements": [
    {
      "row": 1,
      "name": "OnApproval",
      "size": 12,
      "type": "SelectorEntry",
      "label": "${Texts.OnApproval}",
      "column": 1,
      "elements": [],
      "helpText": null,
      "isHidden": false,
      "attributes": [
        {
          "key": "EnumerationValue",
          "value": "OnApproval"
        }
      ],
      "behaviours": [],
      "description": null,
      "visibleFrom": null
    },
    {
      "row": 2,
      "name": "Rejected",
      "size": 12,
      "type": "SelectorEntry",
      "label": "${Texts.Rejected}",
      "column": 1,
      "elements": [],
      "helpText": null,
      "isHidden": false,
      "attributes": [
        {
          "key": "EnumerationValue",
          "value": "Rejected"
        }
      ],
      "behaviours": [],
      "description": null,
      "visibleFrom": null
    },
    {
      "row": 3,
      "name": "Approved",
      "size": 12,
      "type": "SelectorEntry",
      "label": "${Texts.Approved}",
      "column": 1,
      "elements": [],
      "helpText": null,
      "isHidden": false,
      "attributes": [
        {
          "key": "EnumerationValue",
          "value": "Approved"
        }
      ],
      "behaviours": [],
      "description": null,
      "visibleFrom": null
    }
  ],
  "helpText": null,
  "attributes": [
    {
      "key": "Enumeration",
      "value": "FinancialDocumentERPStateMachineStates"
    }
  ],
  "behaviours": [],
  "description": null
}