{
  "name": "FinancialDocumentERPStateMachineOnApprovalDecisionsSelector",
  "type": "Selector",
  "label": "Financial Document ERPState Machine On Approval Decisions",
  "elements": [
    {
      "row": 1,
      "name": "Approve",
      "size": 12,
      "type": "SelectorEntry",
      "label": "${Texts.Approve}",
      "column": 1,
      "elements": [],
      "helpText": null,
      "isHidden": false,
      "attributes": [
        {
          "key": "EnumerationValue",
          "value": "Approve"
        }
      ],
      "behaviours": [],
      "description": null,
      "visibleFrom": null
    },
    {
      "row": 2,
      "name": "Reject",
      "size": 12,
      "type": "SelectorEntry",
      "label": "${Texts.Reject}",
      "column": 1,
      "elements": [],
      "helpText": null,
      "isHidden": false,
      "attributes": [
        {
          "key": "EnumerationValue",
          "value": "Reject"
        }
      ],
      "behaviours": [],
      "description": null,
      "visibleFrom": null
    }
  ],
  "helpText": null,
  "attributes": [
    {
      "key": "Enumeration",
      "value": "FinancialDocumentERPStateMachineOnApprovalDecisions"
    }
  ],
  "behaviours": [],
  "description": null
}