{
  "name": "NotificationLanguagesSelector",
  "type": "Selector",
  "label": "Notification Languages",
  "elements": [
    {
      "row": 1,
      "name": "PTPT",
      "size": 12,
      "type": "SelectorEntry",
      "label": "${Texts.PTPT}",
      "column": 1,
      "elements": [],
      "helpText": null,
      "isHidden": false,
      "attributes": [
        {
          "key": "EnumerationValue",
          "value": "PTPT"
        }
      ],
      "behaviours": [],
      "description": null,
      "visibleFrom": null
    },
    {
      "row": 2,
      "name": "ENUS",
      "size": 12,
      "type": "SelectorEntry",
      "label": "${Texts.ENUS}",
      "column": 1,
      "elements": [],
      "helpText": null,
      "isHidden": false,
      "attributes": [
        {
          "key": "EnumerationValue",
          "value": "ENUS"
        }
      ],
      "behaviours": [],
      "description": null,
      "visibleFrom": null
    }
  ],
  "helpText": null,
  "attributes": [
    {
      "key": "Enumeration",
      "value": "NotificationLanguages"
    }
  ],
  "behaviours": [],
  "description": null
}