{
  "name": "RequisitionTypesChooseSelector",
  "type": "Selector",
  "label": "Requisition Types Choose",
  "elements": [
    {
      "row": 1,
      "name": "InternalRequisition",
      "size": 12,
      "type": "SelectorEntry",
      "label": "${Texts.InternalRequisition}",
      "column": 1,
      "elements": [],
      "helpText": null,
      "isHidden": false,
      "attributes": [
        {
          "key": "EnumerationValue",
          "value": "InternalRequisition"
        }
      ],
      "behaviours": [],
      "description": null,
      "visibleFrom": null
    },
    {
      "row": 2,
      "name": "SupplierOrder",
      "size": 12,
      "type": "SelectorEntry",
      "label": "${Texts.SupplierOrder}",
      "column": 1,
      "elements": [],
      "helpText": null,
      "isHidden": false,
      "attributes": [
        {
          "key": "EnumerationValue",
          "value": "SupplierOrder"
        }
      ],
      "behaviours": [],
      "description": null,
      "visibleFrom": null
    },
    {
      "row": 3,
      "name": "AllDocs",
      "size": 12,
      "type": "SelectorEntry",
      "label": "${Texts.AllDocs}",
      "column": 1,
      "elements": [],
      "helpText": null,
      "isHidden": false,
      "attributes": [
        {
          "key": "EnumerationValue",
          "value": "AllDocs"
        }
      ],
      "behaviours": [],
      "description": null,
      "visibleFrom": null
    }
  ],
  "helpText": null,
  "attributes": [
    {
      "key": "Enumeration",
      "value": "RequisitionTypesChoose"
    }
  ],
  "behaviours": [],
  "description": null
}