{
  "name": "RequisitionsStateMachineDraftDecisionsSelector",
  "type": "Selector",
  "label": "Requisitions State Machine Draft Decisions",
  "elements": [
    {
      "row": 1,
      "name": "Submit",
      "size": 12,
      "type": "SelectorEntry",
      "label": "${Texts.Submit}",
      "column": 1,
      "elements": [],
      "helpText": null,
      "isHidden": false,
      "attributes": [
        {
          "key": "EnumerationValue",
          "value": "Submit"
        }
      ],
      "behaviours": [],
      "description": null,
      "visibleFrom": null
    }
  ],
  "helpText": null,
  "attributes": [
    {
      "key": "Enumeration",
      "value": "RequisitionsStateMachineDraftDecisions"
    }
  ],
  "behaviours": [],
  "description": null
}