{
  "name": "ApprovalProfilesUpdateERP",
  "dataSource": "Primavera",
  "expression": "            var dto = JsonConvert.DeserializeObject<ApprovalProfilesDto>(JsonConvert.SerializeObject(await Helpers.Helpers.getArgValueAsync(context, args, \"entity\")));\r\n\r\n            if (dto == null)\r\n                await Helpers.Helpers.SendErrorAsync(context, \"ErrorDTOConvert\", new object[] { \"ApprovalProfilesDto\" });\r\n\r\n            var settingsDto = await Cache.SettingsCache.GetSettingsAsync(context);\r\n\r\n            var database = \"OMNIA_\" + settingsDto.DatabaseSuffix;\r\n\r\n            var sql = \"\";\r\n\r\n            if (args.ContainsKey(\"delete\"))\r\n                sql = \"Delete from \" + database + @\".dbo.PortalComprasApprovalProfiles where ApprovalProfile = @ApprovalProfile\";\r\n            else\r\n                sql = @\"\r\n            if Exists(Select ApprovalProfile from \" + database + @\".dbo.PortalComprasApprovalProfiles where ApprovalProfile = @ApprovalProfile)\r\n            begin\r\n                Update \" + database + @\".dbo.PortalComprasApprovalProfiles\r\n                    set ApprovalProfileName = @ApprovalProfileName\r\n                        ,Approver = @Approver\r\n                        ,ApproverName = @ApproverName\r\n                where ApprovalProfile = @ApprovalProfile\r\n            end\r\n            else\r\n            begin\r\n                insert into \" + database + @\".dbo.PortalComprasApprovalProfiles(ApprovalProfile,ApprovalProfileName,Approver,ApproverName) values(@ApprovalProfile,@ApprovalProfileName,@Approver,@ApproverName)\r\n            end\r\n    \";\r\n\r\n            ErpBS erpBs = await ERP.ErpBSFactory.GetErpBsAsync(context);\r\n            using (var adp = erpBs.DSO.BDAPL.CreateCommand())\r\n            {\r\n                adp.CommandText = sql;\r\n                var ApprovalProfilePAM = adp.CreateParameter();\r\n                ApprovalProfilePAM.ParameterName = \"ApprovalProfile\";\r\n                ApprovalProfilePAM.Value = dto._code;\r\n                adp.Parameters.Add(ApprovalProfilePAM);\r\n\r\n                var ApprovalProfileNamePAM = adp.CreateParameter();\r\n                ApprovalProfileNamePAM.ParameterName = \"ApprovalProfileName\";\r\n                ApprovalProfileNamePAM.Value = string.IsNullOrEmpty(dto._name) ? \"\" : dto._name;\r\n                adp.Parameters.Add(ApprovalProfileNamePAM);\r\n\r\n                var ApproverPAM = adp.CreateParameter();\r\n                ApproverPAM.ParameterName = \"Approver\";\r\n                ApproverPAM.Value = string.IsNullOrEmpty(dto.Approver) ? \"\" : dto.Approver;\r\n                adp.Parameters.Add(ApproverPAM);\r\n\r\n                var ApproverNamePAM = adp.CreateParameter();\r\n                ApproverNamePAM.ParameterName = \"ApproverName\";\r\n                ApproverNamePAM.Value = string.IsNullOrEmpty(dto._name) ? \"\" : dto._name;\r\n                adp.Parameters.Add(ApproverNamePAM);\r\n\r\n                await adp.ExecuteNonQueryAsync();\r\n            }\r\n\r\n            return new Dictionary<string, object>() { { \"message\", \"sucesso\" } };",
  "description": "",
  "executionLocation": "External",
  "behaviourNamespaces": [
    {
      "name": "ErpBS100",
      "description": "",
      "executionLocation": "External",
      "fullyQualifiedName": "ErpBS100"
    },
    {
      "name": "SystemNetHttp",
      "description": "",
      "executionLocation": "External",
      "fullyQualifiedName": "System.Net.Http"
    }
  ]
}