{
  "name": "CloseERPRequisition",
  "dataSource": "Primavera",
  "expression": "            RequisitionsDto dto;\r\n            Dictionary<string, object> results = new Dictionary<string, object>();\r\n            ErpBS erpBS = null;\r\n            bool transactionOpened = false;\r\n            try\r\n            {\r\n                dto = JsonConvert.DeserializeObject<RequisitionsDto>(JsonConvert.SerializeObject(args[\"requisitions\"]));\r\n\r\n                if (dto == null)\r\n                    await Helpers.Helpers.SendErrorAsync(context, \"ErrorDTOConvert\", new object[] { \"RequisitionsDto\" });\r\n\r\n                if (string.IsNullOrEmpty(dto.DocumentoERP))\r\n                    await Helpers.Helpers.SendErrorAsync(context, \"ErrorERPDocumentRequire\", new object[] { dto._code });\r\n\r\n                string[] documentoERP = dto.DocumentoERP.Split('.').ToArray();\r\n\r\n                //Abrir Empresa\r\n                erpBS = await ERP.ErpBSFactory.GetErpBsAsync(context);\r\n\r\n                IntBEDocumentoInterno documentoInterno = erpBS.Internos.Documentos.Edita(documentoERP[0], Convert.ToInt32(documentoERP[2]), documentoERP[1], \"000\");\r\n\r\n                if (documentoInterno == null)\r\n                    await Helpers.Helpers.SendErrorAsync(context, \"DocumentoERPNotFound\", new object[] { dto.DocumentoERP });\r\n\r\n                if (documentoInterno.Estado != \"F\")\r\n                {\r\n                    erpBS.IniciaTransaccao();\r\n                    transactionOpened = true;\r\n\r\n                    documentoInterno.Fechado = true;\r\n\r\n                    erpBS.Internos.Documentos.Actualiza(documentoInterno);\r\n\r\n                    erpBS.TerminaTransaccao();\r\n                    transactionOpened = false;\r\n                }\r\n            }\r\n            catch (Exception ex)\r\n            {\r\n                if (transactionOpened)\r\n                    erpBS.DesfazTransaccao();\r\n                await Helpers.Helpers.SendErrorAsync(context, \"ErpIntegrationFailed\", new object[] { ex.Message });\r\n            }\r\n            return results;",
  "description": "",
  "executionLocation": "External",
  "behaviourNamespaces": [
    {
      "name": "ErpBS100",
      "description": "",
      "executionLocation": "External",
      "fullyQualifiedName": "ErpBS100"
    },
    {
      "name": "IntBE100",
      "description": "",
      "executionLocation": "External",
      "fullyQualifiedName": "IntBE100"
    }
  ]
}