{
  "name": "CompanyUpdateERP",
  "dataSource": "Primavera",
  "expression": "            var dto = JsonConvert.DeserializeObject<CompanyDto>(JsonConvert.SerializeObject(await Helpers.Helpers.getArgValueAsync(context, args, \"entity\")));\r\n            if (dto == null)\r\n                await Helpers.Helpers.SendErrorAsync(context, \"ErrorDTOConvert\", new object[] { \"CompanyDto\" });\r\n\r\n            var settingsDto = await Cache.SettingsCache.GetSettingsAsync(context);\r\n\r\n            var database = \"OMNIA_\" + settingsDto.DatabaseSuffix;\r\n\r\n            var sql = \"\";\r\n\r\n            if (args.ContainsKey(\"delete\"))\r\n                sql = \"Delete from \" + database + @\".dbo.PortalComprasCompanies where Company = @Company\";\r\n            else\r\n                sql = @\"\r\n            if Exists(Select Company from \" + database + @\".dbo.PortalComprasCompanies where Company = @Company)\r\n            begin\r\n                Update \" + database + @\".dbo.PortalComprasCompanies\r\n                    set Primavera = @Primavera\r\n                        ,PurchasingManager = @PurchasingManager\r\n                        ,PurchasingManagerName = @PurchasingManagerName\r\n                where Company = @Company\r\n            end\r\n            else\r\n            begin\r\n                insert into \" + database + @\".dbo.PortalComprasCompanies(Company,Primavera,PurchasingManager,PurchasingManagerName) values(@Company,@Primavera,@PurchasingManager,@PurchasingManagerName)\r\n            end\r\n    \";\r\n\r\n            ErpBS erpBs = await ERP.ErpBSFactory.GetErpBsAsync(context);\r\n            using (var adp = erpBs.DSO.BDAPL.CreateCommand())\r\n            {\r\n                adp.CommandText = sql;\r\n                var Pam1 = adp.CreateParameter();\r\n                Pam1.ParameterName = \"Company\";\r\n                Pam1.Value = dto._code;\r\n                adp.Parameters.Add(Pam1);\r\n                var Pam2 = adp.CreateParameter();\r\n                Pam2.ParameterName = \"Primavera\";\r\n                Pam2.Value = string.IsNullOrEmpty(dto.Primavera) ? \"\" : dto.Primavera;\r\n                adp.Parameters.Add(Pam2);\r\n                var Pam3 = adp.CreateParameter();\r\n                Pam3.ParameterName = \"PurchasingManager\";\r\n                Pam3.Value = string.IsNullOrEmpty(dto.PurchasingManager) ? \"\" : dto.PurchasingManager;\r\n                adp.Parameters.Add(Pam3);\r\n                var Pam4 = adp.CreateParameter();\r\n                Pam4.ParameterName = \"PurchasingManagerName\";\r\n                Pam4.Value = string.IsNullOrEmpty(dto.PurchasingManagerName) ? \"\" : dto.PurchasingManagerName;\r\n                adp.Parameters.Add(Pam4);\r\n                await adp.ExecuteNonQueryAsync();\r\n            }\r\n            return new Dictionary<string, object>() { { \"message\", \"sucesso\" } };",
  "description": "",
  "executionLocation": "External",
  "behaviourNamespaces": [
    {
      "name": "ErpBS100",
      "description": "",
      "executionLocation": "External",
      "fullyQualifiedName": "ErpBS100"
    },
    {
      "name": "SystemNetHttp",
      "description": "",
      "executionLocation": "External",
      "fullyQualifiedName": "System.Net.Http"
    }
  ]
}