{
  "name": "EnsureSuccessApiResult",
  "dataSource": "System",
  "expression": "            if (args == null || !args.ContainsKey(\"requestResult\"))\r\n                Helpers.Helpers.SendError(context, \"ArgumentNotSpecified\", new object[] { \"requestResult\" });\r\n\r\n            var message = args.ContainsKey(\"message\") ? args[\"message\"].ToString() : \"\";\r\n\r\n            await Helpers.Helpers.EnsureSuccessApiResultAsync(context, (HttpResponseMessage)args[\"requestResult\"], message);\r\n\r\n            return new Dictionary<string, object>();",
  "description": "Ensure that an API request has been executed with success.\nThe request receives an argument \"requestResult\" and throws an exception in case of error.",
  "executionLocation": "Internal",
  "behaviourNamespaces": [
    {
      "name": "SystemNetHttp",
      "description": "",
      "executionLocation": "Internal",
      "fullyQualifiedName": "System.Net.Http"
    }
  ]
}