{
  "name": "GetEmployeeContactEmail",
  "dataSource": "System",
  "expression": "            string employeeCode = String.Empty;\r\n\r\n            if (!args.ContainsKey(\"Employee\"))\r\n                throw new Exception(SystemApplicationBehaviours.System_GetText(new Dictionary<string, object>{\r\n                \t{\"name\",\"ArgumentNotSpecified\"},\r\n                \t{\"language\",context.Operation.Language},\r\n                \t{\"parameters\",new object[]{\"Employee\"}}\r\n                })[\"text\"].ToString());\r\n            else\r\n                employeeCode = args[\"Employee\"].ToString();\r\n            var httpClient = context.CreateApplicationHttpClient();\r\n            var requestResult = httpClient.PostAsJsonAsync(\"queries/EmployeeContactEmail/Default\", new\r\n            {\r\n                Filter = new\r\n                {\r\n                    Property = \"_code\",\r\n                    Value = employeeCode\r\n                }\r\n            }\r\n\r\n            ).Result;\r\n            if (requestResult.IsSuccessStatusCode)\r\n            {\r\n                List<Dictionary<string, object>> result = requestResult.Content.ReadAsAsync<List<Dictionary<string, object>>>().Result;\r\n                return new Dictionary<string, object>()\r\n                {{\"ContactEmail\", result.FirstOrDefault()[\"contactemail\"].ToString()},\r\n                {\"Username\", result.FirstOrDefault()[\"username\"].ToString()}};\r\n            }\r\n            else\r\n            {\r\n                var message = SystemApplicationBehaviours.System_GetText(new Dictionary<string, object>{\r\n                    {\"name\",\"CantGetEmployeeContact\"},\r\n                    {\"language\",context.Operation.Language}\r\n                });\r\n                throw new Exception(message[\"text\"]?.ToString());\r\n            }",
  "description": "",
  "executionLocation": "Internal",
  "behaviourNamespaces": [
    {
      "name": "SystemNetHttp",
      "description": "",
      "executionLocation": "Internal",
      "fullyQualifiedName": "System.Net.Http"
    }
  ]
}