{
  "name": "getLogsOMNIAAPI",
  "dataSource": "System",
  "expression": "var result = new Dictionary<string, object>();\r\nvar files = new List<string>();\r\nvar file = \"webapi\";\r\nvar Folder = \"/var/log/omnia/\";\r\n\r\nif (args.ContainsKey(\"op\") && (new[] { \"webapi\", \"behavioursserver\", \"behavioursmanager\", \"tenant\", \"identity\" }).Contains(args[\"op\"].ToString().ToLower()))\r\n    file = args[\"op\"].ToString();\r\n\r\nif (Directory.Exists(Folder))\r\n{\r\n    DirectoryInfo dir = new DirectoryInfo(Folder);\r\n    dir.GetFiles($\"{file}*.*\", SearchOption.AllDirectories).OrderByDescending(f => f.CreationTime).ToList().ForEach(r => { files.Add(r.FullName); });\r\n\r\n    if(files.Count > 0){\r\n        byte[] buffer = Encoding.UTF8.GetBytes(File.ReadAllText(files[0]));\r\n        MemoryStream ms = new MemoryStream();\r\n        using (GZipStream zip = new GZipStream(ms, CompressionMode.Compress, true)){zip.Write(buffer, 0, buffer.Length); }\r\n\r\n        ms.Position = 0;\r\n        MemoryStream outStream = new MemoryStream();\r\n\r\n        byte[] compressed = new byte[ms.Length];\r\n        ms.Read(compressed, 0, compressed.Length);\r\n\r\n        byte[] gzBuffer = new byte[compressed.Length + 4];\r\n        Buffer.BlockCopy(compressed, 0, gzBuffer, 4, compressed.Length);\r\n        Buffer.BlockCopy(BitConverter.GetBytes(buffer.Length), 0, gzBuffer, 0, 4);\r\n\r\n        result.Add(\"file\",Convert.ToBase64String(gzBuffer));\r\n    }\r\n}\r\nelse\r\n{\r\n    result.Add(\"error\",\"Folder not found\");\r\n}\r\n\r\nreturn result;",
  "description": "",
  "executionLocation": "Internal",
  "behaviourNamespaces": [
    {
      "name": "SystemIO",
      "description": "",
      "executionLocation": "Internal",
      "fullyQualifiedName": "System.IO"
    },
    {
      "name": "SystemText",
      "description": "",
      "executionLocation": "Internal",
      "fullyQualifiedName": "System.Text"
    },
    {
      "name": "SystemIOCompression",
      "description": "",
      "executionLocation": "Internal",
      "fullyQualifiedName": "System.IO.Compression"
    }
  ]
}