{
  "name": "GetMyEmployeeCodesString",
  "dataSource": "Primavera",
  "expression": "            var cache = context.CreateCacheClient();\r\n            var CachKey = $\"GetMyEmployeeCodesString{context.Authentication.Username}\";\r\n            var ListaCach = await cache.GetAsync<IDictionary<string, object>>($\"Lista{CachKey}\");\r\n            var DateCach = await cache.GetAsync<DateTime>($\"Date{CachKey}\");\r\n\r\n            if (ListaCach != null && DateCach > DateTime.Now)\r\n                return ListaCach;\r\n\r\n            var httpClient = context.CreateApplicationHttpClient();\r\n            var requestResult = await httpClient.PostAsJsonAsync(\"Queries/GetMyEmployeeCodes/Default\", new\r\n            {\r\n                Parameters = new List<object> { new { Name = \"datasource\", Value = context.Operation.DataSource } }\r\n            });\r\n\r\n            if (!requestResult.IsSuccessStatusCode)\r\n                await Helpers.Helpers.SendErrorAsync(context, \"QueryExecuteErrorStatus\", new object[] { \"GetMyEmployeeCodes\", requestResult.StatusCode, await requestResult.Content.ReadAsStringAsync() });\r\n\r\n            var result = await requestResult?.Content?.ReadAsAsync<List<Dictionary<string, object>>>();\r\n            if (result == null || result.Count == 0)\r\n                return new Dictionary<string, object>();\r\n\r\n            var codigos = \"'\" + string.Join(\"','\", (from x in result select x[\"code\"].ToString()).Distinct().ToList()) + \"'\";\r\n\r\n            var lstResult = new Dictionary<string, object>();\r\n            lstResult.Add(\"lista\", codigos);\r\n            ListaCach = lstResult;\r\n            await cache.SetAsync($\"Lista{CachKey}\", ListaCach);\r\n            await cache.SetAsync($\"Date{CachKey}\", DateTime.Now.AddSeconds(300));\r\n            return ListaCach;",
  "description": "",
  "executionLocation": "External",
  "behaviourNamespaces": [
    {
      "name": "SystemNetHttp",
      "description": "",
      "executionLocation": "External",
      "fullyQualifiedName": "System.Net.Http"
    }
  ]
}