{
  "name": "GetUsernameEmployee",
  "dataSource": "Primavera",
  "expression": "            var httpClient = context.CreateApplicationHttpClient();\r\n            var requestResult = await httpClient.PostAsJsonAsync(\"Queries/GetUsernameEmployeeQuery/Default?page=1&pageSize=1\", new\r\n            {\r\n                Parameters = new List<object> { new { Name = \"datasource\", Value = context.Operation.DataSource } }\r\n            });\r\n\r\n            if (!requestResult.IsSuccessStatusCode)\r\n                await Helpers.Helpers.SendErrorAsync(context, \"QueryExecuteErrorStatus\", new object[] { \"GetUsernameEmployeeQuery\", requestResult.StatusCode, await requestResult.Content.ReadAsStringAsync() });\r\n\r\n            var result = await requestResult?.Content?.ReadAsAsync<List<Dictionary<string, object>>>();\r\n            if (result == null || result.Count == 0)\r\n                await Helpers.Helpers.SendErrorAsync(context, \"EmployeeNotFound\");\r\n\r\n            return result[0];",
  "description": "",
  "executionLocation": "External",
  "behaviourNamespaces": [
    {
      "name": "SystemNetHttp",
      "description": "",
      "executionLocation": "External",
      "fullyQualifiedName": "System.Net.Http"
    }
  ]
}