{
  "name": "GetUsernameOUString",
  "dataSource": "Primavera",
  "expression": "            var httpClient = context.CreateApplicationHttpClient();\r\n            var requestResult = await httpClient.PostAsJsonAsync(\"Queries/OUManagerByMeQuery/Default\", new\r\n            {\r\n                Parameters = new List<object> { new { Name = \"datasource\", Value = context.Operation.DataSource } }\r\n            });\r\n\r\n            if (!requestResult.IsSuccessStatusCode)\r\n                await Helpers.Helpers.SendErrorAsync(context, \"QueryExecuteErrorStatus\", new object[] { \"OUManagerByMeQuery\", requestResult.StatusCode, await requestResult.Content.ReadAsStringAsync() });\r\n\r\n            var result = await requestResult?.Content?.ReadAsAsync<List<Dictionary<string, object>>>();\r\n            if (result == null || result.Count == 0)\r\n                return new Dictionary<string, object>();\r\n\r\n            var lista = (from x in result select x[\"_code\"].ToString()).ToList();\r\n\r\n            var lstResult = new Dictionary<string, object>();\r\n            lstResult.Add(\"lista\", \"'\" + string.Join(\"','\", lista) + \"'\");\r\n            return lstResult;",
  "description": "Devolve uma string com a lista dos códigos das unidades organizacionais separados por \",\" para ser utilizado nas querys de consulta à base de dados.",
  "executionLocation": "External",
  "behaviourNamespaces": [
    {
      "name": "SystemNetHttp",
      "description": "",
      "executionLocation": "External",
      "fullyQualifiedName": "System.Net.Http"
    }
  ]
}