{
  "name": "NewFinancialDocumentNotification",
  "dataSource": "Primavera",
  "expression": "            var httpClient = context.CreateApplicationHttpClient();\r\n            var dataSource = \"Default\";\r\n            var Approver = Convert.ToString(await Helpers.Helpers.getArgValueAsync(context, args, \"approver\"));\r\n            var Username = \"\";\r\n            var ContactEmail = \"\";\r\n            var NotificationLanguage = \"\";\r\n            var Entidade = Convert.ToString(await Helpers.Helpers.getArgValueAsync(context, args, \"entidade\"));\r\n            var Code = Convert.ToString(await Helpers.Helpers.getArgValueAsync(context, args, \"code\"));\r\n            var CDU_OrganizationalUnit = Convert.ToString(await Helpers.Helpers.getArgValueAsync(context, args, \"organizationalunit\"));\r\n            var DataDoc = Convert.ToString(await Helpers.Helpers.getArgValueAsync(context, args, \"data\"));\r\n            var CDU_Autor = Convert.ToString(await Helpers.Helpers.getArgValueAsync(context, args, \"author\"));\r\n            var CDU_Comment = \"\";\r\n            var To = \"\";\r\n            var Body = \"\";\r\n            var Subject = \"\";\r\n            var returnMessage = \"\";\r\n\r\n            var requestEmployeeResult = await httpClient.PostAsJsonAsync(\"Queries/EmployeeContactEmail/Default?page=1&pageSize=1\", new { Filter = new { property = \"_code\", Value = Approver } });\r\n\r\n            if (!requestEmployeeResult.IsSuccessStatusCode)\r\n                await Helpers.Helpers.SendErrorAsync(context, \"QueryExecuteErrorStatus\", new object[] { \"EmployeeContactEmail\", requestEmployeeResult.StatusCode, await requestEmployeeResult.Content.ReadAsStringAsync() });\r\n\r\n            var resultEmployee = await requestEmployeeResult?.Content?.ReadAsAsync<List<Dictionary<string, object>>>();\r\n            if (resultEmployee != null && resultEmployee.Count > 0)\r\n            {\r\n                ContactEmail = resultEmployee.First()[\"contactemail\"].ToString();\r\n                Username = resultEmployee.First()[\"username\"].ToString();\r\n                if (resultEmployee.First()[\"notificationlanguage\"] != null)\r\n                    NotificationLanguage = resultEmployee.First()[\"notificationlanguage\"].ToString();\r\n            }\r\n\r\n\r\n            //*********************************************************************\r\n            //Gerar e enviar email\r\n            To = string.IsNullOrEmpty(ContactEmail) ? Username : ContactEmail;\r\n\r\n            if (!string.IsNullOrEmpty(To))\r\n            {\r\n                var language = context.Operation.Language;\r\n                language = context.Operation.Language == \"en-US\" ? \"EN\" : \"PT\";\r\n                language = ValidateNotificationLanguage(language, NotificationLanguage);\r\n                var Template = \"FinancialDocWaitMyVal\";\r\n                var dto = $@\"\r\n                {{\r\n                    \"\"_code\"\": \"\"{Code}\"\",\r\n                    \"\"Supplier\"\": \"\"{Entidade}\"\",\r\n                    \"\"OrganizationalUnit\"\": \"\"{CDU_OrganizationalUnit}\"\",\r\n                    \"\"Date\"\": \"\"{DataDoc}\"\",\r\n                    \"\"Author\"\": \"\"{CDU_Autor}\"\",\r\n                    \"\"Note\"\": \"\"{CDU_Comment}\"\"\r\n                }}\r\n                \";\r\n                var RequestTemplateResult = await httpClient.PostAsync($\"TextTemplates/{Template}Body{language}\", JsonConvert.DeserializeObject(dto));\r\n                if (!RequestTemplateResult.IsSuccessStatusCode)\r\n                    await Helpers.Helpers.SendErrorAsync(context, \"TransformTemplateError\", new object[] { $\"{Template}Body{language}\" });\r\n\r\n                Body = await RequestTemplateResult.Content.ReadAsStringAsync();\r\n\r\n                RequestTemplateResult = await httpClient.PostAsync($\"TextTemplates/{Template}Subject{language}\", JsonConvert.DeserializeObject(dto));\r\n                if (!RequestTemplateResult.IsSuccessStatusCode)\r\n                    await Helpers.Helpers.SendErrorAsync(context, \"TransformTemplateError\", new object[] { $\"{Template}Subject{language}\" });\r\n\r\n                Subject = await RequestTemplateResult.Content.ReadAsStringAsync();\r\n\r\n                (bool notificationSendResult, string notificationSendDetails) = await Helpers.Helpers.SendEmail(context, To, Subject, Body, dataSource);\r\n\r\n                if (notificationSendResult)\r\n                {\r\n                    if (!string.IsNullOrEmpty(notificationSendDetails))\r\n                        returnMessage += Environment.NewLine + notificationSendDetails;\r\n                }\r\n                else\r\n                    returnMessage += Environment.NewLine + await Helpers.Helpers.GetTextAsync(context, \"CantSendEmails\", new object[] { notificationSendDetails });\r\n            }\r\n            else\r\n                await Helpers.Helpers.SendErrorAsync(context, \"EmailNotSent\");\r\n\r\n            Dictionary<string, object> results = new Dictionary<string, object>();\r\n\r\n            string ValidateNotificationLanguage(string currentLang, string empLang)\r\n            {\r\n                switch (empLang)\r\n                {\r\n                    case \"PTPT\":\r\n                        currentLang = \"PT\";\r\n                        break;\r\n                    case \"ENUS\":\r\n                        currentLang = \"EN\";\r\n                        break;\r\n                    default:\r\n                        break;\r\n                }\r\n                return currentLang;\r\n            }\r\n\r\n            return results;",
  "description": "",
  "executionLocation": "External",
  "behaviourNamespaces": [
    {
      "name": "SystemNetMail",
      "description": "",
      "executionLocation": "External",
      "fullyQualifiedName": "System.Net.Mail"
    },
    {
      "name": "SystemNet",
      "description": "",
      "executionLocation": "External",
      "fullyQualifiedName": "System.Net"
    },
    {
      "name": "SystemNetHttp",
      "description": "",
      "executionLocation": "External",
      "fullyQualifiedName": "System.Net.Http"
    }
  ]
}