{
  "name": "NewQuoteRequestNotification",
  "dataSource": "Primavera",
  "expression": "            string quoterequests = Convert.ToString(await Helpers.Helpers.getArgValueAsync(context, args, \"quoterequests\"));\r\n            string suppliercode = \"\";\r\n\r\n            if (args.ContainsKey(\"supplier\"))\r\n                suppliercode = args[\"supplier\"].ToString();\r\n\r\n            var httpClient = context.CreateApplicationHttpClient();\r\n            var dataSource = \"Default\";\r\n            HttpResponseMessage requestResult = null;\r\n            if (string.IsNullOrEmpty(suppliercode))\r\n            {\r\n                requestResult = await httpClient.PostAsJsonAsync($\"Queries/ExternalUsersCompaniesQuery/{dataSource}?pageSize=100\",\r\n                   new\r\n                   {\r\n                       Parameters = new List<object> {\r\n                           new { Name = \"type\", Value = \"Supplier\" },\r\n                           new { Name = \"datasource\", Value = context.Operation.DataSource }\r\n                       }\r\n                   });\r\n            }\r\n            else\r\n            {\r\n                requestResult = await httpClient.PostAsJsonAsync($\"Queries/ExternalUsersCompaniesQuery/{dataSource}?pageSize=100\",\r\n                   new\r\n                   {\r\n                       Filter = new { Property = \"erpcode\", Value = suppliercode },\r\n                       Parameters = new List<object> {\r\n                           new { Name = \"type\", Value = \"Supplier\" },\r\n                           new { Name = \"datasource\", Value = context.Operation.DataSource } }\r\n                   }\r\n               );\r\n            }\r\n\r\n\r\n            if (!requestResult.IsSuccessStatusCode)\r\n                await Helpers.Helpers.SendErrorAsync(context, \"QueryExecuteError\", new object[] { \"ExternalUsersCompaniesQuery\" });\r\n\r\n            var result = await requestResult.Content.ReadAsAsync<List<Dictionary<string, object>>>();\r\n\r\n            var To = \"\";\r\n            var Subject = quoterequests;\r\n            var Body = quoterequests;\r\n            if (result != null && result.Count > 0)\r\n                foreach (var supplier in result)\r\n                {\r\n                    To = string.IsNullOrEmpty(supplier[\"contactemail\"].ToString()) ? supplier[\"username\"].ToString() : supplier[\"contactemail\"].ToString();\r\n                    var language = context.Operation.Language;\r\n                    language = context.Operation.Language == \"en-US\" ? \"EN\" : \"PT\";\r\n                    //language = \"PT\";\r\n                    language = ValidateNotificationLanguage(language, supplier[\"notificationlanguage\"]?.ToString());\r\n\r\n                    var Template = \"NewQuoteRequests\";\r\n                    var dto = $@\"\r\n                    {{\r\n                        \"\"_code\"\": \"\"{quoterequests}.{suppliercode}\"\",\r\n                        \"\"DataSource\"\": \"\"{context.Operation.DataSource}\"\"\r\n                    }}\r\n                    \";\r\n                    var RequestTemplateResult = await httpClient.PostAsync($\"TextTemplates/{Template}Body{language}\", JsonConvert.DeserializeObject(dto));\r\n                    if (!RequestTemplateResult.IsSuccessStatusCode)\r\n                        await Helpers.Helpers.SendErrorAsync(context, \"TransformTemplateError\", new object[] { $\"{Template}Body{language}\" });\r\n\r\n                    Body = await RequestTemplateResult.Content.ReadAsStringAsync();\r\n\r\n                    RequestTemplateResult = await httpClient.PostAsync($\"TextTemplates/{Template}Subject{language}\", JsonConvert.DeserializeObject(dto));\r\n                    if (!RequestTemplateResult.IsSuccessStatusCode)\r\n                        await Helpers.Helpers.SendErrorAsync(context, \"TransformTemplateError\", new object[] { $\"{Template}Subject{language}\" });\r\n\r\n                    Subject = await RequestTemplateResult.Content.ReadAsStringAsync();\r\n\r\n                    (bool notificationSendResult, string notificationSendDetails) = await Helpers.Helpers.SendEmail(context, To, Subject, Body, dataSource);\r\n\r\n                    if (!notificationSendResult)\r\n                        await Helpers.Helpers.SendErrorAsync(context, \"CantSendEmails\", new object[] { notificationSendDetails });\r\n                };\r\n\r\n\r\n            return new Dictionary<string, object>();\r\n\r\n            string ValidateNotificationLanguage(string currentLang, string empLang)\r\n            {\r\n                switch (empLang)\r\n                {\r\n                    case \"PTPT\":\r\n                        currentLang = \"PT\";\r\n                        break;\r\n                    case \"ENUS\":\r\n                        currentLang = \"EN\";\r\n                        break;\r\n                    default:\r\n                        break;\r\n                }\r\n                return currentLang;\r\n            }",
  "description": "",
  "executionLocation": "External",
  "behaviourNamespaces": [
    {
      "name": "SystemNetHttp",
      "description": "",
      "executionLocation": "External",
      "fullyQualifiedName": "System.Net.Http"
    }
  ]
}