{
  "name": "Primavera_ClearConnectionCache",
  "dataSource": "Primavera",
  "expression": "            if (!args.ContainsKey(\"database\"))\r\n                throw new ArgumentNullException(\"Database was not sent\");\r\n\r\n            if (!args.ContainsKey(\"instance\"))\r\n                throw new ArgumentNullException(\"Database Instance was not sent\");\r\n\r\n            if (!context.Authentication.UserIsInRole(\"Administration\"))\r\n                throw new InvalidOperationException(\"Forbidden\");\r\n\r\n            await ERP.Connection.RemoveConnectionStringAsync(context, args[\"database\"].ToString(), args[\"instance\"].ToString());\r\n\r\n            return new Dictionary<string, object>() { };",
  "description": "",
  "executionLocation": "External",
  "behaviourNamespaces": []
}