{
  "name": "Primavera_EnsureSuccessApiResult",
  "dataSource": "Primavera",
  "expression": "            var requestResult = (HttpResponseMessage) await Helpers.Helpers.getArgValueAsync(context, args, \"requestResult\");\r\n\r\n            await Helpers.Helpers.EnsureSuccessApiResultAsync(requestResult, context);\r\n\r\n            return null;",
  "description": "Ensure that an API request has been executed with success.\nThe request receives an argument \"requestResult\" and throws an exception in case of error.\t\t\t",
  "executionLocation": "External",
  "behaviourNamespaces": [
    {
      "name": "NetHttp",
      "description": "",
      "executionLocation": "External",
      "fullyQualifiedName": "System.Net.Http"
    }
  ]
}