{
  "name": "Primavera_GetReqSupplierOrders",
  "dataSource": "Primavera",
  "expression": "            Dictionary<string, object> resultReturn = new Dictionary<string, object>();\r\n            List<RequisitionsOrderItemDto> listItemsDto = new List<RequisitionsOrderItemDto>();\r\n\r\n            ErpBS bsERP = new ErpBS();\r\n            string company = string.Empty;\r\n            string omniaCode = string.Empty;\r\n\r\n            try\r\n            {\r\n                var httpClient = context.CreateApplicationHttpClient();\r\n\r\n                company = Convert.ToString(await Helpers.Helpers.getArgValueAsync(context, args, \"company\"));\r\n                omniaCode = Convert.ToString(await Helpers.Helpers.getArgValueAsync(context, args, \"omniaCode\"));\r\n\r\n                bsERP = await ERP.ErpBSFactory.GetErpBsAsync(context, company);\r\n\r\n                StdBELista requisitionsSupplierOrders = bsERP.Consulta($\"SELECT CONCAT(CC.TipoDoc,'.',CC.Serie,'.',CC.NumDoc) as Documento, ISNULL(CC.Entidade, ' ') as Entidade, F.Nome, CC.Filial \" +\r\n                    $\"FROM CabecCompras CC \" +\r\n                    $\"LEFT JOIN Fornecedores F ON F.Fornecedor = CC.Entidade \" +\r\n                    $\"INNER JOIN DocumentosCompra DC WITH(NOLOCK) ON DC.Documento = CC.TipoDoc \" +\r\n                    $\"WHERE DC.TipoDocumento = 2 AND CC.CDU_CodOmnia = '{omniaCode}'\");\r\n                List<object> erpRequisitionsSupplierOrders = new List<object>();\r\n\r\n                if (requisitionsSupplierOrders != null)\r\n                {\r\n                    if (!requisitionsSupplierOrders.Vazia())\r\n                    {\r\n                        while (!requisitionsSupplierOrders.NoFim())\r\n                        {\r\n                            RequisitionsOrderItemDto orderDto = new RequisitionsOrderItemDto()\r\n                            {\r\n                                _code = requisitionsSupplierOrders.Valor(\"Documento\").ToString(),\r\n                                _name = requisitionsSupplierOrders.Valor(\"Entidade\").ToString(),\r\n                                _description = requisitionsSupplierOrders.Valor(\"Nome\").ToString(),\r\n                                filial = requisitionsSupplierOrders.Valor(\"Filial\").ToString()\r\n                            };\r\n\r\n                            listItemsDto.Add(orderDto);\r\n\r\n                            requisitionsSupplierOrders.Seguinte();\r\n                        }\r\n                    }\r\n                }\r\n\r\n                resultReturn.Add(\"reqSupplierOrders\", listItemsDto);\r\n            }\r\n            catch (Exception ex) { await Helpers.Helpers.SendErrorAsync(context, \"CantGetReqSupplierOrders\", new object[] { omniaCode, ex.Message }); }\r\n\r\n            return resultReturn;",
  "description": "",
  "executionLocation": "External",
  "behaviourNamespaces": [
    {
      "name": "ErpBS100",
      "description": "",
      "executionLocation": "External",
      "fullyQualifiedName": "ErpBS100"
    },
    {
      "name": "StdBE100",
      "description": "",
      "executionLocation": "External",
      "fullyQualifiedName": "StdBE100"
    }
  ]
}