{
  "name": "Primavera_SetupDataBase",
  "dataSource": "Primavera",
  "expression": "            ErpBS erpBs = await ERP.ErpBSFactory.GetErpBsAsync(context);\r\n            var settingsDto = await Cache.SettingsCache.GetSettingsAsync(context);\r\n\r\n            var sql = $@\"\";\r\n            foreach (var linha in Regex.Split(sql, \"GO\\r\\n\").ToList())\r\n                if (!string.IsNullOrEmpty(linha))\r\n                    using (var trans = erpBs.DSO.BDAPL.BeginTransaction())\r\n                        try\r\n                        {\r\n                            using (var adp = erpBs.DSO.BDAPL.CreateCommand())\r\n                            {\r\n                                adp.CommandText = linha;\r\n                                adp.Transaction = trans;\r\n                                await adp.ExecuteNonQueryAsync();\r\n                            }\r\n                            trans.Commit();\r\n                        }\r\n                        catch (Exception ex)\r\n                        {\r\n                            if (trans != null)\r\n                                trans.Rollback();\r\n                            throw ex;\r\n                        }\r\n\r\n            return new Dictionary<string, object>() { { \"message\", \"sucesso\" } };",
  "description": "",
  "executionLocation": "External",
  "behaviourNamespaces": [
    {
      "name": "ErpBS100",
      "description": "",
      "executionLocation": "External",
      "fullyQualifiedName": "ErpBS100"
    },
    {
      "name": "SystemTextRegularExpressions",
      "description": "",
      "executionLocation": "External",
      "fullyQualifiedName": "System.Text.RegularExpressions"
    },
    {
      "name": "SystemNetHttp",
      "description": "",
      "executionLocation": "External",
      "fullyQualifiedName": "System.Net.Http"
    }
  ]
}