{
  "name": "Primavera_PreencheCotacaoERP",
  "dataSource": "Primavera",
  "expression": "            var logger = context.Services.GetService<ILogger<Context>>();\r\n            logger.LogInformation(\"Primavera_PreencheCotacaoERP: Iniciou\");\r\n            QuoteRequestsDto dto;\r\n\r\n            Dictionary<string, object> results = new Dictionary<string, object>();\r\n\r\n            ErpBS erpBS = null;\r\n\r\n            try\r\n            {\r\n                dto = JsonConvert.DeserializeObject<QuoteRequestsDto>(JsonConvert.SerializeObject(await Helpers.Helpers.getArgValueAsync(context, args, \"quoteRequests\")));\r\n\r\n                if (dto == null)\r\n                    await Helpers.Helpers.SendErrorAsync(context, \"ErrorDTOConvert\", new object[] { \"QuoteRequestsDto\" });\r\n\r\n                var httpClient = context.CreateApplicationHttpClient();\r\n                var dataSource = context.Operation.DataSource;\r\n\r\n                //Get Company\r\n                var requestCompanyResult = await httpClient.PostAsJsonAsync($\"Queries/CompleteCompanyQuery/{dataSource}?pageSize=1\", new\r\n                {\r\n                    Parameters = new List<object> { new { Name = \"datasource\", Value = dataSource } }\r\n                });\r\n\r\n                if (!requestCompanyResult.IsSuccessStatusCode)\r\n                    await Helpers.Helpers.SendErrorAsync(context, \"QueryExecuteError\", new object[] { \"CompleteCompanyQuery\" });\r\n\r\n                var resultCompany = await requestCompanyResult.Content.ReadAsAsync<List<Dictionary<string, object>>>();\r\n\r\n                if (!resultCompany.First().Keys.Contains(\"documenterpcf\"))\r\n                    await Helpers.Helpers.SendErrorAsync(context, \"ErrorCompanyMissingKey\", new object[] { \"documenterpcf\" });\r\n\r\n                var tipoDocCF = resultCompany.First()[\"documenterpcf\"].ToString();\r\n\r\n                erpBS = await ERP.ErpBSFactory.GetErpBsAsync(context);\r\n\r\n                CmpBEDocumentoCompra documentoCompra = null;\r\n\r\n                documentoCompra = new CmpBEDocumentoCompra();\r\n                documentoCompra.Tipodoc = tipoDocCF;\r\n                logger.LogInformation(\"Primavera_PreencheCotacaoERP: Before DaSerieDefeito\");\r\n                documentoCompra.Serie = erpBS.Base.Series.DaSerieDefeito(\"C\", tipoDocCF, dto.Date.Value);\r\n                logger.LogInformation(\"Primavera_PreencheCotacaoERP: After DaSerieDefeito\");\r\n                if (!string.IsNullOrEmpty(dto.Supplier))\r\n                {\r\n                    documentoCompra.TipoEntidade = \"F\";\r\n                    documentoCompra.Entidade = dto.Supplier;\r\n                    logger.LogInformation(\"Primavera_PreencheCotacaoERP: Before PreencheDadosRelacionados\");\r\n                    erpBS.Compras.Documentos.PreencheDadosRelacionados(documentoCompra);\r\n                    logger.LogInformation(\"Primavera_PreencheCotacaoERP: After PreencheDadosRelacionados\");\r\n                }\r\n                else\r\n                {\r\n                    documentoCompra.Moeda = erpBS.Contexto.MoedaBase;\r\n                    documentoCompra.Cambio = erpBS.Contexto.MBaseCambioCompra;\r\n                }\r\n\r\n                if (dto.SupplierDiscount != -1)\r\n                    documentoCompra.DescFornecedor = Convert.ToDouble(dto.SupplierDiscount);\r\n\r\n                foreach (QuoteRequestItemsDto item in dto.Items)\r\n                {\r\n                    logger.LogInformation(\"Primavera_PreencheCotacaoERP: Before AdicionaLinha\");\r\n                    erpBS.Compras.Documentos.AdicionaLinha(documentoCompra, item._code);\r\n                    logger.LogInformation(\"Primavera_PreencheCotacaoERP: After AdicionaLinha\");\r\n                    //erpBS.Compras.Documentos.AdicionaLinha(documentoCompra, item.Item);\r\n                    documentoCompra.Linhas.GetEdita(documentoCompra.Linhas.NumItens).PrecUnit = Convert.ToDouble(item.AmountSupplier);\r\n                    documentoCompra.Linhas.GetEdita(documentoCompra.Linhas.NumItens).Quantidade = Convert.ToDouble(item.Quantity);\r\n                    documentoCompra.Linhas.GetEdita(documentoCompra.Linhas.NumItens).Desconto1 = Convert.ToSingle(item.Discount);\r\n                    //documentoCompra.Linhas.GetEdita(documentoCompra.Linhas.NumItens).IdLinha = item._code;\r\n                }\r\n\r\n                logger.LogInformation(\"Primavera_PreencheCotacaoERP: Before CalculaValoresTotais\");\r\n                erpBS.Compras.Documentos.CalculaValoresTotais(documentoCompra);\r\n                logger.LogInformation(\"Primavera_PreencheCotacaoERP: After CalculaValoresTotais\");\r\n\r\n                results.Add(\"documentoERP\", documentoCompra);\r\n\r\n            }\r\n            catch (Exception ex)\r\n            {\r\n                await Helpers.Helpers.SendErrorAsync(context, \"ErrorFillingQuoteRequestDocument\", new object[] { ex.Message });\r\n            }\r\n            logger.LogInformation(\"Primavera_PreencheCotacaoERP: Terminou\");\r\n            return results;",
  "description": "",
  "executionLocation": "External",
  "behaviourNamespaces": [
    {
      "name": "ErpBS100",
      "description": "",
      "executionLocation": "External",
      "fullyQualifiedName": "ErpBS100"
    },
    {
      "name": "CmpBE100",
      "description": "",
      "executionLocation": "External",
      "fullyQualifiedName": "CmpBE100"
    },
    {
      "name": "HTTP",
      "description": "",
      "executionLocation": "External",
      "fullyQualifiedName": "System.Net.Http"
    },
    {
      "name": "MicrosoftExtensionsLogging",
      "description": "",
      "executionLocation": "External",
      "fullyQualifiedName": "Microsoft.Extensions.Logging"
    }
  ]
}