{
  "name": "Primavera_DownloadInternalReq",
  "dataSource": "Primavera",
  "expression": "            ErpBS bsERP = null;\r\n\r\n            List<string> stringSplit = new List<string>();\r\n            string filial, tipoDoc, serieDoc, documentoERP, primavera;\r\n            int numDoc = -1;\r\n\r\n            if (args.ContainsKey(\"primavera\"))\r\n                primavera = args[\"primavera\"].ToString();\r\n            else\r\n                primavera = context.Operation.DataSource;\r\n            \r\n            documentoERP = Convert.ToString(await Helpers.Helpers.getArgValueAsync(context, args, \"documentoERP\"));\r\n            filial = Convert.ToString(await Helpers.Helpers.getArgValueAsync(context, args, \"filial\"));\r\n\r\n            bsERP = await ERP.ErpBSFactory.GetErpBsAsync(context, primavera);\r\n\r\n            stringSplit = documentoERP.Split('.').ToList();\r\n\r\n            tipoDoc = stringSplit[0];\r\n            serieDoc = stringSplit[1];\r\n            numDoc = Convert.ToInt32(stringSplit[2]);\r\n\r\n            if (!bsERP.Internos.Documentos.Existe(tipoDoc, numDoc, serieDoc, filial))\r\n                await Helpers.Helpers.SendErrorAsync(context, \"InternalRequisitionDocumentNotFound\", new object[] { tipoDoc, serieDoc, numDoc, filial });\r\n\r\n            string tempFolderPath = Path.GetTempPath();\r\n            string nomeFicheiro = \"DOC_\" + filial + \"_\" + tipoDoc + \"_\" + serieDoc + \"_\" + numDoc.ToString() + \".pdf\";\r\n            string caminhoFicheiro = Path.Combine(tempFolderPath, nomeFicheiro);\r\n            \r\n            lock (Helpers.Helpers.LockPrint)\r\n            {\r\n            Task.Run(() => { bsERP.Internos.Documentos.ImprimeDocumento(tipoDoc, serieDoc, numDoc, filial, 1, \"\", false, caminhoFicheiro); }).Wait(20000);\r\n            }\r\n            \r\n            if (!File.Exists(caminhoFicheiro))\r\n                await Helpers.Helpers.SendErrorAsync(context, \"PurchaseDocumentPrintError\");\r\n\r\n            using (var content = new MultipartFormDataContent())\r\n            {\r\n                content.Add(new StreamContent(File.OpenRead(caminhoFicheiro))\r\n                {\r\n                    Headers = {\r\n                            ContentLength = new FileInfo(caminhoFicheiro).Length,\r\n                            ContentType = new MediaTypeHeaderValue(\"application/pdf\")\r\n                    }\r\n                }, \"File\", nomeFicheiro);\r\n\r\n                var httpClient = context.CreateApplicationHttpClient();\r\n                var result = await httpClient.PostAsync($\"tempfiles\", content);\r\n            }\r\n\r\n            return new Dictionary<string, object> { { \"filename\", nomeFicheiro } };",
  "description": "",
  "executionLocation": "External",
  "behaviourNamespaces": [
    {
      "name": "ErpBS100",
      "description": "",
      "executionLocation": "External",
      "fullyQualifiedName": "ErpBS100"
    },
    {
      "name": "SystemIO",
      "description": "",
      "executionLocation": "External",
      "fullyQualifiedName": "System.IO"
    },
    {
      "name": "HTTP",
      "description": "",
      "executionLocation": "External",
      "fullyQualifiedName": "System.Net.Http"
    },
    {
      "name": "HTTPHeaders",
      "description": "",
      "executionLocation": "External",
      "fullyQualifiedName": "System.Net.Http.Headers"
    }
  ]
}