{
  "name": "Primavera_EditaDocumentoCompra",
  "dataSource": "Primavera",
  "expression": "           Dictionary<string, object> results = new Dictionary<string, object>();\r\n\r\n            ErpBS erpBS = null;\r\n            CmpBEDocumentoCompra documentoCompra = null;\r\n            PrimaveraDto primavera = null;\r\n\r\n            string filial = string.Empty;\r\n            string tipoDoc = string.Empty;\r\n            string serieDoc = string.Empty;\r\n            string id = string.Empty;\r\n            int numDoc = -1;\r\n\r\n            try\r\n            {\r\n                var httpClient = context.CreateApplicationHttpClient();\r\n\r\n                if (!args.ContainsKey(\"id\"))\r\n                {\r\n                    filial = JsonConvert.DeserializeObject<string>(JsonConvert.SerializeObject(args[\"filial\"]));\r\n\r\n                    if (string.IsNullOrEmpty(filial))\r\n                        throw new Exception(PrimaveraApplicationBehaviours.Primavera_GetText(new Dictionary<string, object>{\r\n                        {\"name\",\"ErrorPurchaseDocumentConvertField\"},\r\n                        {\"language\",context.Operation.Language},\r\n                        {\"parameters\",new object[]{\"filial\"}}\r\n                    })[\"text\"].ToString());\r\n\r\n                    tipoDoc = JsonConvert.DeserializeObject<string>(JsonConvert.SerializeObject(args[\"tipoDoc\"]));\r\n\r\n                    if (string.IsNullOrEmpty(tipoDoc))\r\n                        throw new Exception(PrimaveraApplicationBehaviours.Primavera_GetText(new Dictionary<string, object>{\r\n                        {\"name\",\"ErrorPurchaseDocumentConvertField\"},\r\n                        {\"language\",context.Operation.Language},\r\n                        {\"parameters\",new object[]{\"tipoDoc\"}}\r\n                    })[\"text\"].ToString());\r\n\r\n                    serieDoc = JsonConvert.DeserializeObject<string>(JsonConvert.SerializeObject(args[\"serieDoc\"]));\r\n\r\n                    if (string.IsNullOrEmpty(serieDoc))\r\n                        throw new Exception(PrimaveraApplicationBehaviours.Primavera_GetText(new Dictionary<string, object>{\r\n                        {\"name\",\"ErrorPurchaseDocumentConvertField\"},\r\n                        {\"language\",context.Operation.Language},\r\n                        {\"parameters\",new object[]{\"serieDoc\"}}\r\n                    })[\"text\"].ToString());\r\n\r\n                    numDoc = JsonConvert.DeserializeObject<int>(JsonConvert.SerializeObject(args[\"numDoc\"]));\r\n\r\n                    if (numDoc == -1)\r\n                        throw new Exception(PrimaveraApplicationBehaviours.Primavera_GetText(new Dictionary<string, object>{\r\n                        {\"name\",\"ErrorPurchaseDocumentConvertField\"},\r\n                        {\"language\",context.Operation.Language},\r\n                        {\"parameters\",new object[]{\"numDoc\"}}\r\n                    })[\"text\"].ToString());\r\n                }\r\n                else\r\n                {\r\n                    id = JsonConvert.DeserializeObject<string>(JsonConvert.SerializeObject(await Helpers.Helpers.getArgValueAsync(context, args, \"id\")));\r\n\r\n                    if (string.IsNullOrEmpty(id))\r\n                        await Helpers.Helpers.SendErrorAsync(context, \"ErrorPurchaseDocumentConvertField\", new object[] { \"id\" });\r\n                }\r\n\r\n                //Get Primavera\r\n                var primaveraResult = await httpClient.GetAsync($\"Primavera/Default/{context.Operation.DataSource}\");\r\n\r\n                await Helpers.Helpers.EnsureSuccessApiResultAsync(primaveraResult, context);\r\n\r\n                primavera = await primaveraResult.Content.ReadAsAsync<PrimaveraDto>();\r\n\r\n                //Abrir Empresa\r\n                erpBS = await ERP.ErpBSFactory.GetErpBsAsync(context, primavera._code);\r\n\r\n                if (string.IsNullOrEmpty(id))\r\n                {\r\n                    if (erpBS.Compras.Documentos.Existe(filial, tipoDoc, serieDoc, numDoc))\r\n                    {\r\n                        documentoCompra = erpBS.Compras.Documentos.Edita(filial, tipoDoc, serieDoc, numDoc);\r\n                        results.Add(\"documentoCompra\", JsonConvert.SerializeObject(documentoCompra));\r\n                    }\r\n                }\r\n                else\r\n                {\r\n                    if (erpBS.Compras.Documentos.ExisteID(id))\r\n                    {\r\n                        documentoCompra = erpBS.Compras.Documentos.EditaID(id);\r\n                        results.Add(\"documentoCompra\", JsonConvert.SerializeObject(documentoCompra));\r\n                    }\r\n                }\r\n            }\r\n            catch (Exception ex) { await Helpers.Helpers.SendErrorAsync(context, \"ErpIntegrationFailed\", new object[] { ex.Message }); }\r\n            return results;",
  "description": "",
  "executionLocation": "External",
  "behaviourNamespaces": [
    {
      "name": "ErpBS100",
      "description": "",
      "executionLocation": "External",
      "fullyQualifiedName": "ErpBS100"
    },
    {
      "name": "CmpBE100",
      "description": "",
      "executionLocation": "External",
      "fullyQualifiedName": "CmpBE100"
    },
    {
      "name": "HTTP",
      "description": "",
      "executionLocation": "External",
      "fullyQualifiedName": "System.Net.Http"
    }
  ]
}