{
  "name": "Primavera_GetReqStockTrans",
  "dataSource": "Primavera",
  "expression": "            Dictionary<string, object> resultReturn = new Dictionary<string, object>();\r\n            List<RequisitionsQuoteReqItemDto> listItemsDto = new List<RequisitionsQuoteReqItemDto>();\r\n\r\n            ErpBS bsERP = new ErpBS();\r\n            string company = string.Empty;\r\n            string omniaCode = string.Empty;\r\n\r\n            try\r\n            {\r\n                var httpClient = context.CreateApplicationHttpClient();\r\n                company = Convert.ToString(await Helpers.Helpers.getArgValueAsync(context, args, \"company\"));\r\n                omniaCode = Convert.ToString(await Helpers.Helpers.getArgValueAsync(context, args, \"omniaCode\"));\r\n\r\n                bsERP = await ERP.ErpBSFactory.GetErpBsAsync(context, company);\r\n\r\n                StdBELista requisitionQuoteRequest = bsERP.Consulta($\"SELECT CONCAT(CC.TipoDoc,'.',CC.Serie,'.',CC.NumDoc) as Documento, ISNULL(CC.Entidade, ' ') as Entidade, F.Nome, CC.Filial \" +\r\n                    $\"FROM CabecCompras CC \" +\r\n                    $\"LEFT JOIN Fornecedores F ON F.Fornecedor = CC.Entidade \" +\r\n                    $\"INNER JOIN DocumentosCompra DC WITH(NOLOCK) ON DC.Documento = CC.TipoDoc \" +\r\n                    $\"WHERE DC.TipoDocumento = 3 AND CC.CDU_CodOmnia = '{omniaCode}'\");\r\n                List<object> erpRequisitionQuoteRequets = new List<object>();\r\n\r\n                if (requisitionQuoteRequest != null)\r\n                {\r\n                    if (!requisitionQuoteRequest.Vazia())\r\n                    {\r\n                        while (!requisitionQuoteRequest.NoFim())\r\n                        {\r\n                            RequisitionsQuoteReqItemDto reqItemsDto = new RequisitionsQuoteReqItemDto()\r\n                            {\r\n                                _code = requisitionQuoteRequest.Valor(\"Documento\").ToString(),\r\n                                _name = requisitionQuoteRequest.Valor(\"Entidade\").ToString(),\r\n                                _description = requisitionQuoteRequest.Valor(\"Nome\").ToString(),\r\n                                filial = requisitionQuoteRequest.Valor(\"Filial\").ToString()\r\n                            };\r\n\r\n                            listItemsDto.Add(reqItemsDto);\r\n\r\n                            requisitionQuoteRequest.Seguinte();\r\n                        }\r\n                    }\r\n                }\r\n\r\n                resultReturn.Add(\"reqStockTrans\", listItemsDto);\r\n            }\r\n            catch (Exception e) { await Helpers.Helpers.SendErrorAsync(context, \"CantGetReqInternalReqQuotes\", new object[] { omniaCode, e.Message }); }\r\n\r\n            return resultReturn;",
  "description": "",
  "executionLocation": "External",
  "behaviourNamespaces": [
    {
      "name": "ErpBS100",
      "description": "",
      "executionLocation": "External",
      "fullyQualifiedName": "ErpBS100"
    },
    {
      "name": "StdBE100",
      "description": "",
      "executionLocation": "External",
      "fullyQualifiedName": "StdBE100"
    }
  ]
}