{
  "name": "Primavera_GetDocumentoCompra",
  "dataSource": "Primavera",
  "expression": "string guid = string.Empty;\n\nif (!args.ContainsKey(\"Guid\"))\n    throw new Exception(PrimaveraApplicationBehaviours.Primavera_GetText(new Dictionary<string, object>{\n            {\"name\",\"ArgumentNotSpecified\"},\n            {\"language\",context.Operation.Language},\n            {\"parameters\",new object[]{\"Guid\"}}\n        })[\"text\"].ToString());\n\t\t\nelse\n    guid = args[\"Guid\"].ToString();\n    \n try\n{\n    return new Dictionary<string, object>() { { \"ErpDocumentoCompra\", ERP.ErpDocumentoCompraFactory.Instance.GetDocumentoCompra(guid) } };\n}\ncatch(Exception ex)\n{\n    var message = PrimaveraApplicationBehaviours.Primavera_GetText(new Dictionary<string, object>{\n        {\"name\",\"ErrorGettingPurchaseDocument\"},\n        {\"language\",context.Operation.Language},\n        {\"parameters\",new object[]{ $\"{guid} - {ex.Message}\" }}\n    });\n                throw new Exception(message[\"text\"]?.ToString());\n}",
  "description": "",
  "executionLocation": "External",
  "behaviourNamespaces": []
}