{
  "name": "Primavera_GetReqRastreability",
  "dataSource": "Primavera",
  "expression": "            //Return Dictionary\r\n            Dictionary<string, object> resultReturn = new Dictionary<string, object>();\r\n\r\n            //Lists to Return\r\n            List<RequisitionsQuoteReqItemDto> requisitionsQuoteReqItemList = new List<RequisitionsQuoteReqItemDto>();\r\n            List<RequisitionQuotationItemDto> requisitionQuotationItemList = new List<RequisitionQuotationItemDto>();\r\n            List<RequisitionsOrderItemDto> requisitionOrderItemList = new List<RequisitionsOrderItemDto>();\r\n            List<RequisitionStockTranItemDto> requisitionStockTransList = new List<RequisitionStockTranItemDto>();\r\n            List<RequisitionsFinDocItemDto> requisitionFinDocList = new List<RequisitionsFinDocItemDto>();\r\n\r\n            ErpBS bsERP = new ErpBS();\r\n            string company = string.Empty;\r\n            string omniaCode = string.Empty;\r\n\r\n            try\r\n            {\r\n                company = Convert.ToString(await Helpers.Helpers.getArgValueAsync(context, args, \"company\"));\r\n                omniaCode = Convert.ToString(await Helpers.Helpers.getArgValueAsync(context, args, \"omniaCode\"));\r\n\r\n                bsERP = await ERP.ErpBSFactory.GetErpBsAsync(context, company);\r\n\r\n                StdBELista requisitionRastreability = bsERP.Consulta($@\"SELECT \r\nCONCAT(CC.TipoDoc,'.',CC.Serie,'.',CC.NumDoc) as Documento, ISNULL(CC.Entidade, ' ') as Entidade, \r\nF.Nome, \r\nCC.Filial,\r\nCount(DISTINCT LC.Id) as TotalItems,\r\nCC.TotalMerc - CC.TotalDesc + CC.TotalIva Total,\r\nCC.DataDoc, \r\nDC.TipoDocumento,\r\nCC.Moeda\r\nFROM CabecCompras CC \r\nINNER JOIN DocumentosCompra DC WITH(NOLOCK) ON DC.Documento = CC.TipoDoc \r\nINNER JOIN LinhasCompras LC ON CC.Id = LC.IdCabecCompras\r\nLEFT JOIN Fornecedores F ON F.Fornecedor = CC.Entidade \r\nWHERE CC.CDU_CodOmnia = '{omniaCode}' \r\ngroup by CONCAT(CC.TipoDoc,'.',CC.Serie,'.',CC.NumDoc), \r\nISNULL(CC.Entidade, ' '), \r\nF.Nome, \r\nCC.Filial,\r\nCC.TotalMerc - CC.TotalDesc + CC.TotalIva,\r\nCC.DataDoc,\r\nDC.TipoDocumento,\r\nCC.Moeda\r\norder by CC.DataDoc ASC\");\r\n\r\n                if (requisitionRastreability != null)\r\n                {\r\n                    if (!requisitionRastreability.Vazia())\r\n                    {\r\n                        while (!requisitionRastreability.NoFim())\r\n                        {\r\n                            switch (requisitionRastreability.Valor(\"TipoDocumento\").ToString())\r\n                            {\r\n                                case \"0\":\r\n                                    RequisitionsQuoteReqItemDto reqQuoteReqItem = new RequisitionsQuoteReqItemDto()\r\n                                    {\r\n                                        _code = requisitionRastreability.Valor(\"Documento\").ToString(),\r\n                                        _name = requisitionRastreability.Valor(\"Entidade\").ToString(),\r\n                                        _description = requisitionRastreability.Valor(\"Nome\").ToString(),\r\n                                        filial = requisitionRastreability.Valor(\"Filial\").ToString(),\r\n                                        DataDoc = Convert.ToDateTime(requisitionRastreability.Valor(\"DataDoc\").ToString())\r\n                                    };\r\n\r\n                                    requisitionsQuoteReqItemList.Add(reqQuoteReqItem);\r\n                                    break;\r\n                                case \"1\":\r\n                                    RequisitionQuotationItemDto reqQuotItem = new RequisitionQuotationItemDto()\r\n                                    {\r\n                                        _code = requisitionRastreability.Valor(\"Documento\").ToString(),\r\n                                        _name = requisitionRastreability.Valor(\"Entidade\").ToString(),\r\n                                        _description = requisitionRastreability.Valor(\"Nome\").ToString(),\r\n                                        Filial = requisitionRastreability.Valor(\"Filial\").ToString(),\r\n                                        TotalItems = Convert.ToDecimal(requisitionRastreability.Valor(\"TotalItems\")),\r\n                                        Total = Convert.ToDecimal(requisitionRastreability.Valor(\"Total\")),\r\n                                        DataDoc = Convert.ToDateTime(requisitionRastreability.Valor(\"DataDoc\").ToString()),\r\n                                        Currency = requisitionRastreability.Valor(\"Moeda\").ToString()\r\n                                    };\r\n\r\n                                    requisitionQuotationItemList.Add(reqQuotItem);\r\n                                    break;\r\n                                case \"2\":\r\n                                    RequisitionsOrderItemDto orderItem = new RequisitionsOrderItemDto()\r\n                                    {\r\n                                        _code = requisitionRastreability.Valor(\"Documento\").ToString(),\r\n                                        _name = requisitionRastreability.Valor(\"Entidade\").ToString(),\r\n                                        _description = requisitionRastreability.Valor(\"Nome\").ToString(),\r\n                                        filial = requisitionRastreability.Valor(\"Filial\").ToString(),\r\n                                        DataDoc = Convert.ToDateTime(requisitionRastreability.Valor(\"DataDoc\").ToString())\r\n                                    };\r\n\r\n                                    requisitionOrderItemList.Add(orderItem);\r\n                                    break;\r\n                                case \"3\":\r\n                                    RequisitionStockTranItemDto reqStockTransItem = new RequisitionStockTranItemDto()\r\n                                    {\r\n                                        _code = requisitionRastreability.Valor(\"Documento\").ToString(),\r\n                                        _name = requisitionRastreability.Valor(\"Entidade\").ToString(),\r\n                                        _description = requisitionRastreability.Valor(\"Nome\").ToString(),\r\n                                        filial = requisitionRastreability.Valor(\"Filial\").ToString(),\r\n                                        DataDoc = Convert.ToDateTime(requisitionRastreability.Valor(\"DataDoc\").ToString())\r\n                                    };\r\n\r\n                                    requisitionStockTransList.Add(reqStockTransItem);\r\n                                    break;\r\n                                case \"4\":\r\n                                    RequisitionsFinDocItemDto finDocItem = new RequisitionsFinDocItemDto()\r\n                                    {\r\n                                        _code = requisitionRastreability.Valor(\"Documento\").ToString(),\r\n                                        _name = requisitionRastreability.Valor(\"Entidade\").ToString(),\r\n                                        _description = requisitionRastreability.Valor(\"Nome\").ToString(),\r\n                                        filial = requisitionRastreability.Valor(\"Filial\").ToString(),\r\n                                        DataDoc = Convert.ToDateTime(requisitionRastreability.Valor(\"DataDoc\").ToString())\r\n                                    };\r\n\r\n                                    requisitionFinDocList.Add(finDocItem);\r\n                                    break;\r\n                            }\r\n                            requisitionRastreability.Seguinte();\r\n                        }\r\n                    }\r\n                }\r\n\r\n                resultReturn.Add(\"reqQuoteRequest\", requisitionsQuoteReqItemList);\r\n                resultReturn.Add(\"reqQuotations\", requisitionQuotationItemList);\r\n                resultReturn.Add(\"reqSupplierOrders\", requisitionOrderItemList);\r\n                resultReturn.Add(\"reqStockTrans\", requisitionStockTransList);\r\n                resultReturn.Add(\"reqFinOrders\", requisitionFinDocList);\r\n            }\r\n            catch (Exception e) { await Helpers.Helpers.SendErrorAsync(context, \"CantGetReqInternalReqQuotes\", new object[] { omniaCode, e.Message }); }\r\n\r\n            return resultReturn;",
  "description": "",
  "executionLocation": "External",
  "behaviourNamespaces": [
    {
      "name": "ErpBS100",
      "description": "",
      "executionLocation": "External",
      "fullyQualifiedName": "ErpBS100"
    },
    {
      "name": "StdBE100",
      "description": "",
      "executionLocation": "External",
      "fullyQualifiedName": "StdBE100"
    }
  ]
}