{
  "name": "Primavera_OpenCompanyMoeda",
  "dataSource": "Primavera",
  "expression": "            Dictionary<string, object> resultMoeda = new Dictionary<string, object>();\r\n            var dto = JsonConvert.DeserializeObject<RequisitionsDto>(JsonConvert.SerializeObject(await Helpers.Helpers.getArgValueAsync(context, args, \"requisition\")));\r\n\r\n            if (dto == null)\r\n                await Helpers.Helpers.SendErrorAsync(context, \"ErrorDTOConvert\", new object[] { \"RequisitionsDto\" });\r\n\r\n            ErpBS erpBS = await ERP.ErpBSFactory.GetErpBsAsync(context, dto.Company);\r\n            resultMoeda.Add(\"Moeda\", erpBS.Contexto.MoedaBase);\r\n            return resultMoeda;",
  "description": "",
  "executionLocation": "External",
  "behaviourNamespaces": [
    {
      "name": "ErpBS100",
      "description": "",
      "executionLocation": "External",
      "fullyQualifiedName": "ErpBS100"
    }
  ]
}