{
  "name": "Primavera_ConverteCambios",
  "dataSource": "Primavera",
  "expression": "            var result = new Dictionary<string, object>();\r\n\r\n            // var moedaoriginal = (await Helpers.Helpers.getArgValueAsync(context, args, \"artigo\")).ToString();\r\n            // var moedadestino = (await Helpers.Helpers.getArgValueAsync(context, args, \"artigo\")).ToString();\r\n            \r\n            var moedaoriginal = (await Helpers.Helpers.getArgValueAsync(context, args, \"moedaoriginal\")).ToString();\r\n            var moedadestino = (await Helpers.Helpers.getArgValueAsync(context, args, \"moedadestino\")).ToString();\r\n            \r\n            var valores = JsonConvert.DeserializeObject<List<decimal>>((await Helpers.Helpers.getArgValueAsync(context, args, \"valores\")).ToString());\r\n\r\n            //moedaoriginal = String.IsNullOrEmpty(moedaoriginal) ? \"EUR\" : moedaoriginal;\r\n            //moedadestino = String.IsNullOrEmpty(moedadestino) ? \"EUR\" : moedadestino;\r\n\r\n            var cambios = new Dictionary<decimal, decimal>();\r\n\r\n            ErpBS erpBS = null;\r\n            try\r\n            {\r\n                erpBS = await ERP.ErpBSFactory.GetErpBsAsync(context);\r\n                var (CambioMBase, CambioMAlt) = getCambios(moedaoriginal, moedadestino);\r\n\r\n                foreach (var valor in valores)\r\n                    if (!cambios.ContainsKey(valor))\r\n                        cambios.Add(valor, Convert.ToDecimal(PrimaveraSupportNetSupport.PInvoke.SafeNative.u2ldivis.X_TransfMAltMBase(Convert.ToDouble(valor), CambioMBase, CambioMAlt, 2)));\r\n\r\n            }\r\n            catch (Exception ex) { await Helpers.Helpers.SendErrorAsync(context, \"ErrorCurrencyConverter\", new object[] { ex.Message }); }\r\n\r\n            result.Add(\"cambios\", JsonConvert.SerializeObject(cambios));\r\n\r\n            return result;\r\n\r\n            (double CambioMBase, double CambioMAlt) getCambios(string moedaOrigem, string moedaDestino)\r\n            {\r\n                double dblCambioMBase = 1, dblCambioMAlt = 1;\r\n                var date = DateTime.Now;\r\n                dblCambioMBase = erpBS.Base.Moedas.DaCambioVenda(moedaOrigem, date);\r\n                dblCambioMAlt = erpBS.Base.Moedas.DaCambioVenda(moedaDestino, date);\r\n\r\n                return (Math.Round(dblCambioMBase, 0), Math.Round(dblCambioMAlt, 0));\r\n            }",
  "description": "",
  "executionLocation": "External",
  "behaviourNamespaces": [
    {
      "name": "ErpBS100",
      "description": "",
      "executionLocation": "External",
      "fullyQualifiedName": "ErpBS100"
    },
    {
      "name": "SystemCollections",
      "description": "",
      "executionLocation": "External",
      "fullyQualifiedName": "System.Collections"
    },
    {
      "name": "MicrosoftExtensionsLogging",
      "description": "",
      "executionLocation": "External",
      "fullyQualifiedName": "Microsoft.Extensions.Logging"
    }
  ]
}