{
  "name": "System_GetSettings",
  "dataSource": "System",
  "expression": "            Dictionary<string, object> result = new Dictionary<string, object>();\r\n            var settingsCache = Cache.SettingsCache.Instance;\r\n            var listCache = await settingsCache.GetEntryAsync(\"ERPPrimavera\", context);\r\n\r\n            if (listCache != null)\r\n                result.Add(\"SettingsList\", JsonConvert.SerializeObject(listCache));\r\n            else\r\n                throw new Exception(\"No Settings Found\");\r\n\r\n            return result;",
  "description": "Settings Cache Dictionary to return the Database Suffix",
  "executionLocation": "Internal",
  "behaviourNamespaces": []
}