{
  "name": "ValidateRequisition",
  "dataSource": "System",
  "expression": "            var logger = context.Services.GetService<ILogger<Context>>();\r\n            logger.LogInformation(\"ValidateRequisition\");\r\n            Dictionary<string, object> results = new Dictionary<string, object>();\r\n            try\r\n            {\r\n                List<Dictionary<string, object>> updateAttributes = new List<Dictionary<string, object>>();\r\n                string _omniaCode = (await Helpers.Helpers.getArgValueAsync(context, args, \"omniaCode\")).ToString();\r\n                var _operation = Convert.ToInt32(await Helpers.Helpers.getArgValueAsync(context, args, \"operation\"));\r\n\r\n                string _decision = string.Empty;\r\n                logger.LogInformation($\"ValidateRequisition: Code '{_omniaCode}' - Operation '{_operation}'\");\r\n\r\n                switch (_operation)\r\n                {\r\n                    case 0:\r\n                        _decision = nameof(RequisitionsStateMachinePendingDecisions.Submit);\r\n                        break;\r\n                    case 1:\r\n                        _decision = nameof(RequisitionsStateMachinePendingDecisions.Close);\r\n                        break;\r\n                    case 2:\r\n                        _decision = nameof(RequisitionsStateMachinePendingDecisions.Satisfied);\r\n                        break;\r\n                    case 3:\r\n                        updateAttributes.Add(new Dictionary<string, object>() { { \"op\", \"replace\" }, { \"path\", \"terminou\" }, { \"value\", true } });\r\n                        break;\r\n                }\r\n\r\n                var client = context.CreateApplicationHttpClient();\r\n\r\n                logger.LogInformation($\"ValidateRequisition: GetAsync\");\r\n                var requestResult = await client.GetAsync($\"Requisitions/Default/{_omniaCode}\");\r\n\r\n                if (requestResult.IsSuccessStatusCode)\r\n                {\r\n                    var data = await requestResult.Content.ReadAsStringAsync();\r\n\r\n                    RequisitionsDto dto = JsonConvert.DeserializeObject<RequisitionsDto>(data);\r\n\r\n                    logger.LogInformation($\"ValidateRequisition: DTO State {dto._state}\");\r\n\r\n                    if (dto._state == RequisitionsStateMachineStates.Pending)\r\n                    {\r\n                        await UpdateRequisitionDocument(client, _decision, dto._code, updateAttributes);\r\n                        if (string.IsNullOrEmpty(_decision))\r\n                            _decision = \"orderCompleted\";\r\n                        results.Add(_decision, true);\r\n                    }\r\n                }\r\n                else\r\n                {\r\n                    logger.LogInformation($\"ValidateRequisition: statusCode '{requestResult.StatusCode.ToString()}'\");\r\n                    results.Add(\"statusCode\", requestResult.StatusCode.ToString());\r\n                }\r\n            }\r\n            catch (Exception ex) { await Helpers.Helpers.SendErrorAsync(context, \"ErrorValidateRequisition\", new object[] { ex.Message }); }\r\n\r\n            return results;\r\n\r\n            async Task UpdateRequisitionDocument(HttpClient client, string decision, string dtoCode, List<Dictionary<string, object>> body)\r\n            {\r\n                logger.LogInformation($\"ValidateRequisition: Pacth\");\r\n                var saveResult = await client.PatchAsync($\"Requisitions/Default/{dtoCode}?decision={decision}&comment=\", body);\r\n                await Helpers.Helpers.EnsureSuccessApiResultAsync(context, saveResult, await Helpers.Helpers.GetTextAsync(context, \"FailureOnUpdate\"));\r\n                logger.LogInformation($\"ValidateRequisition: Pacth Success\");\r\n            }",
  "description": "",
  "executionLocation": "Internal",
  "behaviourNamespaces": [
    {
      "name": "HTTP",
      "description": "",
      "executionLocation": "Internal",
      "fullyQualifiedName": "System.Net.Http"
    },
    {
      "name": "MicrosoftExtensionsLogging",
      "description": "",
      "executionLocation": "Internal",
      "fullyQualifiedName": "Microsoft.Extensions.Logging"
    }
  ]
}