{
  "name": "OrganizationalUnitDashboard",
  "type": "Dashboard",
  "label": "Organizational Unit",
  "elements": [
    {
      "row": 0,
      "name": "OrganizationalUnitDupList",
      "size": 12,
      "type": "List",
      "label": "${Texts.OrganizationalUnits}",
      "column": 1,
      "elements": [],
      "helpText": "",
      "isHidden": false,
      "attributes": [
        {
          "key": "listCode",
          "value": "OrganizationalUnitDupList"
        },
        {
          "key": "pageSize",
          "value": "25"
        }
      ],
      "behaviours": [
        {
          "name": "OnOrganizationalUnitDupListChange",
          "type": "Change",
          "expression": "if (newValue) \r\n    for (var i in newValue) \r\n        newValue[i].behaviour = \"OrganizationalUnit\";",
          "description": ""
        }
      ],
      "description": null,
      "visibleFrom": "Mobile"
    }
  ],
  "helpText": null,
  "attributes": [],
  "behaviours": [],
  "description": null
}