{
  "name": "PrimaveraDashboard",
  "type": "Dashboard",
  "label": "${Texts.Primavera}",
  "elements": [
    {
      "row": 1,
      "name": "PrimaveraList",
      "size": 12,
      "type": "List",
      "label": "${Texts.Primavera}",
      "column": 1,
      "elements": [],
      "helpText": null,
      "isHidden": false,
      "attributes": [
        {
          "key": "listCode",
          "value": "PrimaveraList"
        }
      ],
      "behaviours": [],
      "description": null
    }
  ],
  "helpText": null,
  "attributes": [],
  "behaviours": [],
  "description": null
}