{
  "name": "RequisitionsDashboard",
  "type": "Dashboard",
  "label": "Requisitions",
  "elements": [
    {
      "row": 1,
      "name": "RequisitionsWaitMyValidationContainer",
      "size": 12,
      "type": "Container",
      "label": "${Texts.RequisitionsWaitMyValidation}",
      "column": 1,
      "elements": [
        {
          "row": 1,
          "name": "RequisitionsWaitMyValidationList",
          "size": 12,
          "type": "List",
          "label": "${Texts.EmptyString}",
          "column": 1,
          "elements": [],
          "helpText": "",
          "isHidden": false,
          "attributes": [
            {
              "key": "listCode",
              "value": "RequisitionsWaitMyValidationList"
            },
            {
              "key": "pageSize",
              "value": "10"
            }
          ],
          "behaviours": [
            {
              "name": "OnRequisitionsWaitMyValidationListChange",
              "type": "Change",
              "expression": "if (newValue) \r\n{\r\n    for (var i in newValue) {\r\n        if (newValue[i].documenttype == \"InternalRequisition\") {\r\n            newValue[i].behaviour = \"Primavera_DownloadInternalReq\";\r\n        }\r\n        else\r\n        {\r\n            newValue[i].behaviour = \"Primavera_DownloadPurchaseDoc\";\r\n        }\r\n        newValue[i].args =\r\n            {\r\n                documentoERP: newValue[i].documentoerp,\r\n                filial: newValue[i].filial,\r\n                primavera: newValue[i].primavera\r\n            };\r\n    }\r\n    \r\n    const translator = this._context.getLanguageTranslator();\r\n    let value = translator.translateToApplication('${Texts.RequisitionsWaitMyValidation}');\r\n    this._metadata.elements.requisitionsWaitMyValidationContainer.label = value + \" (\" + newValue.length + \")\";\r\n    this._metadata.elements.requisitionsWaitMyValidationContainer.attributes.isOpen = newValue.length > 0;\r\n}",
              "description": ""
            }
          ],
          "description": null,
          "visibleFrom": "Mobile"
        }
      ],
      "helpText": "",
      "isHidden": false,
      "attributes": [],
      "behaviours": [],
      "description": null,
      "visibleFrom": "Mobile"
    },
    {
      "row": 4,
      "name": "MyRequisitionsContainer",
      "size": 12,
      "type": "Container",
      "label": "${Texts.MyRequisitions}",
      "column": 1,
      "elements": [
        {
          "row": 1,
          "name": "MyRequisitionsList",
          "size": 12,
          "type": "List",
          "label": "${Texts.EmptyString}",
          "column": 1,
          "elements": [],
          "helpText": "",
          "isHidden": false,
          "attributes": [
            {
              "key": "listCode",
              "value": "MyRequisitionsList"
            },
            {
              "key": "pageSize",
              "value": "25"
            }
          ],
          "behaviours": [
            {
              "name": "OnMyRequisitionsListChange",
              "type": "Change",
              "expression": "if (newValue) {\r\n    for (var i in newValue) {\r\n        if (newValue[i].documenttype == \"InternalRequisition\") {\r\n            newValue[i].behaviour = \"Primavera_DownloadInternalReq\";\r\n        }\r\n        else\r\n        {\r\n            newValue[i].behaviour = \"Primavera_DownloadPurchaseDoc\";\r\n        }\r\n        newValue[i].args =\r\n            {\r\n                documentoERP: newValue[i].documentoerp,\r\n                filial: newValue[i].filial,\r\n                primavera: newValue[i].primavera\r\n            };\r\n    }\r\n    const translator = this._context.getLanguageTranslator();\r\n    let value = translator.translateToApplication('${Texts.MyRequisitions}');\r\n    this._metadata.elements.myRequisitionsContainer.label = value + \" (\" + newValue.length + \")\";\r\n    this._metadata.elements.myRequisitionsContainer.attributes.isOpen = false;\r\n}",
              "description": ""
            }
          ],
          "description": null,
          "visibleFrom": "Mobile"
        }
      ],
      "helpText": "",
      "isHidden": false,
      "attributes": [],
      "behaviours": [],
      "description": null,
      "visibleFrom": "Mobile"
    },
    {
      "row": 6,
      "name": "MyOURequisitionsContainer",
      "size": 12,
      "type": "Container",
      "label": "${Texts.MyOURequisitions}",
      "column": 1,
      "elements": [
        {
          "row": 1,
          "name": "MyOURequisitionsList",
          "size": 12,
          "type": "List",
          "label": "${Texts.EmptyString}",
          "column": 1,
          "elements": [],
          "helpText": "",
          "isHidden": false,
          "attributes": [
            {
              "key": "listCode",
              "value": "MyOURequisitionsList"
            },
            {
              "key": "pageSize",
              "value": "25"
            }
          ],
          "behaviours": [
            {
              "name": "OnMyOURequisitionsListChange",
              "type": "Change",
              "expression": "if (newValue) {\r\n    for (var i in newValue) {\r\n        if (newValue[i].documenttype == \"InternalRequisition\") {\r\n            newValue[i].behaviour = \"Primavera_DownloadInternalReq\";\r\n        }\r\n        else\r\n        {\r\n            newValue[i].behaviour = \"Primavera_DownloadPurchaseDoc\";\r\n        }\r\n        newValue[i].args =\r\n            {\r\n                documentoERP: newValue[i].documentoerp,\r\n                filial: newValue[i].filial,\r\n                primavera: newValue[i].primavera\r\n            };\r\n    }\r\n    const translator = this._context.getLanguageTranslator();\r\n    let value = translator.translateToApplication('${Texts.MyOURequisitions}');\r\n    this._metadata.elements.myOURequisitionsContainer.label = value + \" (\" + newValue.length + \")\";\r\n    this._metadata.elements.myOURequisitionsContainer.attributes.isOpen = false;\r\n}",
              "description": ""
            }
          ],
          "description": null,
          "visibleFrom": "Mobile"
        }
      ],
      "helpText": "",
      "isHidden": true,
      "attributes": [],
      "behaviours": [],
      "description": null,
      "visibleFrom": "Mobile"
    },
    {
      "row": 9,
      "name": "RequisitionsContainer",
      "size": 12,
      "type": "Container",
      "label": "${Texts.AllRequisitions}",
      "column": 1,
      "elements": [
        {
          "row": 1,
          "name": "RequisitionsList",
          "size": 12,
          "type": "List",
          "label": "${Texts.EmptyString}",
          "column": 1,
          "elements": [],
          "helpText": "",
          "isHidden": false,
          "attributes": [
            {
              "key": "listCode",
              "value": "RequisitionsList"
            },
            {
              "key": "pageSize",
              "value": "25"
            }
          ],
          "behaviours": [
            {
              "name": "OnRequisitionsListChange",
              "type": "Change",
              "expression": "if (newValue) {\r\n    for (var i in newValue) {\r\n        if (newValue[i].documenttype == \"InternalRequisition\") {\r\n            newValue[i].behaviour = \"Primavera_DownloadInternalReq\";\r\n        }\r\n        else\r\n        {\r\n            newValue[i].behaviour = \"Primavera_DownloadPurchaseDoc\";\r\n        }\r\n        newValue[i].args =\r\n            {\r\n                documentoERP: newValue[i].documentoerp,\r\n                filial: newValue[i].filial,\r\n                primavera: newValue[i].primavera\r\n            };\r\n    }\r\n    const translator = this._context.getLanguageTranslator();\r\n    let value = translator.translateToApplication('${Texts.AllRequisitions}');\r\n    this._metadata.elements.requisitionsContainer.label = value + \" (\" + newValue.length + \")\";\r\n    this._metadata.elements.requisitionsContainer.attributes.isOpen = false;\r\n}",
              "description": ""
            }
          ],
          "description": null,
          "visibleFrom": "Mobile"
        }
      ],
      "helpText": "",
      "isHidden": false,
      "attributes": [],
      "behaviours": [],
      "description": null,
      "visibleFrom": "Mobile"
    }
  ],
  "helpText": null,
  "attributes": [],
  "behaviours": [
    {
      "name": "Initialize",
      "type": "Initialize",
      "expression": "this._metadata.elements.requisitionsWaitMyValidationContainer.attributes.isOpen = true;\nthis._metadata.elements.myRequisitionsContainer.attributes.isOpen = true;\nthis._metadata.elements.myOURequisitionsContainer.attributes.isOpen = true;\nthis._metadata.elements.requisitionsContainer.attributes.isOpen = true;\n\nconst apiClient = this._context.createApiHttpClient();\nvar dataSource = \"Default\";\nreturn apiClient\n.doPost(`/api/v1/${this._context.tenant.code}/${this._context.tenant.environmentCode}/application/queries/OUManagerByMeQuery/${dataSource}?page=1&pageSize=1`, \n{}).then(response => {\n    this._metadata.elements.myOURequisitionsContainer.isHidden = response.data === null  || response.data.length === 0;\n});",
      "description": ""
    }
  ],
  "description": null
}