{
  "name": "LiquidationDocTypes",
  "isRoot": true,
  "attributes": [
    {
      "name": "_code",
      "type": "Text",
      "isSystem": true,
      "isReadOnly": false,
      "description": null,
      "multiplicity": {
        "lower": 1,
        "upper": 1
      },
      "aggregationKind": "None",
      "isSensitiveData": null,
      "dependsOnAttribute": null
    },
    {
      "name": "_name",
      "type": "Text",
      "isSystem": true,
      "isReadOnly": false,
      "description": null,
      "multiplicity": {
        "lower": 1,
        "upper": 1
      },
      "aggregationKind": "None",
      "isSensitiveData": null,
      "dependsOnAttribute": null
    },
    {
      "name": "_description",
      "type": "Text",
      "isSystem": true,
      "isReadOnly": false,
      "description": null,
      "multiplicity": {
        "lower": 0,
        "upper": 1
      },
      "aggregationKind": "None",
      "isSensitiveData": null,
      "dependsOnAttribute": null
    },
    {
      "name": "_inactive",
      "type": "Boolean",
      "isSystem": true,
      "isReadOnly": false,
      "description": null,
      "multiplicity": {
        "lower": 1,
        "upper": 1
      },
      "aggregationKind": "None",
      "isSensitiveData": null,
      "dependsOnAttribute": null
    }
  ],
  "dataSource": "Primavera",
  "description": "",
  "dataBehaviours": [
    {
      "name": "Create",
      "type": "Create",
      "expression": " ",
      "description": ""
    },
    {
      "name": "Delete",
      "type": "Delete",
      "expression": " ",
      "description": ""
    },
    {
      "name": "Read",
      "type": "Read",
      "expression": " ",
      "description": ""
    },
    {
      "name": "ReadList",
      "type": "ReadList",
      "expression": "  Dictionary<string, object> queryData = new Dictionary<string, object> {\r\n    { \"Company\", this._Context.Operation.DataSource },\r\n    { \"QueryContext\", queryContext } ,\r\n    { \"Page\", page }, { \"Rows\", pageSize },\r\n    { \"KeyParameter\", \"_code\" },\r\n    { \"CachKey\", \"LiquidationDocTypesList\" },\r\n };\r\n\r\nvar queryResult = PrimaveraApplicationBehaviours.PrimaveraReadList(queryData, this._Context);\r\n\r\nreturn ((int)queryResult[\"NumberOfRecords\"], (List<IDictionary<string, object>>)queryResult[\"Data\"]);",
      "description": ""
    },
    {
      "name": "Update",
      "type": "Update",
      "expression": " ",
      "description": ""
    }
  ],
  "entityBehaviours": [],
  "behaviourNamespaces": []
}