{
  "name": "OrganizationalUnit",
  "isRoot": true,
  "attributes": [
    {
      "name": "_code",
      "type": "Text",
      "isSystem": true,
      "isReadOnly": false,
      "description": null,
      "multiplicity": {
        "lower": 1,
        "upper": 1
      },
      "aggregationKind": "None",
      "isSensitiveData": null,
      "dependsOnAttribute": null
    },
    {
      "name": "_name",
      "type": "Text",
      "isSystem": true,
      "isReadOnly": false,
      "description": null,
      "multiplicity": {
        "lower": 1,
        "upper": 1
      },
      "aggregationKind": "None",
      "isSensitiveData": null,
      "dependsOnAttribute": null
    },
    {
      "name": "_description",
      "type": "Text",
      "isSystem": true,
      "isReadOnly": false,
      "description": null,
      "multiplicity": {
        "lower": 0,
        "upper": 1
      },
      "aggregationKind": "None",
      "isSensitiveData": null,
      "dependsOnAttribute": null
    },
    {
      "name": "_inactive",
      "type": "Boolean",
      "isSystem": true,
      "isReadOnly": false,
      "description": null,
      "multiplicity": {
        "lower": 1,
        "upper": 1
      },
      "aggregationKind": "None",
      "isSensitiveData": null,
      "dependsOnAttribute": null
    },
    {
      "name": "Manager",
      "type": "Employee",
      "isSystem": false,
      "isReadOnly": false,
      "description": "",
      "multiplicity": {
        "lower": 1,
        "upper": 1
      },
      "aggregationKind": "Shared",
      "isSensitiveData": false,
      "dependsOnAttribute": ""
    },
    {
      "name": "PurchasingManager",
      "type": "Employee",
      "isSystem": false,
      "isReadOnly": false,
      "description": "",
      "multiplicity": {
        "lower": 0,
        "upper": 1
      },
      "aggregationKind": "Shared",
      "isSensitiveData": false,
      "dependsOnAttribute": ""
    },
    {
      "name": "RequisitionApprovalFlow",
      "type": "ApprovalFlowItem",
      "isSystem": false,
      "isReadOnly": false,
      "description": "",
      "multiplicity": {
        "lower": 0,
        "upper": 100
      },
      "aggregationKind": "Composite",
      "isSensitiveData": false,
      "dependsOnAttribute": ""
    },
    {
      "name": "QuotationsApprovalFlow",
      "type": "ApprovalFlowItem",
      "isSystem": false,
      "isReadOnly": false,
      "description": "",
      "multiplicity": {
        "lower": 0,
        "upper": 100
      },
      "aggregationKind": "Composite",
      "isSensitiveData": false,
      "dependsOnAttribute": ""
    },
    {
      "name": "PaymentApprovalFlow",
      "type": "ApprovalFlowItem",
      "isSystem": false,
      "isReadOnly": false,
      "description": "",
      "multiplicity": {
        "lower": 0,
        "upper": 100
      },
      "aggregationKind": "Composite",
      "isSensitiveData": false,
      "dependsOnAttribute": ""
    },
    {
      "name": "ManagerName",
      "type": "Text",
      "isSystem": false,
      "isReadOnly": true,
      "description": "",
      "multiplicity": {
        "lower": 1,
        "upper": 1
      },
      "aggregationKind": "None",
      "isSensitiveData": false,
      "dependsOnAttribute": ""
    },
    {
      "name": "PurchasingManagerName",
      "type": "Text",
      "isSystem": false,
      "isReadOnly": true,
      "description": "",
      "multiplicity": {
        "lower": 0,
        "upper": 1
      },
      "aggregationKind": "None",
      "isSensitiveData": false,
      "dependsOnAttribute": ""
    }
  ],
  "dataSource": "System",
  "description": "",
  "dataBehaviours": [],
  "entityBehaviours": [
    {
      "name": "BeforeSave",
      "type": "BeforeSave",
      "attribute": null,
      "expression": "this.RequisitionApprovalFlow = this.RequisitionApprovalFlow.OrderBy(linha => linha.Order).ToList();\r\nthis.QuotationsApprovalFlow = this.QuotationsApprovalFlow.OrderBy(linha => linha.Order).ToList();\r\nthis.PaymentApprovalFlow = this.PaymentApprovalFlow.OrderBy(linha => linha.Order).ToList();",
      "description": ""
    },
    {
      "name": "AfterChange",
      "type": "AfterChange",
      "attribute": null,
      "expression": "if (this._Dto.HasPropertyChanged(\"RequisitionApprovalFlow\"))\r\n{\r\n    int topValue = 0;\r\n    var lastOrderElement = this.RequisitionApprovalFlow.OrderByDescending(a => a.Order).FirstOrDefault();\r\n    if (lastOrderElement != null)\r\n        topValue = lastOrderElement.Order;\r\n\r\n    var lastLine = this.RequisitionApprovalFlow.LastOrDefault();\r\n    if (lastLine!= null && lastLine.Order == 0)\r\n        lastLine.Order = topValue + 1;\r\n}\r\n\r\nif (this._Dto.HasPropertyChanged(\"QuotationsApprovalFlow\"))\r\n{\r\n    int topValue = 0;\r\n    var lastOrderElement = this.QuotationsApprovalFlow.OrderByDescending(a => a.Order).FirstOrDefault();\r\n    if (lastOrderElement != null)\r\n        topValue = lastOrderElement.Order;\r\n\r\n    var lastLine = this.QuotationsApprovalFlow.LastOrDefault();\r\n    if (lastLine!= null && lastLine.Order == 0)\r\n        lastLine.Order = topValue + 1;\r\n}\r\n\r\nif (this._Dto.HasPropertyChanged(\"PaymentApprovalFlow\"))\r\n{\r\n    int topValue = 0;\r\n    var lastOrderElement = this.PaymentApprovalFlow.OrderByDescending(a => a.Order).FirstOrDefault();\r\n    if (lastOrderElement != null)\r\n        topValue = lastOrderElement.Order;\r\n\r\n    var lastLine = this.PaymentApprovalFlow.LastOrDefault();\r\n    if (lastLine!= null && lastLine.Order == 0)\r\n        lastLine.Order = topValue + 1;\r\n}",
      "description": ""
    },
    {
      "name": "OnManagerChange",
      "type": "Action",
      "attribute": "Manager",
      "expression": "this.ManagerName = \"\";\n// Code generated by an accelerator (you can change it if you need)\n// The following code invokes the API to retrieve the data of an entity and set the values in the current entity\nif(string.IsNullOrEmpty(this.Manager?.ToString()))\n    return;\n\n// In order to prevent to invoke the API if the values were sent by the user\nif(\n    this._Dto.HasPropertyChanged(nameof(this.ManagerName))  \n)\n    return;\n\nvar httpClient = this._Context.CreateApplicationHttpClient();\nvar dataSource = \"Default\";\nvar requestResult = httpClient.GetAsync($\"Employee/{dataSource}/{this.Manager}\").GetAwaiter().GetResult();\n\nif (!requestResult.IsSuccessStatusCode)\n    throw new Exception(SystemApplicationBehaviours.System_GetText(new Dictionary<string, object>{\n\t\t\t\t{\"name\",\"EntityRetrieveError\"},\n\t\t\t\t{\"language\",_Context.Operation.Language},\n\t\t\t\t{\"parameters\",new object[]{this.Manager}}\n\t\t})[\"text\"].ToString());\n\nvar entity = requestResult.Content.ReadAsAsync<EmployeeDto>().GetAwaiter().GetResult();\n\nthis.ManagerName = entity._name; \n",
      "description": ""
    },
    {
      "name": "OnPurchasingManagerChange",
      "type": "Action",
      "attribute": "PurchasingManager",
      "expression": "this.PurchasingManagerName = \"\";\n\n// Code generated by an accelerator (you can change it if you need)\n// The following code invokes the API to retrieve the data of an entity and set the values in the current entity\nif(string.IsNullOrEmpty(this.PurchasingManager?.ToString()))\n    return;\n\n// In order to prevent to invoke the API if the values were sent by the user\nif(\n    this._Dto.HasPropertyChanged(nameof(this.PurchasingManagerName))  \n)\n    return;\n\nvar httpClient = this._Context.CreateApplicationHttpClient();\nvar dataSource = \"Default\";\nvar requestResult = httpClient.GetAsync($\"Employee/{dataSource}/{this.PurchasingManager}\").GetAwaiter().GetResult();\n\nif (!requestResult.IsSuccessStatusCode)\n    throw new Exception(SystemApplicationBehaviours.System_GetText(new Dictionary<string, object>{\n\t\t\t\t{\"name\",\"EntityRetrieveError\"},\n\t\t\t\t{\"language\",_Context.Operation.Language},\n\t\t\t\t{\"parameters\",new object[]{this.PurchasingManager}}\n\t\t})[\"text\"].ToString());\n\nvar entity = requestResult.Content.ReadAsAsync<EmployeeDto>().GetAwaiter().GetResult();\n\nthis.PurchasingManagerName = entity._name; \n",
      "description": ""
    },
    {
      "name": "AfterSave",
      "type": "AfterSave",
      "attribute": null,
      "expression": "var httpClient = this._Context.CreateApplicationHttpClient();\nvar dataSource = \"Default\";\nvar requestCompanyResult = httpClient.PostAsJsonAsync($\"Queries/CompanyQuery/{dataSource}?pageSize=1\", new {}).GetAwaiter().GetResult();\n\nif (!requestCompanyResult.IsSuccessStatusCode)\n    throw new Exception(SystemApplicationBehaviours.System_GetText(new Dictionary<string, object>{\n        \t{\"name\",\"QueryExecuteError\"},\n        \t{\"language\",_Context.Operation.Language},\n        \t{\"parameters\",new object[]{\"CompanyQuery\"}}\n        })[\"text\"].ToString());\n\nvar resultCompany = requestCompanyResult.Content.ReadAsAsync<List<Dictionary<string, object>>>().GetAwaiter().GetResult();\nvar primavera = resultCompany.First()[\"primavera\"].ToString();\n\n\n\nDictionary<string, object> requestData = new Dictionary<string, object>();\n                    requestData.Add(\"entity\", this.ToDto());\n\nif(this._Context.Operation.Action == Libraries.Infrastructure.Behaviours.Action.EntityDelete)\n            requestData.Add(\"delete\", true);\n                    \nvar request = httpClient.PostAsJsonAsync($\"Behaviours/{primavera}/OrganizationalUnitUpdateERP\", requestData).GetAwaiter().GetResult();\n\nSystemApplicationBehaviours.EnsureSuccessApiResult(new Dictionary<string, object> { { \"requestResult\", request } }, _Context);\n\nvar result =  request.Content.ReadAsAsync<Dictionary<string, object>>()\n     .GetAwaiter().GetResult();\n\nreturn new AfterSaveMessage(\"\", AfterSaveMessageType.Success);\n\n\n",
      "description": ""
    },
    {
      "name": "Initialize",
      "type": "Initialize",
      "attribute": null,
      "expression": "if (_Context.Operation.IsNew)         \r\n{\r\n    this.RequisitionApprovalFlow.Add(new ApprovalFlowItem(this._Context) { ApprovalProfile = \"2\", Amount = 0, Order = 2 });\r\n    this.RequisitionApprovalFlow.Add(new ApprovalFlowItem(this._Context) { ApprovalProfile = \"3\", Amount = 0, Order = 3 });\r\n\r\n    this.QuotationsApprovalFlow.Add(new ApprovalFlowItem(this._Context) { ApprovalProfile = \"1\", Amount = 0, Order = 1 });\r\n    this.QuotationsApprovalFlow.Add(new ApprovalFlowItem(this._Context) { ApprovalProfile = \"2\", Amount = 0, Order = 2 });\r\n    this.QuotationsApprovalFlow.Add(new ApprovalFlowItem(this._Context) { ApprovalProfile = \"3\", Amount = 0, Order = 3 });\r\n\r\n    this.PaymentApprovalFlow.Add(new ApprovalFlowItem(this._Context) { ApprovalProfile = \"1\", Amount = 0, Order = 1 });\r\n    this.PaymentApprovalFlow.Add(new ApprovalFlowItem(this._Context) { ApprovalProfile = \"2\", Amount = 0, Order = 2 });\r\n    this.PaymentApprovalFlow.Add(new ApprovalFlowItem(this._Context) { ApprovalProfile = \"3\", Amount = 0, Order = 3 });\r\n}",
      "description": ""
    }
  ],
  "behaviourNamespaces": []
}