{
  "name": "QuotationLinesERP",
  "isRoot": true,
  "attributes": [
    {
      "name": "_code",
      "type": "Text",
      "isSystem": true,
      "isReadOnly": true,
      "description": null,
      "multiplicity": {
        "lower": 1,
        "upper": 1
      },
      "aggregationKind": "None",
      "isSensitiveData": null,
      "dependsOnAttribute": null
    },
    {
      "name": "_name",
      "type": "Text",
      "isSystem": true,
      "isReadOnly": true,
      "description": null,
      "multiplicity": {
        "lower": 1,
        "upper": 1
      },
      "aggregationKind": "None",
      "isSensitiveData": null,
      "dependsOnAttribute": null
    },
    {
      "name": "_description",
      "type": "Text",
      "isSystem": true,
      "isReadOnly": true,
      "description": null,
      "multiplicity": {
        "lower": 0,
        "upper": 1
      },
      "aggregationKind": "None",
      "isSensitiveData": null,
      "dependsOnAttribute": null
    },
    {
      "name": "_inactive",
      "type": "Boolean",
      "isSystem": true,
      "isReadOnly": true,
      "description": null,
      "multiplicity": {
        "lower": 1,
        "upper": 1
      },
      "aggregationKind": "None",
      "isSensitiveData": null,
      "dependsOnAttribute": null
    },
    {
      "name": "UnitPrice",
      "type": "Decimal",
      "isSystem": false,
      "isReadOnly": true,
      "description": "",
      "multiplicity": {
        "lower": 1,
        "upper": 1
      },
      "aggregationKind": "None",
      "isSensitiveData": false,
      "dependsOnAttribute": ""
    },
    {
      "name": "DeliveryDate",
      "type": "Date",
      "isSystem": false,
      "isReadOnly": true,
      "description": "",
      "multiplicity": {
        "lower": 1,
        "upper": 1
      },
      "aggregationKind": "None",
      "isSensitiveData": false,
      "dependsOnAttribute": ""
    },
    {
      "name": "Supplier",
      "type": "Text",
      "isSystem": false,
      "isReadOnly": true,
      "description": "",
      "multiplicity": {
        "lower": 1,
        "upper": 1
      },
      "aggregationKind": "None",
      "isSensitiveData": false,
      "dependsOnAttribute": ""
    },
    {
      "name": "SupplierName",
      "type": "Text",
      "isSystem": false,
      "isReadOnly": true,
      "description": "",
      "multiplicity": {
        "lower": 1,
        "upper": 1
      },
      "aggregationKind": "None",
      "isSensitiveData": false,
      "dependsOnAttribute": ""
    },
    {
      "name": "Discount",
      "type": "Decimal",
      "isSystem": false,
      "isReadOnly": true,
      "description": "",
      "multiplicity": {
        "lower": 1,
        "upper": 1
      },
      "aggregationKind": "None",
      "isSensitiveData": false,
      "dependsOnAttribute": ""
    },
    {
      "name": "Total",
      "type": "Decimal",
      "isSystem": false,
      "isReadOnly": true,
      "description": "",
      "multiplicity": {
        "lower": 1,
        "upper": 1
      },
      "aggregationKind": "None",
      "isSensitiveData": false,
      "dependsOnAttribute": ""
    }
  ],
  "dataSource": "Primavera",
  "description": "",
  "dataBehaviours": [
    {
      "name": "Create",
      "type": "Create",
      "expression": " ",
      "description": ""
    },
    {
      "name": "Delete",
      "type": "Delete",
      "expression": " ",
      "description": ""
    },
    {
      "name": "Read",
      "type": "Read",
      "expression": "QuotationLinesERPDto dto = new QuotationLinesERPDto();\r\n\r\n            List<string> codSplit = identifier.Split('.').ToList();\r\n\r\n            if (codSplit != null && codSplit.Count > 0)\r\n            {\r\n                string tipoDoc = codSplit[0];\r\n                string serieDoc = codSplit[1];\r\n                int numDoc = Convert.ToInt32(codSplit[2]);\r\n                string artigo = \"\";\r\n                \r\n                for(int i = 3; i< codSplit.Count -1;i++)\r\n                    artigo += codSplit[i] + \".\";\r\n                if (artigo.EndsWith(\".\"))\r\n                    artigo = artigo.Substring(0, artigo.Length - 1);\r\n\r\n                Dictionary<string, object> queryData = new Dictionary<string, object> { { \"Company\", this._Context.Operation.DataSource }, { \"Query\", $@\"\r\n                    SELECT LC_COT.Artigo as _code, \r\n                        A.Descricao as _name, \r\n                        A.Descricao as _description, \r\n                        LC_COT.PrecUnit as unitPrice, \r\n                        LC_COT.DataEntrega as deliveryDate, \r\n                        F.Fornecedor as supplier, \r\n                        F.Nome as supplierName,\r\n                        ((LC_COT.TotalDA + LC_COT.TotalDC+ LC_COT.TotalDF + LC_COT.TotalRecargo)/ LC_COT.TotalIliquido) * 100 as discount, \r\n\t\t\t\t\t\tLC_COT.PrecoLiquido as total\r\n                    FROM LinhasCompras LC_COT \r\n                        INNER JOIN CabecCompras CC_COT ON CC_COT.Id = LC_COT.IdCabecCompras \r\n                        INNER JOIN LinhasComprasTrans LCT_COT ON LCT_COT.IdLinhasCompras = LC_COT.Id \r\n                        INNER JOIN LinhasCompras LC_PCO ON LC_PCO.Id = LCT_COT.IdLinhasComprasOrigem \r\n                        INNER JOIN CabecCompras CC_PCO ON CC_PCO.Id = LC_PCO.IdCabecCompras \r\n                        INNER JOIN LinhasInternos LC_RI ON LC_RI.Id = LC_PCO.IdLinhaOrigemCopia \r\n                        INNER JOIN CabecInternos CI_RI ON CI_RI.Id = LC_RI.IdCabecInternos \r\n                        INNER JOIN Fornecedores F ON F.Fornecedor = CC_COT.Entidade \r\n                        INNER JOIN Artigo A ON A.Artigo = LC_COT.Artigo \r\n                    WHERE CI_RI.CDU_CodOmnia IS NOT NULL AND CC_COT.TipoDoc = '{tipoDoc}' AND CC_COT.Serie = '{serieDoc}' AND CC_COT.NumDoc = {numDoc} AND LC_COT.Artigo = '{artigo}'\r\n                \"}};\r\n                var queryResult = PrimaveraApplicationBehaviours.PrimaveraRead(queryData, this._Context);\r\n                var entityData = (Dictionary<string, object>)queryResult[\"Data\"];\r\n                \r\n                dto._code = identifier;\r\n                dto._name = entityData[\"_name\"].ToString();\r\n                dto.UnitPrice = Convert.ToDecimal(entityData[\"unitPrice\"]);\r\n                dto.Supplier = entityData[\"supplier\"].ToString();\r\n                dto.SupplierName = entityData[\"supplierName\"].ToString();\r\n                dto.DeliveryDate = Convert.ToDateTime(entityData[\"deliveryDate\"]);\r\n                dto.Discount = Convert.ToDecimal(entityData[\"discount\"]);\r\n                dto.Total = Convert.ToDecimal(entityData[\"total\"]);\r\n            }\r\n            \r\n            return dto;",
      "description": ""
    },
    {
      "name": "ReadList",
      "type": "ReadList",
      "expression": "  Dictionary<string, object> queryData = new Dictionary<string, object> {\r\n                { \"Company\", this._Context.Operation.DataSource },\r\n                { \"QueryContext\", queryContext } ,\r\n                { \"Page\", page }, { \"Rows\", pageSize },\r\n                { \"KeyParameter\", \"_code\" } };\r\n            var queryResult = PrimaveraApplicationBehaviours.PrimaveraReadList(queryData, this._Context);\r\n            return (\r\n               (int)queryResult[\"NumberOfRecords\"],\r\n               (List<IDictionary<string, object>>)queryResult[\"Data\"]\r\n           );",
      "description": ""
    },
    {
      "name": "Update",
      "type": "Update",
      "expression": " ",
      "description": ""
    }
  ],
  "entityBehaviours": [],
  "behaviourNamespaces": []
}