{
  "name": "QuoteRequests",
  "isRoot": true,
  "attributes": [
    {
      "name": "_code",
      "type": "Text",
      "length": null,
      "isSystem": true,
      "isReadOnly": true,
      "description": null,
      "multiplicity": {
        "lower": 1,
        "upper": 1
      },
      "aggregationKind": "None",
      "isSensitiveData": null,
      "dependsOnAttribute": null
    },
    {
      "name": "_name",
      "type": "Text",
      "length": null,
      "isSystem": true,
      "isReadOnly": false,
      "description": null,
      "multiplicity": {
        "lower": 1,
        "upper": 1
      },
      "aggregationKind": "None",
      "isSensitiveData": null,
      "dependsOnAttribute": null
    },
    {
      "name": "_description",
      "type": "Text",
      "length": null,
      "isSystem": true,
      "isReadOnly": false,
      "description": null,
      "multiplicity": {
        "lower": 0,
        "upper": 1
      },
      "aggregationKind": "None",
      "isSensitiveData": null,
      "dependsOnAttribute": null
    },
    {
      "name": "_inactive",
      "type": "Boolean",
      "length": null,
      "isSystem": true,
      "isReadOnly": false,
      "description": null,
      "multiplicity": {
        "lower": 1,
        "upper": 1
      },
      "aggregationKind": "None",
      "isSensitiveData": null,
      "dependsOnAttribute": null
    },
    {
      "name": "ID",
      "type": "Uuid",
      "length": null,
      "isSystem": false,
      "isReadOnly": true,
      "description": "ID do Documento Primavera",
      "multiplicity": {
        "lower": 0,
        "upper": 1
      },
      "aggregationKind": "None",
      "isSensitiveData": false,
      "dependsOnAttribute": ""
    },
    {
      "name": "Requisition",
      "type": "Text",
      "length": null,
      "isSystem": false,
      "isReadOnly": true,
      "description": "Nº da Requisição Criada no OMNIA",
      "multiplicity": {
        "lower": 1,
        "upper": 1
      },
      "aggregationKind": "None",
      "isSensitiveData": false,
      "dependsOnAttribute": ""
    },
    {
      "name": "Date",
      "type": "Date",
      "length": null,
      "isSystem": false,
      "isReadOnly": true,
      "description": "Data do Pedido",
      "multiplicity": {
        "lower": 1,
        "upper": 1
      },
      "aggregationKind": "None",
      "isSensitiveData": false,
      "dependsOnAttribute": ""
    },
    {
      "name": "DocNumber",
      "type": "Text",
      "length": null,
      "isSystem": false,
      "isReadOnly": true,
      "description": "",
      "multiplicity": {
        "lower": 0,
        "upper": 1
      },
      "aggregationKind": "None",
      "isSensitiveData": false,
      "dependsOnAttribute": ""
    },
    {
      "name": "Items",
      "type": "QuoteRequestItems",
      "length": null,
      "isSystem": false,
      "isReadOnly": false,
      "description": "",
      "multiplicity": {
        "lower": 0,
        "upper": 100
      },
      "aggregationKind": "Composite",
      "isSensitiveData": false,
      "dependsOnAttribute": ""
    },
    {
      "name": "Primavera",
      "type": "Primavera",
      "length": null,
      "isSystem": false,
      "isReadOnly": false,
      "description": "",
      "multiplicity": {
        "lower": 0,
        "upper": 1
      },
      "aggregationKind": "Shared",
      "isSensitiveData": false,
      "dependsOnAttribute": ""
    },
    {
      "name": "Supplier",
      "type": "Supplier",
      "length": null,
      "isSystem": false,
      "isReadOnly": false,
      "description": "",
      "multiplicity": {
        "lower": 1,
        "upper": 1
      },
      "aggregationKind": "Shared",
      "isSensitiveData": false,
      "dependsOnAttribute": "Primavera"
    },
    {
      "name": "Filial",
      "type": "Text",
      "length": null,
      "isSystem": false,
      "isReadOnly": true,
      "description": "",
      "multiplicity": {
        "lower": 0,
        "upper": 1
      },
      "aggregationKind": "None",
      "isSensitiveData": false,
      "dependsOnAttribute": ""
    },
    {
      "name": "SupplierDiscount",
      "type": "Decimal",
      "length": null,
      "isSystem": false,
      "isReadOnly": false,
      "description": "",
      "multiplicity": {
        "lower": 1,
        "upper": 1
      },
      "aggregationKind": "None",
      "isSensitiveData": false,
      "dependsOnAttribute": ""
    },
    {
      "name": "TotalMercServ",
      "type": "Decimal",
      "length": null,
      "isSystem": false,
      "isReadOnly": true,
      "description": "",
      "multiplicity": {
        "lower": 1,
        "upper": 1
      },
      "aggregationKind": "None",
      "isSensitiveData": false,
      "dependsOnAttribute": ""
    },
    {
      "name": "TotalTax",
      "type": "Decimal",
      "length": null,
      "isSystem": false,
      "isReadOnly": true,
      "description": "",
      "multiplicity": {
        "lower": 1,
        "upper": 1
      },
      "aggregationKind": "None",
      "isSensitiveData": false,
      "dependsOnAttribute": ""
    },
    {
      "name": "TotalDiscount",
      "type": "Decimal",
      "length": null,
      "isSystem": false,
      "isReadOnly": true,
      "description": "",
      "multiplicity": {
        "lower": 1,
        "upper": 1
      },
      "aggregationKind": "None",
      "isSensitiveData": false,
      "dependsOnAttribute": ""
    },
    {
      "name": "TotalDoc",
      "type": "Decimal",
      "length": null,
      "isSystem": false,
      "isReadOnly": true,
      "description": "",
      "multiplicity": {
        "lower": 1,
        "upper": 1
      },
      "aggregationKind": "None",
      "isSensitiveData": false,
      "dependsOnAttribute": ""
    },
    {
      "name": "SupplierName",
      "type": "Text",
      "length": null,
      "isSystem": false,
      "isReadOnly": true,
      "description": "",
      "multiplicity": {
        "lower": 1,
        "upper": 1
      },
      "aggregationKind": "None",
      "isSensitiveData": false,
      "dependsOnAttribute": ""
    },
    {
      "name": "BaseDiscount",
      "type": "Decimal",
      "length": null,
      "isSystem": false,
      "isReadOnly": true,
      "description": "",
      "multiplicity": {
        "lower": 1,
        "upper": 1
      },
      "aggregationKind": "None",
      "isSensitiveData": false,
      "dependsOnAttribute": ""
    },
    {
      "name": "DocStatus",
      "type": "Boolean",
      "length": null,
      "isSystem": false,
      "isReadOnly": false,
      "description": "",
      "multiplicity": {
        "lower": 0,
        "upper": 1
      },
      "aggregationKind": "None",
      "isSensitiveData": false,
      "dependsOnAttribute": ""
    },
    {
      "name": "ReqOrganizationalUnit",
      "type": "Text",
      "length": null,
      "isSystem": false,
      "isReadOnly": false,
      "description": "",
      "multiplicity": {
        "lower": 0,
        "upper": 1
      },
      "aggregationKind": "None",
      "isSensitiveData": false,
      "dependsOnAttribute": ""
    },
    {
      "name": "ReqAuthor",
      "type": "Text",
      "length": null,
      "isSystem": false,
      "isReadOnly": false,
      "description": "",
      "multiplicity": {
        "lower": 0,
        "upper": 1
      },
      "aggregationKind": "None",
      "isSensitiveData": false,
      "dependsOnAttribute": ""
    },
    {
      "name": "ReqAuthorName",
      "type": "Text",
      "length": null,
      "isSystem": false,
      "isReadOnly": true,
      "description": "",
      "multiplicity": {
        "lower": 0,
        "upper": 1
      },
      "aggregationKind": "None",
      "isSensitiveData": false,
      "dependsOnAttribute": ""
    }
  ],
  "dataSource": "Primavera",
  "description": "",
  "dataBehaviours": [
    {
      "name": "Create",
      "type": "Create",
      "expression": " ",
      "description": ""
    },
    {
      "name": "Delete",
      "type": "Delete",
      "expression": " ",
      "description": ""
    },
    {
      "name": "Read",
      "type": "Read",
      "expression": "var logger = this._Context.Services.GetService<ILogger<Context>>();\r\nlogger.LogInformation($\"QuoteRequests Read: Iniciou\");\r\nList<string> documentoERP = identifier?.Split('.').ToList();\r\n\r\nQuoteRequestsDto dto = new QuoteRequestsDto();\r\n\r\nif (documentoERP != null && documentoERP.Count == 4)\r\n{\r\n    string tipoDoc = documentoERP[0];\r\n    string serieDoc = documentoERP[1];\r\n    string numDoc = documentoERP[2];\r\n    string fornecedor = documentoERP[3];\r\n    var Supplier = string.Empty;\r\n    var SupplierName = string.Empty;\r\n\r\n    var httpClient = this._Context.CreateApplicationHttpClient();\r\n    logger.LogInformation($\"QuoteRequests Read: Before GetExternalUserByUserQuery\");\r\n    var requestResult = httpClient.PostAsJsonAsync(\"Queries/GetExternalUserByUserQuery/Default?page=1&pageSize=1\",\r\n      new\r\n      {\r\n          Parameters = new List<object>{\r\n                new {Name = \"type\", Value = \"Supplier\"},\r\n                new {Name = \"datasource\", Value = this._Context.Operation.DataSource}\r\n          }\r\n      }\r\n    ).GetAwaiter().GetResult();\r\n\r\n    if (!requestResult.IsSuccessStatusCode)\r\n        throw new Exception(PrimaveraApplicationBehaviours.Primavera_GetText(new Dictionary<string, object>{\r\n            {\"name\",\"QueryExecuteErrorStatus\"},\r\n            {\"language\",_Context.Operation.Language},\r\n            {\"parameters\",new object[]{\"GetExternalUserByUserQuery\",requestResult.StatusCode,requestResult.Content.ReadAsStringAsync().GetAwaiter().GetResult()}}\r\n        })[\"text\"].ToString());\r\n\r\n    var result = requestResult?.Content?.ReadAsAsync<List<Dictionary<string, object>>>().GetAwaiter().GetResult();\r\n    logger.LogInformation($\"QuoteRequests Read: After GetExternalUserByUserQuery\");\r\n    if (result != null && result.Count > 0)\r\n    {\r\n        var employee = result[0];\r\n        Supplier = employee[\"erpcode\"].ToString();\r\n        SupplierName = employee[\"_name\"].ToString();\r\n    }\r\n    else if (!string.IsNullOrEmpty(fornecedor))\r\n        Supplier = fornecedor;\r\n\r\n\r\n    Dictionary<string, object> queryData = new Dictionary<string, object> {\r\n            { \"Company\", this._Context.Operation.DataSource },\r\n            { \"Page\", 1 },\r\n            { \"Rows\", 100 },\r\n            { \"KeyParameter\", \"PCO_CodOmnia\" },\r\n            { \"Query\",   $@\"Select \r\n                        \tCC.Id as PCO_ID\r\n                            ,CC.CDU_CodOmnia as PCO_CodOmnia\r\n                            ,CC.CDU_OrganizationalUnit as PCO_OrganizationUnit\r\n                            ,CC.CDU_Autor as PCO_Autor\r\n                            ,CC.CDU_AutorNome as PCO_AutorNome\r\n                            ,CC_COT.Id as COT_ID\r\n                            ,CC_COT.Nome as COT_Nome\r\n                            ,CASE WHEN CCS_COT.Fechado = 1 OR CCS_COT.Anulado = 1 OR CI.Fechado = 1 THEN 1 ELSE 0 END as Status\r\n                            ,CC.Filial\r\n                            ,CC.DataDoc\r\n                            ,CC.Entidade\r\n                            ,CC.Nome\r\n                            ,cc.DescEntidade\r\n                            ,LC.TipoLinha\r\n                            ,LC.PrecoLiquido\r\n                            ,LC.ValorLiquidoDesconto\r\n                            ,LC.Artigo\r\n                            ,LC.Descricao\r\n                            ,LC.Quantidade\r\n                            ,LC.PrecUnit\r\n                            ,LC.DataEntrega\r\n                            ,LC.Desconto1\r\n                            ,LC.Unidade\r\n                            ,LC.TaxaIva\t\r\n                            ,CC_COT.Tipodoc COT_Tipodoc\r\n                            ,CC_COT.Serie COT_Serie\r\n                            ,CC_COT.NumDoc COT_NumDoc\r\n                            ,CC_COT.Filial COT_Filial\r\n                            ,CC_COT.DescEntidade COT_DescEntidade\r\n                            ,CC_COT.TotalMerc COT_TotalMerc\r\n                            ,CC_COT.TotalDesc COT_TotalDesc\r\n                            ,CC_COT.TotalIva COT_TotalIva\r\n                            ,CC_COT.TotalDocumento COT_TotalDocumento\r\n                            ,LC_COT.PrecoLiquido LC_COT_PrecoLiquido\r\n                            ,LC_COT.ValorLiquidoDesconto LC_COT_ValorLiquidoDesconto\r\n                            ,LC_COT.PrecUnit LC_COT_PrecUnit\r\n                            ,LC_COT.DataEntrega LC_COT_DataEntrega\r\n                            ,LC_COT.Desconto1 LC_COT_Desconto1\r\n                            ,LC_COT.TaxaIva LC_COT_TaxaIva\r\n                        FROM CabecCompras CC\r\n                            INNER JOIN LinhasCompras LC ON LC.IdCabecCompras = CC.Id\r\n                            INNER JOIN LinhasInternos LI ON LI.Id = LC.IdLinhaOrigemCopia\r\n                            INNER JOIN CabecInternos CI ON CI.Id = LI.IdCabecInternos\r\n                            LEFT JOIN LinhasComprasTrans LCT ON LCT.IdLinhasComprasOrigem = LC.Id\r\n                            LEFT JOIN LinhasCompras LC_COT ON LC_COT.Id = LCT.IdLinhasCompras\r\n                            LEFT JOIN CabecCompras CC_COT ON CC_COT.Id = LC_COT.IdCabecCompras AND CC_COT.Entidade = '{Supplier}'\r\n                            LEFT JOIN CabecComprasStatus CCS_COT ON CCS_COT.IdCabecCompras = CC_COT.Id\r\n                        WHERE CC.CDU_CodOmnia IS NOT NULL AND CC.TipoDoc = '{tipoDoc}' AND CC.Serie = '{serieDoc}' AND CC.NumDoc = {numDoc}\" }\r\n    };\r\n\r\n    logger.LogInformation($\"QuoteRequests Read: Before PrimaveraReadList\");\r\n    var queryResult = PrimaveraApplicationBehaviours.PrimaveraReadList(queryData, this._Context);\r\n    List<IDictionary<string, object>> results = new List<IDictionary<string, object>>();\r\n    results = (List<IDictionary<string, object>>)queryResult[\"Data\"];\r\n    logger.LogInformation($\"QuoteRequests Read: After PrimaveraReadList\");\r\n\r\n    dto._code = identifier;\r\n    dto._name = \" \";\r\n    dto.DocNumber = documentoERP[2].ToString();\r\n\r\n    foreach (var data in results)\r\n    {\r\n\r\n        if (dto.ID == null)\r\n        {\r\n            dto.Requisition = data[\"PCO_CodOmnia\"].ToString();\r\n            dto.Date = Convert.ToDateTime(data[\"DataDoc\"]);\r\n            dto.ID = Guid.Parse(data[\"PCO_ID\"].ToString());\r\n            dto.Filial = data[\"Filial\"].ToString();\r\n            dto.ReqOrganizationalUnit = data[\"PCO_OrganizationUnit\"].ToString();\r\n            dto.ReqAuthor = data[\"PCO_Autor\"].ToString();\r\n            dto.ReqAuthorName = data[\"PCO_AutorNome\"].ToString();\r\n\r\n            if (!string.IsNullOrEmpty(data[\"Entidade\"].ToString()))\r\n            {\r\n                dto.Supplier = data[\"Entidade\"].ToString();\r\n                dto.SupplierName = data[\"Nome\"].ToString();\r\n            }\r\n            else if (this._Context.Authentication.UserIsInRole(\"Supplier\"))\r\n            {\r\n                dto.Supplier = Supplier;\r\n                dto.SupplierName = SupplierName;\r\n            }\r\n            else if (!string.IsNullOrEmpty(fornecedor))\r\n            {\r\n                var requestSupplierResult = httpClient.PostAsJsonAsync(\"Queries/GetExternalUserByCodeQuery/Default?page=1&pageSize=1\",\r\n                  new\r\n                  {\r\n                      Parameters = new List<object>{\r\n                        new {Name = \"type\", Value = \"Supplier\"},\r\n                        new {Name = \"datasource\", Value = this._Context.Operation.DataSource},\r\n                        new {Name = \"code\", Value = fornecedor}\r\n                      }\r\n                  }\r\n                ).GetAwaiter().GetResult();\r\n\r\n                if (requestSupplierResult.IsSuccessStatusCode)\r\n                {\r\n                    var resultSupplier = requestSupplierResult?.Content?.ReadAsAsync<List<Dictionary<string, object>>>().GetAwaiter().GetResult();\r\n                    if (resultSupplier[0] != null && resultSupplier.Count > 0)\r\n                    {\r\n                        dto.Supplier = resultSupplier[0][\"erpcode\"].ToString();\r\n                        dto.SupplierName = resultSupplier[0][\"_name\"].ToString();\r\n                    }\r\n                    else\r\n                    {\r\n                        dto.Supplier = fornecedor;\r\n                        dto.SupplierName = data[\"COT_Nome\"].ToString();\r\n                    }\r\n                }\r\n                else\r\n                {\r\n                    dto.Supplier = fornecedor;\r\n                    dto.SupplierName = data[\"COT_Nome\"].ToString();\r\n                }\r\n            }\r\n\r\n            dto.DocStatus = Convert.ToBoolean(data[\"Status\"]);\r\n\r\n            dto.BaseDiscount = Convert.ToDecimal(data[\"DescEntidade\"]);\r\n            dto.SupplierDiscount = dto.BaseDiscount;\r\n\r\n            if (data[\"COT_ID\"] != System.DBNull.Value)\r\n            {\r\n                dto.SupplierDiscount = Convert.ToDecimal(data[\"COT_DescEntidade\"]);\r\n                dto.TotalMercServ = Convert.ToDecimal(data[\"COT_TotalMerc\"]);\r\n                dto.TotalDiscount = Convert.ToDecimal(data[\"COT_TotalDesc\"]);\r\n                dto.TotalTax = Convert.ToDecimal(data[\"COT_TotalIva\"]);\r\n                dto.TotalDoc = Convert.ToDecimal(data[\"COT_TotalDocumento\"]);\r\n            }\r\n        }\r\n\r\n\r\n        int tipoLinha = Convert.ToInt32(data[\"TipoLinha\"]);\r\n        if (tipoLinha >= 10 && tipoLinha < 40)\r\n        {\r\n            decimal total = Convert.ToDecimal(data[\"PrecoLiquido\"]);\r\n            decimal ValorLiquidoDesconto = Convert.ToDecimal(data[\"ValorLiquidoDesconto\"]);\r\n            if (ValorLiquidoDesconto != 0)\r\n                total = total + ValorLiquidoDesconto;\r\n\r\n            QuoteRequestItemsDto itemDto = new QuoteRequestItemsDto()\r\n            {\r\n                //_code = linha.IdLinha,\r\n                //Item = linha.Artigo,\r\n                _code = data[\"Artigo\"].ToString(),\r\n                _name = data[\"Descricao\"].ToString(),\r\n                _description = data[\"Descricao\"].ToString(),\r\n                Quantity = Convert.ToDecimal(data[\"Quantidade\"]),\r\n                Amount = Convert.ToDecimal(data[\"PrecUnit\"]),\r\n                DeliveryDate = Convert.ToDateTime(data[\"DataEntrega\"]),\r\n                Total = total,\r\n                DeliveryDateSupplier = Convert.ToDateTime(data[\"DataEntrega\"]),\r\n                BaseDiscount = Convert.ToDecimal(data[\"Desconto1\"]),\r\n                Unit = data[\"Unidade\"].ToString(),\r\n                VATTax = Convert.ToDecimal(data[\"TaxaIva\"])\r\n            };\r\n\r\n            //Supplier set to load COT lines?\r\n            if (data[\"COT_ID\"] != System.DBNull.Value)\r\n            {\r\n                total = Convert.ToDecimal(data[\"LC_COT_PrecoLiquido\"]);\r\n                ValorLiquidoDesconto = Convert.ToDecimal(data[\"LC_COT_ValorLiquidoDesconto\"]);\r\n\r\n                if (ValorLiquidoDesconto != 0)\r\n                {\r\n                    total = total + ValorLiquidoDesconto;\r\n                }\r\n\r\n                itemDto.QuantitySupplier = itemDto.Quantity;\r\n                itemDto.AmountSupplier = Convert.ToDecimal(data[\"LC_COT_PrecUnit\"]);\r\n                itemDto.DeliveryDateSupplier = Convert.ToDateTime(data[\"LC_COT_DataEntrega\"]);\r\n                itemDto.Discount = Convert.ToInt32(data[\"LC_COT_Desconto1\"]);\r\n                itemDto.TotalSupplier = total;\r\n                itemDto.VATTax = Convert.ToDecimal(data[\"LC_COT_TaxaIva\"]);\r\n\r\n                /*itemDto.erpTipoDoc = tipoDoc;\r\n                itemDto.erpSerieDoc = serieDoc;\r\n                itemDto.erpNumDoc = numDoc;\r\n                itemDto.erpFilial = filial;*/\r\n                itemDto.erpTipoDoc = data[\"COT_Tipodoc\"].ToString();\r\n                itemDto.erpSerieDoc = data[\"COT_Serie\"].ToString();\r\n                itemDto.erpNumDoc = data[\"COT_NumDoc\"].ToString();\r\n                itemDto.erpFilial = data[\"COT_Filial\"].ToString();\r\n            }\r\n            dto.Items.Add(itemDto);\r\n        }\r\n    }\r\n}\r\nelse\r\n{\r\n    throw new Exception(PrimaveraApplicationBehaviours.Primavera_GetText(new Dictionary<string, object>{\r\n        {\"name\",\"SplitIdentifierFailded\"},\r\n        {\"language\",_Context.Operation.Language},\r\n        {\"parameters\",new object[]{identifier,documentoERP?.Count}}\r\n    })[\"text\"].ToString());\r\n}\r\nlogger.LogInformation($\"QuoteRequests Read: Terminou\");\r\nreturn dto;",
      "description": ""
    },
    {
      "name": "ReadList",
      "type": "ReadList",
      "expression": "var httpClient = this._Context.CreateApplicationHttpClient();\r\n            var dataSource = this._Context.Operation.DataSource;\r\n            var tipoDoc = \"\";\r\n            //Get Company\r\n            var requestCompanyResult = httpClient.PostAsJsonAsync($\"Queries/CompleteCompanyQuery/{dataSource}?pageSize=1\", new {Parameters = new List<object>{new{Name = \"datasource\", Value = dataSource}}}).GetAwaiter().GetResult();\r\n\r\n            if (!requestCompanyResult.IsSuccessStatusCode)\r\n                throw new Exception(PrimaveraApplicationBehaviours.Primavera_GetText(new Dictionary<string, object>{\r\n                    {\"name\",\"QueryExecuteError\"},\r\n                    {\"language\",_Context.Operation.Language},\r\n                    {\"parameters\",new object[]{\"CompleteCompanyQuery\"}}\r\n                })[\"text\"].ToString());\r\n\r\n            var resultCompany = requestCompanyResult.Content.ReadAsAsync<List<Dictionary<string, object>>>().GetAwaiter().GetResult();\r\n            if (resultCompany != null && resultCompany.Count > 0)\r\n                tipoDoc = resultCompany.FirstOrDefault()[\"documenterppco\"].ToString();\r\n\r\n            //Get Supplier\r\n            var requestEmployeeResult = httpClient.PostAsJsonAsync($\"Queries/GetExternalUserByUserQuery/default?pageSize=1\", \r\n            new {\r\n                    Parameters = new List<object>{\r\n                        new {Name = \"type\", Value = \"Supplier\"},\r\n                        new {Name = \"datasource\", Value = dataSource}\r\n                    }}\r\n            ).GetAwaiter().GetResult();\r\n\r\n            if (!requestEmployeeResult.IsSuccessStatusCode)\r\n                throw new Exception(PrimaveraApplicationBehaviours.Primavera_GetText(new Dictionary<string, object>{\r\n                    {\"name\",\"GetExternalUserByUserQuery\"},\r\n                    {\"language\",_Context.Operation.Language},\r\n                    {\"parameters\",new object[]{\"CompleteCompanyQuery\"}}\r\n                })[\"text\"].ToString());\r\n\r\n            var resultEmployee = requestEmployeeResult.Content.ReadAsAsync<List<Dictionary<string, object>>>().GetAwaiter().GetResult();\r\n            var entidade = string.Empty;\r\n            if  (resultEmployee!= null  && resultEmployee.Count > 0)\r\n                entidade = resultEmployee.FirstOrDefault()[\"erpcode\"].ToString();\r\n\r\n            //Get Role\r\n            var role = this._Context.Authentication.UserRoles.FirstOrDefault();\r\n\r\n            if (this._Context.Authentication.UserIsInRole(\"Administration\"))\r\n                role = \"Administration\";\r\n            if (this._Context.Authentication.UserIsInRole(\"FinancialAdministration\"))\r\n                role = \"FinancialAdministration\";\r\n            else if (this._Context.Authentication.UserIsInRole(\"Supplier\"))\r\n                role = \"Supplier\";\r\n                \r\n           Dictionary<string, object> queryData = new Dictionary<string, object> {\r\n                { \"Company\", this._Context.Operation.DataSource },\r\n                { \"QueryContext\", queryContext } ,\r\n                { \"Page\", page },\r\n                { \"Rows\", pageSize },\r\n                { \"Sort\", \"DataDoc DESC, NumDoc DESC\" },\r\n                { \"KeyParameter\", \"_code\" },\r\n                { \"Parameters\", new Dictionary<string,string>{\r\n                    {\"TIPODOC\", tipoDoc },\r\n                    {\"ENTIDADE\", entidade },\r\n                    {\"Role\", role }\r\n                } } \r\n            };\r\n            var queryResult = PrimaveraApplicationBehaviours.PrimaveraReadList(queryData, this._Context);\r\n            \r\n            var queryResultData = (List<IDictionary<string, object>>)queryResult[\"Data\"];\r\n            foreach (var resultData in queryResultData)\r\n            {\r\n                resultData.Add(\"DataSource\", this._Context.Operation.DataSource);\r\n            }\r\n            return (\r\n               (int)queryResult[\"NumberOfRecords\"],\r\n               queryResultData\r\n           );",
      "description": ""
    },
    {
      "name": "Update",
      "type": "Update",
      "expression": "var logger = this._Context.Services.GetService<ILogger<Context>>();\r\nlogger.LogInformation(\"QuoteRequests Update -> Início do processo\");\r\n\r\nDictionary<string, object> results = new Dictionary<string, object>();\r\n\r\nErpBS erpBS = null;\r\n\r\ntry\r\n{\r\n\r\n    \r\n    //Consultar Configs da Company\r\n    var httpClient = _Context.CreateApplicationHttpClient();\r\n    var dataSource = _Context.Operation.DataSource;\r\n\r\n    logger.LogInformation($\"QuoteRequests Update {dto._code}-> Carregar Dados da Empresa\");\r\n    //Get Company\r\n    var requestCompanyResult = httpClient.PostAsJsonAsync($\"Queries/CompleteCompanyQuery/{dataSource}?pageSize=1\", new { Parameters = new List<object> { new { Name = \"datasource\", Value = dataSource } } }).GetAwaiter().GetResult();\r\n\r\n   logger.LogInformation($\"QuoteRequests Update {dto._code}-> Carregar Dados da Empresa: After execute POST\");\r\n    if (!requestCompanyResult.IsSuccessStatusCode)\r\n        throw new Exception(PrimaveraApplicationBehaviours.Primavera_GetText(new Dictionary<string, object>{\r\n            {\"name\",\"QueryExecuteError\"},\r\n            {\"language\",_Context.Operation.Language},\r\n            {\"parameters\",new object[]{\"CompleteCompanyQuery\"}}\r\n        })[\"text\"].ToString());\r\n    var resultCompany = requestCompanyResult.Content.ReadAsAsync<List<Dictionary<string, object>>>().GetAwaiter().GetResult();\r\n\r\n\r\n\r\n    if (!resultCompany.First().Keys.Contains(\"documenterpcf\"))\r\n        throw new Exception(PrimaveraApplicationBehaviours.Primavera_GetText(new Dictionary<string, object>{\r\n            {\"name\",\"ErrorCompanyMissingKey\"},\r\n            {\"language\",_Context.Operation.Language},\r\n            {\"parameters\",new object[]{\"documenterpcf\"}}\r\n        })[\"text\"].ToString());\r\n\r\n    logger.LogInformation($\"QuoteRequests Update {dto._code}-> Carregar Dados da Empresa: After execute ReadAsAsync: {resultCompany.First()[\"documenterpcf\"].ToString()}\");\r\n\r\n    var tipoDocCF = resultCompany.First()[\"documenterpcf\"].ToString();\r\n\r\n    logger.LogInformation($\"QuoteRequests Update {dto._code}-> GetERP\");\r\n\r\n    //Abrir Empresa\r\n\r\n    erpBS = GetErpBs();\r\n\r\n    List<string> documentoERP = dto._code?.Split('.').ToList();\r\n\r\n    string tipoDoc = documentoERP[0];\r\n    string serieDoc = documentoERP[1];\r\n    string numDoc = documentoERP[2];\r\n    string filial = dto.Filial;\r\n\r\n    logger.LogInformation($\"QuoteRequests Update {dto._code}-> Before Edita Original\");\r\n\r\n    CmpBEDocumentoCompra documentoOriginal = erpBS.Compras.Documentos.Edita(filial, tipoDoc, serieDoc, Convert.ToInt32(numDoc));\r\n\r\n    if (documentoOriginal == null)\r\n        throw new Exception(PrimaveraApplicationBehaviours.Primavera_GetText(new Dictionary<string, object>{\r\n            {\"name\",\"EntityNotFound\"},\r\n            {\"language\",this._Context.Operation.Language},\r\n            {\"parameters\",new object[]{$\"{tipoDoc}/{serieDoc}/{numDoc}' with filial '{filial}\"}}\r\n        })[\"text\"].ToString());\r\n\r\n    logger.LogInformation($\"QuoteRequests Update {dto._code}-> After Edita Original\");\r\n\r\n    if (dto.Items.Where(item => !string.IsNullOrEmpty(item.erpTipoDoc)).Any())\r\n    {\r\n\r\n        QuoteRequestItemsDto firstItem = dto.Items.Where(item => !string.IsNullOrEmpty(item.erpTipoDoc)).FirstOrDefault();\r\n\r\n        CmpBEDocumentoCompra documentoCotacao = erpBS.Compras.Documentos.Edita(firstItem.erpFilial, firstItem.erpTipoDoc, firstItem.erpSerieDoc, Convert.ToInt32(firstItem.erpNumDoc));\r\n\r\n        if (documentoCotacao == null)\r\n            throw new Exception(PrimaveraApplicationBehaviours.Primavera_GetText(new Dictionary<string, object>{\r\n                {\"name\",\"ErrorRetrieveQuotationDocument\"},\r\n                {\"language\",_Context.Operation.Language},\r\n                {\"parameters\",new object[]{firstItem.erpTipoDoc,firstItem.erpSerieDoc,firstItem.erpNumDoc,firstItem.erpFilial}}\r\n            })[\"text\"].ToString());\r\n\r\n\r\n        documentoCotacao.DescFornecedor = Convert.ToDouble(dto.SupplierDiscount);\r\n\r\n        //Atualizar\r\n        foreach (QuoteRequestItemsDto itemDto in dto.Items.Where(item => !string.IsNullOrEmpty(item.erpTipoDoc)))\r\n        {\r\n            foreach (CmpBELinhaDocumentoCompra linha in documentoCotacao.Linhas)\r\n            {\r\n                //if (itemDto._code == linha.IDLinhaOriginal)\r\n                if (linha.Artigo.Equals(itemDto._code))\r\n                {\r\n                    linha.PrecUnit = Convert.ToDouble(itemDto.AmountSupplier.Value);\r\n                    linha.DataEntrega = itemDto.DeliveryDateSupplier.Value;\r\n                    linha.Desconto1 = Convert.ToSingle(itemDto.Discount);\r\n                }\r\n            }\r\n        }\r\n\r\n        CriaAtualizaDocumentoCompra(documentoOriginal, documentoCotacao);\r\n    }\r\n    else\r\n    {\r\n        CmpBEDocumentoCompra documentoCompra = new CmpBEDocumentoCompra()\r\n        {\r\n            Tipodoc = tipoDocCF,\r\n            Serie = erpBS.Base.Series.DaSerieDefeito(\"C\", tipoDocCF, dto.Date.Value),\r\n            TipoEntidade = \"F\",\r\n            Entidade = dto.Supplier,\r\n            Observacoes = $\"Integração OMNIA: {_Context.Authentication.Username}\"\r\n        };\r\n\r\n        erpBS.Compras.Documentos.PreencheDadosRelacionados(documentoCompra);\r\n\r\n        documentoCompra.DescFornecedor = Convert.ToDouble(dto.SupplierDiscount);\r\n\r\n        CriaAtualizaDocumentoCompra(documentoOriginal, documentoCompra);\r\n    }\r\n}\r\ncatch (Exception ex)\r\n{\r\n    var message = PrimaveraApplicationBehaviours.Primavera_GetText(new Dictionary<string, object>{\r\n        {\"name\",\"ErpIntegrationFailed\"},\r\n        {\"language\",_Context.Operation.Language},\r\n        {\"parameters\",new object[]{ ex.Message }}\r\n    });\r\n\r\n    throw new Exception(message[\"text\"]?.ToString());\r\n}\r\n\r\nlogger.LogInformation($\"QuoteRequests Update {dto._code}-> Terminou\");\r\n\r\nreturn dto;\r\n\r\nErpBS GetErpBs()\r\n{\r\n    Dictionary<string, object> arguments = new Dictionary<string, object>() { { \"Company\", _Context.Operation.DataSource } };\r\n    IDictionary<string, object> openCompanyResult = PrimaveraApplicationBehaviours.Primavera_OpenCompany(arguments, _Context);\r\n    if (!openCompanyResult.ContainsKey(\"ErpBS\"))\r\n    {\r\n        SendError(\"OpenErpCompanyError\");\r\n    }\r\n\r\n    return (ErpBS)openCompanyResult[\"ErpBS\"];\r\n}\r\n\r\nstring GetText(string translation, object[] parameters = null)\r\n{\r\n    var translationParameters = new Dictionary<string, object> { { \"name\", translation }, { \"language\", _Context.Operation.Language } };\r\n\r\n    if (parameters != null)\r\n        translationParameters.Add(\"parameters\", parameters);\r\n\r\n    var exceptionMessageText = PrimaveraApplicationBehaviours.Primavera_GetText(translationParameters);\r\n\r\n    return exceptionMessageText[\"text\"]?.ToString();\r\n}\r\n\r\nvoid SendError(string translation, object[] parameters = null) => throw new Exception(GetText(translation, parameters));\r\n\r\nvoid CriaAtualizaDocumentoCompra(CmpBEDocumentoCompra documentoOriginal, CmpBEDocumentoCompra documentoCompra)\r\n{\r\n    /*if (dto.Items.Where(item => item.AmountSupplier > 0 && item.QuantitySupplier > 0 && item.DeliveryDateSupplier.HasValue && string.IsNullOrEmpty(item.erpTipoDoc)).Any())\r\n    {\r\n        foreach (QuoteRequestItemsDto itemDto in dto.Items.Where(item => item.AmountSupplier > 0 && item.QuantitySupplier > 0 && item.DeliveryDateSupplier.HasValue && string.IsNullOrEmpty(item.erpTipoDoc)))\r\n        {\r\n            double quantidade = Convert.ToDouble(itemDto.QuantitySupplier.Value);\r\n            double precUnit = Convert.ToDouble(itemDto.AmountSupplier.Value); ;\r\n            string emptyString = string.Empty;\r\n\r\n            for (int i = 1; i <= documentoOriginal.Linhas.NumItens; i++)\r\n            {\r\n\r\n                //if (documentoOriginal.Linhas.GetEdita(i).IdLinha == itemDto._code)\r\n                if (documentoOriginal.Linhas.GetEdita(i).Artigo.Equals(itemDto._code))\r\n                {\r\n                    string serieOriginal = documentoOriginal.Serie;\r\n                    string filialOriginal = documentoOriginal.Filial;\r\n\r\n                    erpBS.Compras.Documentos.AdicionaLinhaTransformada(documentoCompra, documentoOriginal.Tipodoc, documentoOriginal.NumDoc, i, ref filialOriginal, ref serieOriginal, quantidade);\r\n                    //erpBS.Compras.Documentos.AdicionaLinha(documentoCompra, itemDto._code, ref quantidade, ref emptyString, ref emptyString, precUnit, 0.0, emptyString, 0.0, 0.0, 0.0, 0.0, 0.0, 0, 0, false, true);\r\n                    documentoCompra.Linhas.GetEdita(documentoCompra.Linhas.NumItens).DataEntrega = itemDto.DeliveryDateSupplier.Value;\r\n                    documentoCompra.Linhas.GetEdita(documentoCompra.Linhas.NumItens).PrecUnit = Convert.ToDouble(itemDto.AmountSupplier.Value);\r\n                    documentoCompra.Linhas.GetEdita(documentoCompra.Linhas.NumItens).Desconto1 = Convert.ToSingle(itemDto.Discount);\r\n                }\r\n            }\r\n        }\r\n    }*/\r\n    logger.LogInformation($\"QuoteRequests Update {dto._code}-> CriaAtualizaDocumentoCompra Inicia\");\r\n\r\n    foreach (QuoteRequestItemsDto itemDto in dto.Items)\r\n    {\r\n        if (itemDto.AmountSupplier > 0 && itemDto.QuantitySupplier > 0 && itemDto.DeliveryDateSupplier.HasValue && string.IsNullOrEmpty(itemDto.erpTipoDoc))\r\n        {\r\n\r\n            double quantidade = Convert.ToDouble(itemDto.QuantitySupplier.Value);\r\n            double precUnit = Convert.ToDouble(itemDto.AmountSupplier.Value); ;\r\n            string emptyString = string.Empty;\r\n\r\n            for (int i = 1; i <= documentoOriginal.Linhas.NumItens; i++)\r\n            {\r\n\r\n                //if (documentoOriginal.Linhas.GetEdita(i).IdLinha == itemDto._code)\r\n                if (documentoOriginal.Linhas.GetEdita(i).Artigo.Equals(itemDto._code))\r\n                {\r\n                    string serieOriginal = documentoOriginal.Serie;\r\n                    string filialOriginal = documentoOriginal.Filial;\r\n\r\n                    erpBS.Compras.Documentos.AdicionaLinhaTransformada(documentoCompra, documentoOriginal.Tipodoc, documentoOriginal.NumDoc, i, ref filialOriginal, ref serieOriginal, quantidade);\r\n                    //erpBS.Compras.Documentos.AdicionaLinha(documentoCompra, itemDto._code, ref quantidade, ref emptyString, ref emptyString, precUnit, 0.0, emptyString, 0.0, 0.0, 0.0, 0.0, 0.0, 0, 0, false, true);\r\n                    documentoCompra.Linhas.GetEdita(documentoCompra.Linhas.NumItens).DataEntrega = itemDto.DeliveryDateSupplier.Value;\r\n                    documentoCompra.Linhas.GetEdita(documentoCompra.Linhas.NumItens).PrecUnit = Convert.ToDouble(itemDto.AmountSupplier.Value);\r\n                    documentoCompra.Linhas.GetEdita(documentoCompra.Linhas.NumItens).Desconto1 = Convert.ToSingle(itemDto.Discount);\r\n                }\r\n            }\r\n        }\r\n    }\r\n\r\n    documentoCompra.CamposUtil[\"CDU_CodOmnia\"].Valor = dto.Requisition;\r\n    documentoCompra.CamposUtil[\"CDU_OrganizationalUnit\"].Valor = dto.ReqOrganizationalUnit;\r\n    documentoCompra.CamposUtil[\"CDU_Autor\"].Valor = dto.ReqAuthor;\r\n    documentoCompra.CamposUtil[\"CDU_AutorNome\"].Valor = dto.ReqAuthorName;\r\n    logger.LogInformation($\"QuoteRequests Update {dto._code}-> CriaAtualizaDocumentoCompra vai atualizar\");\r\n    erpBS.Compras.Documentos.Actualiza(documentoCompra);\r\n\r\n    logger.LogInformation($\"QuoteRequests Update {dto._code}-> CriaAtualizaDocumentoCompra Fim\");\r\n}",
      "description": ""
    }
  ],
  "entityBehaviours": [
    {
      "name": "Initialize",
      "type": "Initialize",
      "attribute": null,
      "expression": "var logger = this._Context.Services.GetService<ILogger<Context>>();\r\nlogger.LogInformation($\"QuoteRequests Initialize: Iniciou\");\r\nvar httpClient = _Context.CreateApplicationHttpClient();\r\n\r\nlogger.LogInformation($\"QuoteRequests Initialize: Before Get Primavera\");\r\n//Get Primavera\r\nvar primaveraResult = httpClient.GetAsync($\"Primavera/Default/{this._Context.Operation.DataSource}\").Result;\r\n\r\nPrimaveraApplicationBehaviours.Primavera_EnsureSuccessApiResult(new Dictionary<string, object>\r\n{\r\n    {\"requestResult\", primaveraResult}\r\n}, this._Context);\r\n\r\nthis.Primavera = primaveraResult.Content.ReadAsAsync<PrimaveraDto>().Result._code;\r\nlogger.LogInformation($\"QuoteRequests Initialize: After Get Primavera\");\r\n\r\nvar args = new Dictionary<string, object>()\r\n{\r\n    {\"quoteRequests\", this.ToDto() }\r\n};\r\n\r\nlogger.LogInformation($\"QuoteRequests Initialize: Before Primavera_PreencheCotacaoERP\");\r\nIDictionary<string, object> requestResults = PrimaveraApplicationBehaviours.Primavera_PreencheCotacaoERP(args, _Context);\r\nCmpBEDocumentoCompra documentoCompra = null;\r\nlogger.LogInformation($\"QuoteRequests Initialize: After Primavera_PreencheCotacaoERP\");\r\n\r\nif (requestResults.ContainsKey(\"documentoERP\"))\r\n    documentoCompra = (CmpBEDocumentoCompra)requestResults[\"documentoERP\"];\r\nelse\r\n    throw new Exception(PrimaveraApplicationBehaviours.Primavera_GetText(new Dictionary<string, object>{\r\n        {\"name\",\"ErrorPreencheCotacaoERPMissingKey\"},\r\n        {\"language\",_Context.Operation.Language},\r\n        {\"parameters\",new object[]{\"documentoERP\"}}\r\n    })[\"text\"].ToString());\r\n    \r\nif (SupplierDiscount == -1)\r\n    SupplierDiscount = Convert.ToInt32(documentoCompra.DescFornecedor);\r\n    \r\nforeach (CmpBELinhaDocumentoCompra linha in documentoCompra.Linhas)\r\n{\r\n    foreach (QuoteRequestItems item in Items)\r\n    {\r\n        //if (linha.IdLinha == item._code)\r\n        if (linha.Artigo.Equals(item._code))\r\n        {\r\n            item.TotalSupplier = Convert.ToDecimal(linha.PrecoLiquido + linha.TotalIva + linha.TotalEcotaxa + linha.TotalIEC + linha.TotalRecargo);\r\n            item.Discount = Convert.ToInt32(linha.Desconto1);\r\n        }\r\n    }\r\n}\r\n\r\ndocumentoCompra = null;\r\nlogger.LogInformation($\"QuoteRequests Initialize: Terminou\");",
      "description": ""
    },
    {
      "name": "OnChange_Supplier",
      "type": "Action",
      "attribute": "Supplier",
      "expression": "if (!string.IsNullOrEmpty(newValue))\r\n{\r\n    Console.WriteLine(\"*******************************\");\r\n    var httpClient = this._Context.CreateApplicationHttpClient();\r\n\r\n    Console.WriteLine(\"Before Get Supplier\");\r\n    \r\n    var supplierDao = new Daos.SupplierDao(this._Context);\r\n    var entity = supplierDao.Read(newValue, null);\r\n\r\n    this.SupplierName = entity._name;\r\n     if(this.SupplierDiscount <= 0)\r\n        this.SupplierDiscount = entity.Desconto.Value;\r\n\r\n    string[] erpDoc = this._code.Split('.');\r\n\r\n    string tipoDoc = erpDoc[0];\r\n    string serie = erpDoc[1];\r\n    string numDoc = erpDoc[2];\r\n    \r\n    //Get Quotation Lines, if they exist\r\n    Dictionary<string, object> queryData = new Dictionary<string, object> {\r\n    { \"Company\", this._Context.Operation.DataSource },\r\n    { \"Page\", 1 }, { \"Rows\", 1 },\r\n    { \"KeyParameter\", \"Id\" },\r\n    { \"Query\", $@\"SELECT TOP 1 CC_COT.Id\r\n                FROM CabecCompras CC\r\n                INNER JOIN LinhasCompras LC ON LC.IdCabecCompras = CC.Id\r\n                LEFT JOIN LinhasComprasTrans LCT ON LCT.IdLinhasComprasOrigem = LC.Id\r\n                LEFT JOIN LinhasCompras LC_COT ON LC_COT.Id = LCT.IdLinhasCompras\r\n                LEFT JOIN CabecCompras CC_COT ON LC_COT.IdCabecCompras = CC_COT.Id\r\n                WHERE CC_COT.Entidade = '{newValue}' AND CC.CDU_CodOmnia = '{Requisition}' AND CC.TipoDoc = '{tipoDoc}' AND CC.Serie = '{serie}' AND CC.NumDoc = {numDoc}\" } };\r\n\r\n    var queryResult = PrimaveraApplicationBehaviours.PrimaveraReadList(queryData, this._Context);\r\n    List<IDictionary<string, object>> results = new List<IDictionary<string, object>>();\r\n    results = (List<IDictionary<string, object>>)queryResult[\"Data\"];\r\n\r\n    string id = string.Empty;\r\n\r\n    if (results.Count > 0)\r\n    {\r\n\r\n        foreach (var data in results)\r\n        {\r\n            var idCabecCompras = data[\"Id\"].ToString();\r\n\r\n            Dictionary<string, object> arguments = new Dictionary<string, object>()\r\n                {\r\n                    {\"id\", idCabecCompras }\r\n                };\r\n\r\n            IDictionary<string, object> editaResults = PrimaveraApplicationBehaviours.Primavera_EditaDocumentoCompra(arguments, _Context);\r\n            CmpBEDocumentoCompra documentoCotacao = null;\r\n\r\n            if (editaResults.ContainsKey(\"documentoCompra\"))\r\n            {\r\n                JsonSerializerSettings settings = new JsonSerializerSettings\r\n                            {\r\n                                TypeNameHandling = TypeNameHandling.All,\r\n                                Converters = { new ERP.InvBEEncargosConverter() },\r\n                                MetadataPropertyHandling = MetadataPropertyHandling.Ignore\r\n                            };\r\n                documentoCotacao = JsonConvert.DeserializeObject<CmpBEDocumentoCompra>(editaResults[\"documentoCompra\"].ToString(), settings);\r\n            }\r\n            else\r\n            {\r\n                var message = PrimaveraApplicationBehaviours.Primavera_GetText(new Dictionary<string, object>{\r\n                                    {\"name\",\"EditPurchaseDocumentFailedWithId\"},\r\n                                    {\"language\",_Context.Operation.Language},\r\n                                       {\"parameters\",new object[]{ id }}\r\n                                    });\r\n\r\n                throw new Exception(message[\"text\"]?.ToString());\r\n            }\r\n\r\n            this.SupplierDiscount = Convert.ToDecimal(documentoCotacao.DescFornecedor);\r\n\r\n            this.TotalMercServ = Convert.ToDecimal(documentoCotacao.TotalMerc);\r\n            this.TotalDiscount = Convert.ToDecimal(documentoCotacao.TotalDesc);\r\n            this.TotalTax = Convert.ToDecimal(documentoCotacao.TotalIva);\r\n            this.TotalDoc = Convert.ToDecimal(documentoCotacao.TotalDocumento);\r\n\r\n            foreach (CmpBELinhaDocumentoCompra linhaCOT in documentoCotacao.Linhas)\r\n            {\r\n                foreach (QuoteRequestItems linhaDto in Items)\r\n                {\r\n                    if (linhaDto._code.Equals(linhaCOT.Artigo))\r\n                    {\r\n                        decimal total = Convert.ToDecimal(linhaCOT.PrecoLiquido);\r\n\r\n                        if (linhaCOT.ValorLiquidoDesconto != 0)\r\n                        {\r\n                            total = total + Convert.ToDecimal(linhaCOT.ValorLiquidoDesconto);\r\n                        }\r\n\r\n                        linhaDto.QuantitySupplier = linhaDto.Quantity;\r\n                        linhaDto.AmountSupplier = Convert.ToDecimal(linhaCOT.PrecUnit);\r\n                        linhaDto.DeliveryDateSupplier = linhaCOT.DataEntrega;\r\n                        linhaDto.Discount = Convert.ToInt32(linhaCOT.Desconto1);\r\n                        linhaDto.TotalSupplier = total;\r\n\r\n                        linhaDto.erpTipoDoc = documentoCotacao.Tipodoc;\r\n                        linhaDto.erpSerieDoc = documentoCotacao.Serie;\r\n                        linhaDto.erpNumDoc = documentoCotacao.NumDoc.ToString();\r\n                        linhaDto.erpFilial = documentoCotacao.Filial;\r\n                        linhaDto.VATTax = Convert.ToDecimal(linhaCOT.TaxaIva);\r\n                        linhaDto.Unit = linhaCOT.Unidade;\r\n                    }\r\n                }\r\n            }\r\n        }\r\n    }\r\n    else\r\n    {\r\n        foreach (QuoteRequestItems linhaDto in Items)\r\n        {\r\n            linhaDto.QuantitySupplier = linhaDto.Quantity;\r\n            linhaDto.AmountSupplier = 0;\r\n            linhaDto.DeliveryDateSupplier = DateTime.Now;\r\n            linhaDto.Discount = 0;\r\n            linhaDto.TotalSupplier = 0;\r\n\r\n            linhaDto.erpTipoDoc = string.Empty;\r\n            linhaDto.erpSerieDoc = string.Empty;\r\n            linhaDto.erpNumDoc = string.Empty;\r\n            linhaDto.erpFilial = string.Empty;\r\n        }\r\n    }\r\n}\r\nelse\r\n{\r\n    foreach (QuoteRequestItems linhaDto in Items)\r\n    {\r\n        linhaDto.QuantitySupplier = linhaDto.Quantity;\r\n        linhaDto.AmountSupplier = 0;\r\n        linhaDto.DeliveryDateSupplier = DateTime.Now;\r\n        linhaDto.Discount = 0;\r\n        linhaDto.TotalSupplier = 0;\r\n\r\n        linhaDto.erpTipoDoc = string.Empty;\r\n        linhaDto.erpSerieDoc = string.Empty;\r\n        linhaDto.erpNumDoc = string.Empty;\r\n        linhaDto.erpFilial = string.Empty;\r\n    }\r\n}",
      "description": ""
    },
    {
      "name": "AfterChange",
      "type": "AfterChange",
      "attribute": null,
      "expression": "var args = new Dictionary<string, object>()\r\n            {\r\n                {\"quoteRequests\", this.ToDto() }\r\n            };\r\n\r\n            IDictionary<string, object> requestResults = PrimaveraApplicationBehaviours.Primavera_PreencheCotacaoERP(args, _Context);\r\n            CmpBEDocumentoCompra documentoCompra = null;\r\n\r\n            if (requestResults.ContainsKey(\"documentoERP\"))\r\n                documentoCompra = (CmpBEDocumentoCompra)requestResults[\"documentoERP\"];\r\n            else\r\n                throw new Exception(PrimaveraApplicationBehaviours.Primavera_GetText(new Dictionary<string, object>{\r\n                    {\"name\",\"ErrorPreencheCotacaoERPMissingKey\"},\r\n                    {\"language\",_Context.Operation.Language},\r\n                    {\"parameters\",new object[]{\"documentoERP\"}}\r\n                })[\"text\"].ToString());\r\n\r\n            this.TotalMercServ = Convert.ToDecimal(documentoCompra.TotalMerc);\r\n            this.TotalDiscount = Convert.ToDecimal(documentoCompra.TotalDesc);\r\n            this.TotalTax = Convert.ToDecimal(documentoCompra.TotalIva);\r\n            this.TotalDoc = Convert.ToDecimal(documentoCompra.TotalDocumento);\r\n\r\n            foreach (CmpBELinhaDocumentoCompra linha in documentoCompra.Linhas)\r\n            {\r\n                foreach (QuoteRequestItems item in Items)\r\n                {\r\n                    //if (linha.IdLinha == item._code)\r\n                    if (linha.Artigo.Equals(item._code) && linha.Quantidade == (double)item.Quantity)\r\n                        item.TotalSupplier = Convert.ToDecimal(linha.PrecoLiquido + linha.TotalIva + linha.TotalEcotaxa + linha.TotalIEC + linha.TotalRecargo);\r\n                }\r\n            }\r\n            \r\n            documentoCompra = null;",
      "description": ""
    }
  ],
  "behaviourNamespaces": [
    {
      "name": "Globalization",
      "description": "",
      "executionLocation": "External",
      "fullyQualifiedName": "System.Globalization"
    },
    {
      "name": "CmpBE100",
      "description": "",
      "executionLocation": "External",
      "fullyQualifiedName": "CmpBE100"
    },
    {
      "name": "SystemNetHttp",
      "description": "",
      "executionLocation": "External",
      "fullyQualifiedName": "System.Net.Http"
    },
    {
      "name": "MicrosoftExtensionsLogging",
      "description": "",
      "executionLocation": "External",
      "fullyQualifiedName": "Microsoft.Extensions.Logging"
    },
    {
      "name": "ErpBS100",
      "description": "",
      "executionLocation": "External",
      "fullyQualifiedName": "ErpBS100"
    }
  ]
}