{
  "name": "Requisitions",
  "attributes": [
    {
      "name": "_code",
      "type": "Text",
      "length": null,
      "isSystem": true,
      "isReadOnly": true,
      "description": null,
      "multiplicity": {
        "lower": 1,
        "upper": 1
      },
      "aggregationKind": "None",
      "isSensitiveData": null,
      "dependsOnAttribute": null
    },
    {
      "name": "_serie",
      "type": "RequisitionsSerie",
      "length": null,
      "isSystem": true,
      "isReadOnly": false,
      "description": null,
      "multiplicity": {
        "lower": 1,
        "upper": 1
      },
      "aggregationKind": "Shared",
      "isSensitiveData": null,
      "dependsOnAttribute": null
    },
    {
      "name": "_number",
      "type": "Integer",
      "length": null,
      "isSystem": true,
      "isReadOnly": true,
      "description": null,
      "multiplicity": {
        "lower": 0,
        "upper": 1
      },
      "aggregationKind": "None",
      "isSensitiveData": null,
      "dependsOnAttribute": null
    },
    {
      "name": "_date",
      "type": "Date",
      "length": null,
      "isSystem": true,
      "isReadOnly": true,
      "description": null,
      "multiplicity": {
        "lower": 1,
        "upper": 1
      },
      "aggregationKind": "None",
      "isSensitiveData": null,
      "dependsOnAttribute": null
    },
    {
      "name": "Company",
      "type": "Company",
      "length": null,
      "isSystem": false,
      "isReadOnly": false,
      "description": "",
      "multiplicity": {
        "lower": 1,
        "upper": 1
      },
      "aggregationKind": "Shared",
      "isSensitiveData": false,
      "dependsOnAttribute": ""
    },
    {
      "name": "OrganizationalUnit",
      "type": "OrganizationalUnit",
      "length": null,
      "isSystem": false,
      "isReadOnly": false,
      "description": "",
      "multiplicity": {
        "lower": 1,
        "upper": 1
      },
      "aggregationKind": "Shared",
      "isSensitiveData": false,
      "dependsOnAttribute": ""
    },
    {
      "name": "Supplier",
      "type": "Supplier",
      "length": null,
      "isSystem": false,
      "isReadOnly": true,
      "description": "",
      "multiplicity": {
        "lower": 0,
        "upper": 1
      },
      "aggregationKind": "Shared",
      "isSensitiveData": false,
      "dependsOnAttribute": "Primavera"
    },
    {
      "name": "Observations",
      "type": "Text",
      "length": null,
      "isSystem": false,
      "isReadOnly": false,
      "description": "",
      "multiplicity": {
        "lower": 0,
        "upper": 1
      },
      "aggregationKind": "None",
      "isSensitiveData": false,
      "dependsOnAttribute": ""
    },
    {
      "name": "Files",
      "type": "Text",
      "length": null,
      "isSystem": false,
      "isReadOnly": false,
      "description": "",
      "multiplicity": {
        "lower": 0,
        "upper": 1
      },
      "aggregationKind": "None",
      "isSensitiveData": false,
      "dependsOnAttribute": ""
    },
    {
      "name": "Primavera",
      "type": "Primavera",
      "length": null,
      "isSystem": false,
      "isReadOnly": false,
      "description": "",
      "multiplicity": {
        "lower": 0,
        "upper": 1
      },
      "aggregationKind": "Shared",
      "isSensitiveData": false,
      "dependsOnAttribute": ""
    },
    {
      "name": "DocumentType",
      "type": "RequisitionTypes",
      "length": null,
      "isSystem": false,
      "isReadOnly": false,
      "description": "",
      "multiplicity": {
        "lower": 1,
        "upper": 1
      },
      "aggregationKind": "None",
      "isSensitiveData": false,
      "dependsOnAttribute": ""
    },
    {
      "name": "Items",
      "type": "RequestItems",
      "length": null,
      "isSystem": false,
      "isReadOnly": false,
      "description": "",
      "multiplicity": {
        "lower": 1,
        "upper": 80
      },
      "aggregationKind": "Composite",
      "isSensitiveData": false,
      "dependsOnAttribute": ""
    },
    {
      "name": "DocumentoERP",
      "type": "Text",
      "length": null,
      "isSystem": false,
      "isReadOnly": true,
      "description": "",
      "multiplicity": {
        "lower": 0,
        "upper": 1
      },
      "aggregationKind": "None",
      "isSensitiveData": false,
      "dependsOnAttribute": ""
    },
    {
      "name": "QuotationItems",
      "type": "RequisitionQuotationItem",
      "length": null,
      "isSystem": false,
      "isReadOnly": false,
      "description": "",
      "multiplicity": {
        "lower": 0,
        "upper": 100
      },
      "aggregationKind": "Composite",
      "isSensitiveData": false,
      "dependsOnAttribute": ""
    },
    {
      "name": "_state",
      "type": "RequisitionsStateMachineStates",
      "length": null,
      "isSystem": true,
      "isReadOnly": false,
      "description": null,
      "multiplicity": {
        "lower": 1,
        "upper": 1
      },
      "aggregationKind": "None",
      "isSensitiveData": null,
      "dependsOnAttribute": null
    },
    {
      "name": "_assigned",
      "type": "Text",
      "length": null,
      "isSystem": true,
      "isReadOnly": false,
      "description": null,
      "multiplicity": {
        "lower": 0,
        "upper": 1
      },
      "aggregationKind": "None",
      "isSensitiveData": null,
      "dependsOnAttribute": null
    },
    {
      "name": "RequestQuoteItems",
      "type": "RequisitionsQuoteReqItem",
      "length": null,
      "isSystem": false,
      "isReadOnly": false,
      "description": "",
      "multiplicity": {
        "lower": 0,
        "upper": 100
      },
      "aggregationKind": "Composite",
      "isSensitiveData": false,
      "dependsOnAttribute": ""
    },
    {
      "name": "SupplierOrderItems",
      "type": "RequisitionsOrderItem",
      "length": null,
      "isSystem": false,
      "isReadOnly": false,
      "description": "",
      "multiplicity": {
        "lower": 0,
        "upper": 100
      },
      "aggregationKind": "Composite",
      "isSensitiveData": false,
      "dependsOnAttribute": ""
    },
    {
      "name": "Author",
      "type": "Employee",
      "length": null,
      "isSystem": false,
      "isReadOnly": true,
      "description": "",
      "multiplicity": {
        "lower": 0,
        "upper": 1
      },
      "aggregationKind": "Shared",
      "isSensitiveData": false,
      "dependsOnAttribute": ""
    },
    {
      "name": "AuthorName",
      "type": "Text",
      "length": null,
      "isSystem": false,
      "isReadOnly": true,
      "description": "",
      "multiplicity": {
        "lower": 0,
        "upper": 1
      },
      "aggregationKind": "None",
      "isSensitiveData": false,
      "dependsOnAttribute": ""
    },
    {
      "name": "FinancialDocItems",
      "type": "RequisitionsFinDocItem",
      "length": null,
      "isSystem": false,
      "isReadOnly": false,
      "description": "",
      "multiplicity": {
        "lower": 0,
        "upper": 100
      },
      "aggregationKind": "Composite",
      "isSensitiveData": false,
      "dependsOnAttribute": ""
    },
    {
      "name": "Filial",
      "type": "Text",
      "length": null,
      "isSystem": false,
      "isReadOnly": false,
      "description": "",
      "multiplicity": {
        "lower": 0,
        "upper": 1
      },
      "aggregationKind": "None",
      "isSensitiveData": false,
      "dependsOnAttribute": ""
    },
    {
      "name": "Etapa",
      "type": "Integer",
      "length": null,
      "isSystem": false,
      "isReadOnly": true,
      "description": "",
      "multiplicity": {
        "lower": 1,
        "upper": 1
      },
      "aggregationKind": "None",
      "isSensitiveData": false,
      "dependsOnAttribute": ""
    },
    {
      "name": "StockTransItems",
      "type": "RequisitionStockTranItem",
      "length": null,
      "isSystem": false,
      "isReadOnly": false,
      "description": "",
      "multiplicity": {
        "lower": 0,
        "upper": 100
      },
      "aggregationKind": "Composite",
      "isSensitiveData": false,
      "dependsOnAttribute": ""
    },
    {
      "name": "UltimaEtapa",
      "type": "Boolean",
      "length": null,
      "isSystem": false,
      "isReadOnly": true,
      "description": "",
      "multiplicity": {
        "lower": 1,
        "upper": 1
      },
      "aggregationKind": "None",
      "isSensitiveData": false,
      "dependsOnAttribute": ""
    },
    {
      "name": "ApproverUsername",
      "type": "Text",
      "length": null,
      "isSystem": false,
      "isReadOnly": false,
      "description": "",
      "multiplicity": {
        "lower": 0,
        "upper": 1
      },
      "aggregationKind": "None",
      "isSensitiveData": false,
      "dependsOnAttribute": ""
    },
    {
      "name": "ApproverContactEmail",
      "type": "Text",
      "length": null,
      "isSystem": false,
      "isReadOnly": false,
      "description": "",
      "multiplicity": {
        "lower": 0,
        "upper": 1
      },
      "aggregationKind": "None",
      "isSensitiveData": false,
      "dependsOnAttribute": ""
    },
    {
      "name": "Total",
      "type": "Decimal",
      "length": null,
      "isSystem": false,
      "isReadOnly": true,
      "description": "",
      "multiplicity": {
        "lower": 1,
        "upper": 1
      },
      "aggregationKind": "None",
      "isSensitiveData": false,
      "dependsOnAttribute": ""
    },
    {
      "name": "OldAssigned",
      "type": "Text",
      "length": null,
      "isSystem": false,
      "isReadOnly": false,
      "description": "",
      "multiplicity": {
        "lower": 0,
        "upper": 1
      },
      "aggregationKind": "None",
      "isSensitiveData": false,
      "dependsOnAttribute": ""
    },
    {
      "name": "SupplierDiscount",
      "type": "Decimal",
      "length": null,
      "isSystem": false,
      "isReadOnly": true,
      "description": "",
      "multiplicity": {
        "lower": 1,
        "upper": 1
      },
      "aggregationKind": "None",
      "isSensitiveData": false,
      "dependsOnAttribute": ""
    },
    {
      "name": "TotalMercServ",
      "type": "Decimal",
      "length": null,
      "isSystem": false,
      "isReadOnly": true,
      "description": "",
      "multiplicity": {
        "lower": 1,
        "upper": 1
      },
      "aggregationKind": "None",
      "isSensitiveData": false,
      "dependsOnAttribute": ""
    },
    {
      "name": "TotalDiscount",
      "type": "Decimal",
      "length": null,
      "isSystem": false,
      "isReadOnly": true,
      "description": "",
      "multiplicity": {
        "lower": 1,
        "upper": 1
      },
      "aggregationKind": "None",
      "isSensitiveData": false,
      "dependsOnAttribute": ""
    },
    {
      "name": "TotalTax",
      "type": "Decimal",
      "length": null,
      "isSystem": false,
      "isReadOnly": true,
      "description": "",
      "multiplicity": {
        "lower": 1,
        "upper": 1
      },
      "aggregationKind": "None",
      "isSensitiveData": false,
      "dependsOnAttribute": ""
    },
    {
      "name": "PodeAlterar",
      "type": "Boolean",
      "length": null,
      "isSystem": false,
      "isReadOnly": false,
      "description": "",
      "multiplicity": {
        "lower": 1,
        "upper": 1
      },
      "aggregationKind": "None",
      "isSensitiveData": false,
      "dependsOnAttribute": ""
    },
    {
      "name": "AssignedName",
      "type": "Text",
      "length": null,
      "isSystem": false,
      "isReadOnly": false,
      "description": "",
      "multiplicity": {
        "lower": 0,
        "upper": 1
      },
      "aggregationKind": "None",
      "isSensitiveData": false,
      "dependsOnAttribute": ""
    },
    {
      "name": "Terminou",
      "type": "Boolean",
      "length": null,
      "isSystem": false,
      "isReadOnly": false,
      "description": "",
      "multiplicity": {
        "lower": 1,
        "upper": 1
      },
      "aggregationKind": "None",
      "isSensitiveData": false,
      "dependsOnAttribute": ""
    },
    {
      "name": "RequisitionApprovalFlow",
      "type": "ApprovalFlowItemHistory",
      "length": null,
      "isSystem": false,
      "isReadOnly": false,
      "description": "",
      "multiplicity": {
        "lower": 0,
        "upper": 100
      },
      "aggregationKind": "Composite",
      "isSensitiveData": false,
      "dependsOnAttribute": ""
    },
    {
      "name": "QuotationsApprovalFlow",
      "type": "ApprovalFlowItemHistory",
      "length": null,
      "isSystem": false,
      "isReadOnly": false,
      "description": "",
      "multiplicity": {
        "lower": 0,
        "upper": 100
      },
      "aggregationKind": "Composite",
      "isSensitiveData": false,
      "dependsOnAttribute": ""
    },
    {
      "name": "ApprovalHistory",
      "type": "ApprovalHistory",
      "length": null,
      "isSystem": false,
      "isReadOnly": false,
      "description": "",
      "multiplicity": {
        "lower": 0,
        "upper": 100
      },
      "aggregationKind": "Composite",
      "isSensitiveData": false,
      "dependsOnAttribute": ""
    },
    {
      "name": "SupplierName",
      "type": "Text",
      "length": null,
      "isSystem": false,
      "isReadOnly": true,
      "description": "",
      "multiplicity": {
        "lower": 0,
        "upper": 1
      },
      "aggregationKind": "None",
      "isSensitiveData": false,
      "dependsOnAttribute": ""
    },
    {
      "name": "PaymentApprovalFlow",
      "type": "ApprovalFlowItemHistory",
      "length": null,
      "isSystem": false,
      "isReadOnly": false,
      "description": "",
      "multiplicity": {
        "lower": 0,
        "upper": 100
      },
      "aggregationKind": "Composite",
      "isSensitiveData": false,
      "dependsOnAttribute": ""
    },
    {
      "name": "Notes",
      "type": "Text",
      "length": null,
      "isSystem": false,
      "isReadOnly": false,
      "description": "",
      "multiplicity": {
        "lower": 0,
        "upper": 1
      },
      "aggregationKind": "None",
      "isSensitiveData": false,
      "dependsOnAttribute": ""
    },
    {
      "name": "SupplierQuotes",
      "type": "Text",
      "length": null,
      "isSystem": false,
      "isReadOnly": false,
      "description": "",
      "multiplicity": {
        "lower": 0,
        "upper": 1
      },
      "aggregationKind": "None",
      "isSensitiveData": false,
      "dependsOnAttribute": ""
    },
    {
      "name": "SelectQuotesOptions",
      "type": "SelectQuotesOptions",
      "length": null,
      "isSystem": false,
      "isReadOnly": false,
      "description": "",
      "multiplicity": {
        "lower": 0,
        "upper": 1
      },
      "aggregationKind": "None",
      "isSensitiveData": false,
      "dependsOnAttribute": ""
    },
    {
      "name": "QuotationItemsTotal",
      "type": "Decimal",
      "length": null,
      "isSystem": false,
      "isReadOnly": true,
      "description": "",
      "multiplicity": {
        "lower": 1,
        "upper": 1
      },
      "aggregationKind": "None",
      "isSensitiveData": false,
      "dependsOnAttribute": ""
    },
    {
      "name": "Currency",
      "type": "Currency",
      "length": {
        "maximum": null,
        "minimum": 0
      },
      "isSystem": false,
      "isReadOnly": false,
      "description": "",
      "multiplicity": {
        "lower": 1,
        "upper": 1
      },
      "aggregationKind": "Shared",
      "isSensitiveData": false,
      "dependsOnAttribute": "Primavera"
    },
    {
      "name": "UseIncoterm",
      "type": "Boolean",
      "length": {
        "maximum": null,
        "minimum": 0
      },
      "isSystem": false,
      "isReadOnly": false,
      "description": "",
      "multiplicity": {
        "lower": 0,
        "upper": 1
      },
      "aggregationKind": "None",
      "isSensitiveData": false,
      "dependsOnAttribute": ""
    },
    {
      "name": "ApproverNotificationLanguage",
      "type": "Text",
      "length": {
        "maximum": null,
        "minimum": 0
      },
      "isSystem": false,
      "isReadOnly": true,
      "description": "",
      "multiplicity": {
        "lower": 0,
        "upper": 1
      },
      "aggregationKind": "None",
      "isSensitiveData": false,
      "dependsOnAttribute": ""
    },
    {
      "name": "DocType",
      "type": "Text",
      "length": {
        "maximum": null,
        "minimum": 0
      },
      "isSystem": false,
      "isReadOnly": false,
      "description": "",
      "multiplicity": {
        "lower": 0,
        "upper": 1
      },
      "aggregationKind": "None",
      "isSensitiveData": false,
      "dependsOnAttribute": ""
    },
    {
      "name": "Incoterm",
      "type": "Incoterms",
      "length": {
        "maximum": null,
        "minimum": 0
      },
      "isSystem": false,
      "isReadOnly": false,
      "description": "",
      "multiplicity": {
        "lower": 0,
        "upper": 1
      },
      "aggregationKind": "Shared",
      "isSensitiveData": false,
      "dependsOnAttribute": "Primavera"
    },
    {
      "name": "IncotermDesc",
      "type": "Text",
      "length": {
        "maximum": null,
        "minimum": 0
      },
      "isSystem": false,
      "isReadOnly": true,
      "description": "",
      "multiplicity": {
        "lower": 0,
        "upper": 1
      },
      "aggregationKind": "None",
      "isSensitiveData": false,
      "dependsOnAttribute": ""
    },
    {
      "name": "IncotermLocal",
      "type": "Text",
      "length": {
        "maximum": null,
        "minimum": 0
      },
      "isSystem": false,
      "isReadOnly": false,
      "description": "",
      "multiplicity": {
        "lower": 0,
        "upper": 1
      },
      "aggregationKind": "None",
      "isSensitiveData": false,
      "dependsOnAttribute": ""
    }
  ],
  "dataSource": "System",
  "description": "",
  "dataBehaviours": [],
  "entityBehaviours": [
    {
      "name": "Defaults",
      "type": "Initialize",
      "attribute": null,
      "expression": "            \r\n            var logger = _Context.Services.GetService<ILogger<Context>>();\r\n            logger.LogInformation($\"Requisitions > Default\");\r\n\r\n            var httpClient = _Context.CreateApplicationHttpClient();\r\n\r\n            /*var tempData = new Dictionary<string, object>\r\n                        {\r\n                            {\"requisition\", this._code}, {\"order\", -1 }, { \"amount\", \"1640,57\"}\r\n                        };\r\n\r\n                        httpClient.PostAsync($\"behaviours/Default/GetRequisitionPayNextStage\", tempData).GetAwaiter().GetResult();\r\n            */\r\n\r\n            if (!_Context.Operation.IsNew)\r\n            {\r\n\r\n                if (this._state == RequisitionsStateMachineStates.Pending)\r\n                    return;\r\n                                  \r\n                this.PodeAlterar = false;\r\n                logger.LogInformation($\"Requisitions > Default > Line 22 > this.PodeAlterar = false;\");  \r\n\r\n                if (this._state == RequisitionsStateMachineStates.Revision)\r\n                {\r\n                    this.PodeAlterar = true;\r\n                    logger.LogInformation($\"Requisitions > Default > Line 27 > this.PodeAlterar = true;\");                    \r\n                }\r\n\r\n                var requestData = new Dictionary<string, object> { { \"company\", this.Company }, { \"omniaCode\", this._code }, {\"requisition\", this.ToDto()} };\r\n\r\n                var requestCompany = httpClient.GetAsync($\"Company/Default/{this.Company}\").ConfigureAwait(false).GetAwaiter().GetResult();\r\n                Helpers.Helpers.EnsureSuccessApiResult(_Context, requestCompany, this.Company);\r\n\r\n                var Comp = requestCompany.Content.ReadAsAsync<CompanyDto>().ConfigureAwait(false).GetAwaiter().GetResult();\r\n                UseIncoterm = Comp.UseIncoterm ?? false;\r\n                DocType = Comp.DocTypePref?.ToString();\r\n\r\n                //Get Requisition Rastreability\r\n                var requestResult = httpClient.PostAsync($\"behaviours/{this.Primavera}/Primavera_GetReqRastreability\", requestData).ConfigureAwait(false).GetAwaiter().GetResult();\r\n\r\n                if (!requestResult.IsSuccessStatusCode)\r\n                    throw new Exception($\"Can't retrieve the data of Primavera_GetReqRastreability: {requestResult.ReasonPhrase}\");\r\n\r\n                var responseData = requestResult.Content.ReadAsAsync<Dictionary<string, object>>().ConfigureAwait(false).GetAwaiter().GetResult();\r\n\r\n                //Get Requisition Quote Request\r\n                List<RequisitionsQuoteReqItemDto> reqQuoteRequest = JsonConvert.DeserializeObject<List<RequisitionsQuoteReqItemDto>>(JsonConvert.SerializeObject(responseData[\"reqQuoteRequest\"]));\r\n\r\n                this.RequestQuoteItems.Clear();\r\n\r\n                foreach (RequisitionsQuoteReqItemDto itemDto in reqQuoteRequest)\r\n                {\r\n\r\n                    this.RequestQuoteItems.Add(new RequisitionsQuoteReqItem(this._Context)\r\n                    {\r\n                        _code = itemDto._code,\r\n                        _name = itemDto._name,\r\n                        _description = itemDto._description,\r\n                        filial = itemDto.filial,\r\n                        DataDoc = itemDto.DataDoc.Value.Date\r\n                    });\r\n                }\r\n\r\n                //Get Requisitions Quotations\r\n                List<RequisitionQuotationItemDto> reqQuotations = JsonConvert.DeserializeObject<List<RequisitionQuotationItemDto>>(JsonConvert.SerializeObject(responseData[\"reqQuotations\"]));\r\n\r\n                this.QuotationItems.Clear();\r\n\r\n                foreach (RequisitionQuotationItemDto itemDto in reqQuotations)\r\n                {\r\n                    var line = new RequisitionQuotationItem(this._Context)\r\n                    {\r\n                        _code = itemDto._code,\r\n                        _name = itemDto._name,\r\n                        _description = itemDto._description,\r\n                        Filial = itemDto.Filial,\r\n                        TotalItems = Convert.ToDecimal(itemDto.TotalItems),\r\n                        Total = Convert.ToDecimal(itemDto.Total),\r\n                        DataDoc = itemDto.DataDoc.Value.Date,\r\n                        Currency = itemDto.Currency\r\n                    };\r\n                    this.QuotationItems.Add(line);\r\n                }\r\n\r\n                //Get Requisitions Supplier Orders\r\n                List<RequisitionsOrderItemDto> requisitionsSupplyOrders = JsonConvert.DeserializeObject<List<RequisitionsOrderItemDto>>(JsonConvert.SerializeObject(responseData[\"reqSupplierOrders\"]));\r\n\r\n                this.SupplierOrderItems.Clear();\r\n\r\n                foreach (RequisitionsOrderItemDto itemDto in requisitionsSupplyOrders)\r\n                {\r\n\r\n                    this.SupplierOrderItems.Add(new RequisitionsOrderItem(this._Context)\r\n                    {\r\n                        _code = itemDto._code,\r\n                        _name = itemDto._name,\r\n                        _description = itemDto._description,\r\n                        filial = itemDto.filial,\r\n                        DataDoc = itemDto.DataDoc.Value.Date\r\n                    });\r\n                }\r\n\r\n                //Get Requisitions Stock Trans\r\n                List<RequisitionStockTranItemDto> requisitionsStockTrans = JsonConvert.DeserializeObject<List<RequisitionStockTranItemDto>>(JsonConvert.SerializeObject(responseData[\"reqStockTrans\"]));\r\n\r\n                this.StockTransItems.Clear();\r\n\r\n                foreach (RequisitionStockTranItemDto itemDto in requisitionsStockTrans)\r\n                {\r\n\r\n                    this.StockTransItems.Add(new RequisitionStockTranItem(this._Context)\r\n                    {\r\n                        _code = itemDto._code,\r\n                        _name = itemDto._name,\r\n                        _description = itemDto._description,\r\n                        filial = itemDto.filial,\r\n                        DataDoc = itemDto.DataDoc.Value.Date\r\n                    });\r\n                }\r\n\r\n                //Get Requisitions Financial Documents                \r\n                List<RequisitionsFinDocItemDto> requisitionsFinDocs = JsonConvert.DeserializeObject<List<RequisitionsFinDocItemDto>>(JsonConvert.SerializeObject(responseData[\"reqFinOrders\"]));\r\n\r\n                this.FinancialDocItems.Clear();\r\n\r\n                foreach (RequisitionsFinDocItemDto itemDto in requisitionsFinDocs)\r\n                {\r\n\r\n                    this.FinancialDocItems.Add(new RequisitionsFinDocItem(this._Context)\r\n                    {\r\n                        _code = itemDto._code,\r\n                        _name = itemDto._name,\r\n                        _description = itemDto._description,\r\n                        filial = itemDto.filial,\r\n                        DataDoc = itemDto.DataDoc.Value.Date\r\n                    });\r\n                }\r\n\r\n                //Determina se o utilizador atual pode aprovar\r\n                requestResult = httpClient.PostAsJsonAsync($\"Queries/RequisitionsCurrentApprover/Default?pageSize=100\",\r\n                    new { Parameters = new List<object> { new { Name = \"code\", Value = this._code } } }\r\n                ).ConfigureAwait(false).GetAwaiter().GetResult();\r\n\r\n                if (!requestResult.IsSuccessStatusCode)\r\n                    Helpers.Helpers.SendError(_Context, \"QueryExecuteError\", new object[] { \"RequisitionsCurrentApprover\" });\r\n\r\n\r\n                var result = requestResult.Content.ReadAsAsync<List<Dictionary<string, object>>>().ConfigureAwait(false).GetAwaiter().GetResult();\r\n\r\n                this.PodeAlterar = this._Context.Authentication.UserIsInRole(\"Administration\") || this._Context.Authentication.UserIsInRole(\"FinancialAdministration\");\r\n                logger.LogInformation($\"Requisitions > Default > Line 152 > this.PodeAlterar = {this.PodeAlterar};\");    \r\n\r\n                result?.ForEach(approver =>\r\n                {\r\n                    if (approver[\"currentapprover\"] != null && this._Context.Authentication.Username.ToLower() == approver[\"currentapprover\"].ToString().ToLower())\r\n                    {\r\n                        if (this._Context.Authentication.UserIsInRole(\"Contributor\")\r\n                        && !this._Context.Authentication.UserIsInRole(\"Approver\")\r\n                        && !this._Context.Authentication.UserIsInRole(\"FinancialAdministratkion\")\r\n                        && !this._Context.Authentication.UserIsInRole(\"Administration\")\r\n                        )\r\n                            if (this._state == RequisitionsStateMachineStates.Revision)\r\n                            {\r\n                                this.PodeAlterar = true;\r\n                                logger.LogInformation($\"Requisitions > Default > Line 166 > this.PodeAlterar = {this.PodeAlterar};\");    \r\n                            }\r\n                            else\r\n                            {\r\n                                this.PodeAlterar = false;\r\n                                logger.LogInformation($\"Requisitions > Default > Line 171 > this.PodeAlterar = {this.PodeAlterar};\");    \r\n                            }\r\n                        else\r\n                        {\r\n                            this.PodeAlterar = true;\r\n                            logger.LogInformation($\"Requisitions > Default > Line 176 > this.PodeAlterar = {this.PodeAlterar};\");    \r\n                        }\r\n                    }\r\n                });\r\n\r\n                if (!this.PodeAlterar & this.UltimaEtapa & this._state == RequisitionsStateMachineStates.RequisitionsApproval & this.Etapa == 0)\r\n                    this.PodeAlterar = true;\r\n            }\r\n            else\r\n            {\r\n\r\n                this._code = Guid.NewGuid().ToString(\"N\");\r\n                this._date = DateTime.Today;\r\n                this.PodeAlterar = true;\r\n                \r\n                logger.LogInformation($\"Requisitions > Default > Line 188 > this.PodeAlterar = {this.PodeAlterar};\");   \r\n\r\n                var dataSource = this._Context.Operation.DataSource;\r\n                var serieRequest = httpClient.PostAsJsonAsync($\"Queries/{this.GetType().Name}SerieQuery/Default?PageSize=1\",\r\n                        new { Filter = new { Property = \"_inactive\", Value = false } }\r\n                    ).ConfigureAwait(false).GetAwaiter().GetResult();\r\n\r\n                if (serieRequest.IsSuccessStatusCode)\r\n                {\r\n                    var serieRequestData = serieRequest.Content.ReadAsAsync<List<Dictionary<string, object>>>()\r\n                                            .ConfigureAwait(false).GetAwaiter().GetResult();\r\n\r\n                    if (serieRequestData.Any())\r\n                        this._serie = serieRequestData.First()[\"_code\"].ToString();\r\n                }\r\n\r\n                //Get Company\r\n                var requestCompanyResult = httpClient.PostAsJsonAsync($\"Queries/CompanyQuery/{dataSource}?pageSize=1\", new { }).ConfigureAwait(false).GetAwaiter().GetResult();\r\n\r\n                if (!requestCompanyResult.IsSuccessStatusCode)\r\n                    Helpers.Helpers.SendError(_Context, \"QueryExecuteError\", new object[] { \"CompanyQuery\" });\r\n\r\n                var resultCompany = requestCompanyResult.Content.ReadAsAsync<List<Dictionary<string, object>>>().ConfigureAwait(false).GetAwaiter().GetResult();\r\n                this.Company = resultCompany.First()[\"_code\"].ToString();\r\n\r\n\r\n                //Get Primavera\r\n                var requestPrimaveraResult = httpClient.GetAsync($\"Company/{dataSource}/{this.Company}\").ConfigureAwait(false).GetAwaiter().GetResult();\r\n                if (!requestPrimaveraResult.IsSuccessStatusCode)\r\n                    Helpers.Helpers.SendError(_Context, \"EntityRetrieveError\", new object[] { \"Company\" });\r\n\r\n                var entity = requestPrimaveraResult.Content.ReadAsAsync<CompanyDto>().ConfigureAwait(false).GetAwaiter().GetResult();\r\n                this.Primavera = entity.Primavera;\r\n\r\n                // var typ = requestPrimaveraResult.Content.ReadAsStringAsync().GetAwaiter().GetResult();\r\n                // throw new Exception(typ);\r\n\r\n                this.UseIncoterm = entity.UseIncoterm ?? false;\r\n                var type = requestPrimaveraResult.Content.ReadAsStringAsync().ConfigureAwait(false).GetAwaiter().GetResult();\r\n                var Comp = JsonConvert.DeserializeObject<CompanyDto>(type);\r\n                DocType = Comp.DocTypePref.ToString();\r\n               \r\n\r\n                //Get Author\r\n                var requestResult = httpClient.PostAsJsonAsync(\"queries/EmployeeQuery/Default\",\r\n                        new { Filter = new { Property = \"Username\", Value = _Context.Authentication.Username } }\r\n                    ).ConfigureAwait(false).GetAwaiter().GetResult();\r\n\r\n                if (!requestResult.IsSuccessStatusCode)\r\n                    Helpers.Helpers.SendError(_Context, \"QueryExecuteErrorStatus\", new object[] { \"EmployeeQuery\", requestResult.StatusCode, requestResult.Content.ReadAsStringAsync().ConfigureAwait(false).GetAwaiter().GetResult() });\r\n\r\n\r\n                List<Dictionary<string, object>> result = requestResult.Content.ReadAsAsync<List<Dictionary<string, object>>>().ConfigureAwait(false).GetAwaiter().GetResult();\r\n\r\n                if (result.FirstOrDefault() != null)\r\n                {\r\n                    this.Author = result.FirstOrDefault()[\"_code\"].ToString();\r\n                    this.AuthorName = result.FirstOrDefault()[\"_name\"].ToString();\r\n                }\r\n                else\r\n                    Helpers.Helpers.SendError(_Context, \"UserWithoutEmployee\");\r\n\r\n                \r\n                \r\n\r\n                //Get OrganizationalUnit\r\n                //var requestOrganizationalUnitResult = httpClient.PostAsJsonAsync($\"Queries/OrganizationalUnitQuery/{dataSource}?pageSize=2\", new { }).ConfigureAwait(false).GetAwaiter().GetResult();\r\n                var requestOrganizationalUnitResult = httpClient.PostAsJsonAsync($\"Queries/OrgUnitEmployee/Default?pageSize=2\", new { Parameters = new List<object> { new { Name = \"employee\", Value = this.Author },  new { Name = \"employeeCompanies\", Value = this.Company } } }).ConfigureAwait(false).GetAwaiter().GetResult();\r\n                \r\n                if (!requestOrganizationalUnitResult.IsSuccessStatusCode)\r\n                    Helpers.Helpers.SendError(_Context, \"QueryExecuteError\", new object[] { \"OrgUnitEmployee\" });\r\n\r\n\r\n                var resultOrganizationalUnit = requestOrganizationalUnitResult.Content.ReadAsAsync<List<Dictionary<string, object>>>().ConfigureAwait(false).GetAwaiter().GetResult();\r\n                if (resultOrganizationalUnit.Count == 1)\r\n                    this.OrganizationalUnit = resultOrganizationalUnit.First()[\"_code\"].ToString();\r\n\r\n                this.Currency = resultOrganizationalUnit.FirstOrDefault()?[\"currency\"] != null ? resultOrganizationalUnit.First()[\"currency\"].ToString() : resultCompany.First()[\"currency\"].ToString();\r\n                \r\n                if(this.Currency == \"\")\r\n                {\r\n                    var requestData = new Dictionary<string, object> { { \"company\", this.Company }, { \"omniaCode\", this._code }, { \"requisition\", this.ToDto() } };\r\n                    var getMoedaBSResult = httpClient.PostAsJsonAsync($\"Behaviours/{this.Primavera}/Primavera_OpenCompanyMoeda\", requestData).GetAwaiter().GetResult();\r\n                    if (!getMoedaBSResult.IsSuccessStatusCode)\r\n                        throw new Exception($\"Can't retrieve the data of Primavera_OpenCompanyMoeda: {getMoedaBSResult.ReasonPhrase}\");\r\n\r\n                    var responseMoeda = getMoedaBSResult.Content.ReadAsAsync<Dictionary<string, object>>().ConfigureAwait(false).GetAwaiter().GetResult();\r\n\r\n                    if (responseMoeda.ContainsKey(\"moeda\"))\r\n                    {\r\n                        this.Currency = responseMoeda[\"moeda\"].ToString();\r\n                    }\r\n                }\r\n            }",
      "description": null
    },
    {
      "name": "OnChangeCompany",
      "type": "Action",
      "attribute": "Company",
      "expression": "            this.Primavera = null;\n            this.DocType = null;\n            this.Currency = null;\n            // Code generated by an accelerator (you can change it if you need)\n            // The following code invokes the API to retrieve the data of an entity and set the values in the current entity\n            if (string.IsNullOrEmpty(this.Company?.ToString()))\n                return;\n\n            // In order to prevent to invoke the API if the values were sent by the user\n            if (\n                this._Dto.HasPropertyChanged(nameof(this.Primavera))\n                || this._Dto.HasPropertyChanged(nameof(this.DocType))\n                || this._Dto.HasPropertyChanged(nameof(this.Currency)))\n                return;\n\n            var httpClient = this._Context.CreateApplicationHttpClient();\n            var dataSource = \"Default\";\n            var requestResult = httpClient.GetAsync($\"Company/{dataSource}/{newValue}\").ConfigureAwait(false).GetAwaiter().GetResult();\n\n            if (!requestResult.IsSuccessStatusCode)\n                Helpers.Helpers.SendError(_Context, \"EntityRetrieveError\", new object[] { newValue });\n\n            var entity = requestResult.Content.ReadAsStringAsync().ConfigureAwait(false).GetAwaiter().GetResult();\n            var companyEntity = JsonConvert.DeserializeObject<CompanyDto>(entity);\n\n            this.Primavera = companyEntity.Primavera;\n            this.DocType = companyEntity.DocTypePref.ToString();\n            this.Currency = companyEntity.Currency;\n\n            Items.ForEach(a => a.Primavera = Primavera);\n\n             //Get Moeda Base\n             if (this.Currency == \"\") \n             {\n                var requestData = new Dictionary<string, object> { { \"company\", this.Company }, { \"omniaCode\", this._code }, {\"requisition\", this.ToDto()} };\n                var getMoedaBSResult = httpClient.PostAsJsonAsync($\"Behaviours/{this.Primavera}/Primavera_OpenCompanyMoeda\", requestData).GetAwaiter().GetResult();\n                if (!requestResult.IsSuccessStatusCode)\n                    throw new Exception($\"Can't retrieve the data of Primavera_OpenCompanyMoeda: {requestResult.ReasonPhrase}\");\n\n                var responseMoeda = getMoedaBSResult.Content.ReadAsAsync<Dictionary<string, object>>().ConfigureAwait(false).GetAwaiter().GetResult();\n\n                if (responseMoeda.ContainsKey(\"moeda\"))\n                {\n                    this.Currency = responseMoeda[\"moeda\"].ToString();\n                }\n             }\n",
      "description": ""
    },
    {
      "name": "AfterChange",
      "type": "AfterChange",
      "attribute": null,
      "expression": "/*\r\nvar lstItems = new List<string>() {\"items\", \"supplier\", \"primavera\" };\r\nif (this._Dto._ChangedProperties.Where(change => lstItems.Contains(change.ToLower())).Any())\r\n{\r\n    if (this._Dto.HasPropertyChanged(\"Items\"))\r\n    {\r\n        var lista = (from x in this.Items group x by x.Item into grp select new { key = grp.Key, cnt = grp.Count() }).ToList();\r\n        if (lista != null && lista.Count > 0)\r\n            lista.ForEach(repetido =>\r\n            {\r\n                for (int i = 1; i < repetido.cnt; i++)\r\n                    for(int j = this.Items.Count-1; j>=0;j--)\r\n                        if(this.Items[j].Item == repetido.key)\r\n                        {\r\n                            this.Items.RemoveAt(j);\r\n                            j = 0;\r\n                            //throw new Exception($\"O artigo {this.Items[j].Item} já foi selecionado.\");\r\n                        }\r\n            });\r\n    }   \r\n    \r\n    */\r\n    decimal Total, TotalMercServ, TotalDiscount, TotalTax;\r\n    Total = TotalMercServ = TotalDiscount = TotalTax = 0;\r\n    Items.ForEach(item =>\r\n    {\r\n        item.Primavera = Primavera;\r\n        item.Supplier = Supplier;\r\n        Total += item.Total;\r\n        TotalMercServ += item.TotalMercServ;\r\n        TotalDiscount += item.TotalDiscount;\r\n        TotalTax += item.TotalTax;\r\n        item.DocumentTypes = this.DocumentType;\r\n        item.Currency = this.Currency;\r\n    });\r\n    this.Total = Total;\r\n    this.TotalMercServ = TotalMercServ;\r\n    this.TotalDiscount = TotalDiscount;\r\n    this.TotalTax = TotalTax;\r\n//}",
      "description": ""
    },
    {
      "name": "OnSupplierChange",
      "type": "Action",
      "attribute": "Supplier",
      "expression": "            this.SupplierName = \"\";\r\n            Items.ForEach(a => a.Primavera = Primavera);\r\n            var httpClient = _Context.CreateApplicationHttpClient();\r\n            if (string.IsNullOrEmpty(this.Supplier?.ToString()))\r\n                return;\r\n            if (this._Dto.HasPropertyChanged(nameof(this.SupplierName)))\r\n                return;\r\n\r\n            var dataSource = this.Primavera;\r\n            var requestResult = httpClient.GetAsync($\"Supplier/{dataSource}/{this.Supplier}\").ConfigureAwait(false).GetAwaiter().GetResult();\r\n\r\n            if (!requestResult.IsSuccessStatusCode)\r\n                Helpers.Helpers.SendError(_Context, \"EntityRetrieveError\", new object[] { this.Supplier });\r\n\r\n            var entity = requestResult.Content.ReadAsAsync<SupplierDto>().ConfigureAwait(false).GetAwaiter().GetResult();\r\n\r\n            this.SupplierName = entity._name;\r\n            this.SupplierDiscount = entity.Desconto.Value;\r\n\r\n            if (Items.Count > 0)\r\n            {\r\n                var requestData = new Dictionary<string, object>() { { \"requisition\", this.ToDto() } };\r\n\r\n                var ap = DocumentType == RequisitionTypes.InternalRequisition ? \"Primavera_PreencheRequisicaoERP\" : \"Primavera_PreencheEncomendaERP\";\r\n                var requestResultAP = httpClient.PostAsync($\"behaviours/{this.Primavera}/{ap}\", requestData).ConfigureAwait(false).GetAwaiter().GetResult();\r\n                if (!requestResultAP.IsSuccessStatusCode)\r\n                    throw new Exception($\"Can't retrieve the data of {ap}: {requestResultAP.ReasonPhrase}\");\r\n\r\n                var responseData = requestResultAP.Content.ReadAsAsync<Dictionary<string, object>>().ConfigureAwait(false).GetAwaiter().GetResult();\r\n\r\n                RequisitionsDto dto = null;\r\n\r\n                if (responseData.ContainsKey(\"dto\"))\r\n                    dto = JsonConvert.DeserializeObject<RequisitionsDto>(responseData[\"dto\"].ToString());\r\n                else\r\n                    Helpers.Helpers.SendError(_Context, \"ErrorPreencheCotacaoERPMissingKey\", new object[] { dto });\r\n\r\n\r\n                this.SupplierDiscount = dto.SupplierDiscount.Value;\r\n\r\n                foreach (RequestItemsDto linha in dto.Items)\r\n                    foreach (RequestItems item in Items)\r\n                        if (linha.Item.Equals(item.Item))\r\n                        {\r\n                            item.Amount = linha.Amount.Value;\r\n                            item.Total = linha.Total.Value;\r\n                            item.Discount = linha.Discount.Value;\r\n                            item.TotalDiscount = dto.TotalDiscount.Value;\r\n                            item.TotalMercServ = dto.TotalMercServ.Value;\r\n                            item.TotalTax = dto.TotalTax.Value;\r\n                        }\r\n            }",
      "description": ""
    },
    {
      "name": "BeforeChange",
      "type": "BeforeChange",
      "attribute": null,
      "expression": "if(string.IsNullOrEmpty(this._code) || this._code == \" \")\n    this._code = Guid.NewGuid().ToString(\"N\"); ",
      "description": ""
    },
    {
      "name": "AfterSave",
      "type": "AfterSave",
      "attribute": null,
      "expression": "\r\n            var logger = _Context.Services.GetService<ILogger<Context>>();\r\n            logger.LogInformation($\"Requisitions > AfterSave\");\r\n\r\n            HttpClient httpClient;\r\n            var dataSource = \"Default\";\r\n            Dictionary<string, object> updateData = new Dictionary<string, object>();\r\n            string returnMessage = string.Empty;\r\n            List<Dictionary<string, object>> updateAttributes = new List<Dictionary<string, object>>();\r\n\r\n            httpClient = this._Context.CreateApplicationHttpClient();\r\n\r\n            if (this.DocumentType == RequisitionTypes.InternalRequisition && this.UltimaEtapa && this._state == RequisitionsStateMachineStates.RequisitionsApproval)\r\n            {\r\n                logger.LogInformation($\"Requisitions > AfterSave > InternalRequisition_Integrate\");\r\n\r\n                updateData = await CallConnectorBehaviour(\"InternalRequisition_Integrate\");\r\n                ComposePatchStructure();\r\n                returnMessage = await Helpers.Helpers.GetTextAsync(_Context, \"ReportApproved\");\r\n\r\n                if (updateAttributes.Count > 0)\r\n                {\r\n                    var patchResult = await httpClient.PatchAsync($\"Requisitions/Default/{this._code}\", updateAttributes);\r\n                    await Helpers.Helpers.EnsureSuccessApiResultAsync(_Context, patchResult, await Helpers.Helpers.GetTextAsync(_Context, \"FailureOnUpdate\"));\r\n                }\r\n            }\r\n\r\n            if (this.DocumentType == RequisitionTypes.SupplierOrder && this.UltimaEtapa && this._state == RequisitionsStateMachineStates.RequisitionsApproval)\r\n            {\r\n                updateData = await CallConnectorBehaviour(\"OrderSupplier_Integrate\");\r\n                ComposePatchStructure();\r\n                returnMessage = await Helpers.Helpers.GetTextAsync(_Context, \"ReportApproved\");\r\n\r\n                if (updateAttributes.Count > 0)\r\n                {\r\n                    var patchResult = await httpClient.PatchAsync($\"Requisitions/Default/{this._code}\", updateAttributes);\r\n                    await Helpers.Helpers.EnsureSuccessApiResultAsync(_Context, patchResult, await Helpers.Helpers.GetTextAsync(_Context, \"FailureOnUpdate\"));\r\n                }\r\n            }\r\n\r\n            if (this.DocumentType == RequisitionTypes.InternalRequisition && this.UltimaEtapa && this._state == RequisitionsStateMachineStates.QuotationApproval && !this.Terminou)\r\n            {\r\n                updateData = await CallConnectorBehaviour(\"OrderSupplier_Integrate\");\r\n\r\n                updateAttributes.Add(new Dictionary<string, object>() { { \"op\", \"replace\" }, { \"path\", \"terminou\" }, { \"value\", true } });\r\n\r\n                var patchResult = await httpClient.PatchAsync($\"Requisitions/Default/{this._code}?decision=&comment=\", updateAttributes);\r\n\r\n                await Helpers.Helpers.EnsureSuccessApiResultAsync(_Context, patchResult, await Helpers.Helpers.GetTextAsync(_Context, \"FailureOnUpdate\"));\r\n\r\n                updateData = await CallConnectorBehaviour(\"CloseERPRequisition\");\r\n                returnMessage = await Helpers.Helpers.GetTextAsync(_Context, \"ReportApproved\");\r\n            }\r\n\r\n            if (this.DocumentType == RequisitionTypes.InternalRequisition && this._state == RequisitionsStateMachineStates.QuotationApproval && this.Etapa == 2 && this._Context.Operation.Decision == nameof(RequisitionsStateMachineQuotationApprovalDecisions.Approve))\r\n            {\r\n                updateData = await CallConnectorBehaviour(\"CloseERPRequisition\");\r\n                returnMessage = await Helpers.Helpers.GetTextAsync(_Context, \"ReportApproved\");\r\n            }\r\n\r\n            if (this.DocumentType == RequisitionTypes.InternalRequisition && this._state == RequisitionsStateMachineStates.QuotationRejected && this._Context.Operation.Decision == nameof(RequisitionsStateMachineQuotationApprovalDecisions.Reject))\r\n            {\r\n                updateData = await CallConnectorBehaviour(\"CloseERPRequisition\");\r\n                returnMessage = await Helpers.Helpers.GetTextAsync(_Context, \"ReportApproved\");\r\n            }\r\n\r\n            sendNotification();\r\n\r\n            return await Task.FromResult(new AfterSaveMessage(returnMessage, AfterSaveMessageType.Success));\r\n\r\n            async Task<Dictionary<string, object>> CallConnectorBehaviour(string behaviour)\r\n            {\r\n                Dictionary<string, object> requestData = new Dictionary<string, object>();\r\n                requestData.Add(\"requisitions\", this.ToDto());\r\n                var requestResult = await httpClient.PostAsync($\"behaviours/{this.Primavera}/{behaviour}\", requestData);\r\n                await Helpers.Helpers.EnsureSuccessApiResultAsync(_Context, requestResult);\r\n                return await requestResult.Content.ReadAsAsync<Dictionary<string, object>>();\r\n            }\r\n\r\n            void ComposePatchStructure()\r\n            {\r\n                if (updateData.ContainsKey(\"documentoERP\"))\r\n                {\r\n                    updateAttributes.Add(new Dictionary<string, object>() { { \"op\", \"replace\" }, { \"path\", \"documentoERP\" }, { \"value\", updateData[\"documentoERP\"].ToString() } });\r\n                }\r\n\r\n                if (updateData.ContainsKey(\"filial\"))\r\n                {\r\n                    updateAttributes.Add(new Dictionary<string, object>() { { \"op\", \"replace\" }, { \"path\", \"filial\" }, { \"value\", updateData[\"filial\"].ToString() } });\r\n                }\r\n            }\r\n\r\n            async void sendNotification()\r\n            {\r\n                var Body = \"\";\r\n                var Subject = \"\";\r\n                var To = \"\";\r\n                var Approver = \"\";\r\n\r\n                if (this._Context.Authentication.Username.EndsWith(\"@apiclients\"))\r\n                {\r\n                    Approver = \"ERP Primavera\";\r\n                }\r\n                else if (this._Context.Authentication.UserIsInRole(\"Supplier\"))\r\n                {\r\n                    Approver = \"Auto. Process\";\r\n                }\r\n                else\r\n                {\r\n                    var requestEmployeeResult = await httpClient.PostAsJsonAsync(\"Queries/GetUsernameEmployeeQuery/Default?page=1&pageSize=1\", new { Parameters = new List<object> { new { Name = \"datasource\", Value = this.Primavera } } });\r\n\r\n                    if (!requestEmployeeResult.IsSuccessStatusCode)\r\n                        await Helpers.Helpers.SendErrorAsync(_Context, \"QueryExecuteErrorStatus\", new object[] { \"GetUsernameEmployeeQuery\", requestEmployeeResult.StatusCode, await requestEmployeeResult.Content.ReadAsStringAsync() });\r\n\r\n                    var resultEmployee = await requestEmployeeResult?.Content?.ReadAsAsync<List<Dictionary<string, object>>>();\r\n                    if (resultEmployee == null || resultEmployee.Count == 0)\r\n                        await Helpers.Helpers.SendErrorAsync(_Context, \"EmployeeNotFound\");\r\n\r\n                    Approver = $\"{resultEmployee.First()[\"_code\"].ToString()} - {resultEmployee.First()[\"_name\"].ToString()}\";\r\n                }\r\n\r\n                var requestResult = await httpClient.PostAsJsonAsync($\"Queries/GetRequisitionsContactsQuery/{dataSource}?pageSize=1\", new { Parameters = new List<object> { new { Name = \"CODE\", Value = this._code } } });\r\n\r\n                if (!requestResult.IsSuccessStatusCode)\r\n                    await Helpers.Helpers.SendErrorAsync(_Context, \"QueryExecuteError\", new object[] { \"GetRequisitionsContactsQuery\" });\r\n\r\n\r\n\r\n                var result = await requestResult.Content.ReadAsAsync<List<Dictionary<string, object>>>();\r\n\r\n                var authorcode = result.First()[\"authorcode\"].ToString();\r\n                var authorname = result.First()[\"authorname\"].ToString();\r\n                var authorusername = result.First()[\"authorusername\"].ToString();\r\n                var authorcontactemail = result.First()[\"authorcontactemail\"].ToString();\r\n                var authornotificationlanguage = result.First()[\"authornotificationlanguage\"]?.ToString();\r\n\r\n                var Template = \"\";\r\n\r\n                var language = _Context.Operation.Language == \"en-US\" ? \"EN\" : \"PT\";\r\n                language = \"PT\";\r\n\r\n                this.Author = $\"{authorcode} - {authorname}\";\r\n\r\n                switch (this._Context.Operation.Decision)\r\n                {\r\n                    case \"Submit\":\r\n                        if (this.UltimaEtapa && this._state == RequisitionsStateMachineStates.RequisitionsApproval)\r\n                        {\r\n                            To = string.IsNullOrEmpty(authorcontactemail) ? authorusername : authorcontactemail;\r\n                            Template = \"RequisitionsIsApproved\";\r\n                            language = ValidateNotificationLanguage(language, authornotificationlanguage);\r\n                        }\r\n                        else if (this._state == RequisitionsStateMachineStates.RequisitionsApproval)\r\n                        {\r\n                            To = string.IsNullOrEmpty(this.ApproverContactEmail) ? this.ApproverUsername : this.ApproverContactEmail;\r\n                            Template = \"RequisitionsWaitMyVal\";\r\n                            language = ValidateNotificationLanguage(language, this.ApproverNotificationLanguage);\r\n                        }\r\n                        else if (this._state == RequisitionsStateMachineStates.QuotationApproval)\r\n                        {\r\n                            To = string.IsNullOrEmpty(this.ApproverContactEmail) ? this.ApproverUsername : this.ApproverContactEmail;\r\n                            Template = \"QuotationsWaitMyVal\";\r\n                            language = ValidateNotificationLanguage(language, this.ApproverNotificationLanguage);\r\n                        }\r\n                        break;\r\n                    case \"Approve\":\r\n                        if (this.UltimaEtapa && this._state == RequisitionsStateMachineStates.RequisitionsApproval)\r\n                        {\r\n                            To = string.IsNullOrEmpty(authorcontactemail) ? authorusername : authorcontactemail;\r\n                            Template = \"RequisitionsIsApproved\";\r\n                            language = ValidateNotificationLanguage(language, authornotificationlanguage);\r\n                        }\r\n                        else if (this._state == RequisitionsStateMachineStates.RequisitionsApproval)\r\n                        {\r\n                            To = string.IsNullOrEmpty(this.ApproverContactEmail) ? this.ApproverUsername : this.ApproverContactEmail;\r\n                            Template = \"RequisitionsWaitMyVal\";\r\n                            language = ValidateNotificationLanguage(language, this.ApproverNotificationLanguage);\r\n                        }\r\n                        else if (!this.UltimaEtapa && this._state == RequisitionsStateMachineStates.QuotationApproval)\r\n                        {\r\n                            To = string.IsNullOrEmpty(this.ApproverContactEmail) ? this.ApproverUsername : this.ApproverContactEmail;\r\n                            Template = \"QuotationsWaitMyVal\";\r\n                            language = ValidateNotificationLanguage(language, this.ApproverNotificationLanguage);\r\n                        }\r\n                        break;\r\n                    case \"Reject\":\r\n                        To = string.IsNullOrEmpty(authorcontactemail) ? authorusername : authorcontactemail;\r\n                        Template = \"RequisitionsIsRejected\";\r\n                        language = ValidateNotificationLanguage(language, authornotificationlanguage);\r\n                        break;\r\n                    case \"Review\":\r\n                        To = string.IsNullOrEmpty(authorcontactemail) ? authorusername : authorcontactemail;\r\n                        Template = \"RequisitionsOnRevision\";\r\n                        language = ValidateNotificationLanguage(language, authornotificationlanguage);\r\n                        break;\r\n                    case \"Close\":\r\n                        To = string.IsNullOrEmpty(authorcontactemail) ? authorusername : authorcontactemail;\r\n                        Template = \"RequisitionsClose\";\r\n                        language = ValidateNotificationLanguage(language, authornotificationlanguage);\r\n                        break;\r\n                    case \"Satisfied\":\r\n                        To = string.IsNullOrEmpty(authorcontactemail) ? authorusername : authorcontactemail;\r\n                        Template = \"RequisitionsSatisfied\";\r\n                        language = ValidateNotificationLanguage(language, authornotificationlanguage);\r\n                        break;\r\n                    case \"Completed\":\r\n                        To = string.IsNullOrEmpty(authorcontactemail) ? authorusername : authorcontactemail;\r\n                        Template = \"RequisitionsCompleted\";\r\n                        language = ValidateNotificationLanguage(language, authorcontactemail);\r\n                        break;\r\n                    default:\r\n                        if (this._state == RequisitionsStateMachineStates.OrderCompleted)\r\n                        {\r\n                            To = string.IsNullOrEmpty(authorcontactemail) ? authorusername : authorcontactemail;\r\n                            Template = \"RequisitionsCompleted\";\r\n                            language = ValidateNotificationLanguage(language, authornotificationlanguage);\r\n                        }\r\n                        break;\r\n                }\r\n\r\n                if (!string.IsNullOrEmpty(Template))\r\n                {\r\n                    this.ApproverUsername = Approver;\r\n\r\n                    var RequestTemplateResult = await httpClient.PostAsync($\"TextTemplates/{Template}Body{language}\", this.ToDto());\r\n                    if (!RequestTemplateResult.IsSuccessStatusCode)\r\n                        await Helpers.Helpers.SendErrorAsync(_Context, \"TransformTemplateError\", new object[] { $\"{Template}Body{language}\" });\r\n\r\n                    Body = await RequestTemplateResult.Content.ReadAsStringAsync();\r\n\r\n                    RequestTemplateResult = await httpClient.PostAsync($\"TextTemplates/{Template}Subject{language}\", this.ToDto());\r\n                    if (!RequestTemplateResult.IsSuccessStatusCode)\r\n                        await Helpers.Helpers.SendErrorAsync(_Context, \"TransformTemplateError\", new object[] { $\"{Template}Subject{language}\" });\r\n\r\n                    Subject = await RequestTemplateResult.Content.ReadAsStringAsync();\r\n\r\n                }\r\n                if (!string.IsNullOrEmpty(Body))\r\n                {\r\n\r\n                    (bool notificationSendResult, string notificationSendDetails) = await Helpers.Helpers.SendEmailAsync(_Context, To, Subject, Body);\r\n\r\n                    if (notificationSendResult)\r\n                    {\r\n                        if (!string.IsNullOrEmpty(notificationSendDetails))\r\n                            returnMessage += Environment.NewLine + notificationSendDetails;\r\n                    }\r\n                    else\r\n                        returnMessage += Environment.NewLine + await Helpers.Helpers.GetTextAsync(_Context, \"CantSendEmails\", new object[] { notificationSendDetails });\r\n                }\r\n            }\r\n\r\n            string ValidateNotificationLanguage(string currentLang, string empLang)\r\n            {\r\n                switch (empLang)\r\n                {\r\n                    case \"PTPT\": return \"PT\";\r\n                    case \"ENUS\": return \"EN\";\r\n                    default: return currentLang;\r\n                }\r\n            }",
      "description": ""
    },
    {
      "name": "BeforeSave",
      "type": "BeforeSave",
      "attribute": null,
      "expression": "            var logger = _Context.Services.GetService<ILogger<Context>>();\r\n            logger.LogInformation($\"Requisitions > BeforeSave\");\r\n\r\n            if ((new List<RequisitionsStateMachineStates> { RequisitionsStateMachineStates.OrderCompleted, RequisitionsStateMachineStates.Closed, RequisitionsStateMachineStates.Satisfied }).Contains(this._state))\r\n                return;\r\n\r\n            if (!this.PodeAlterar)\r\n                Helpers.Helpers.SendError(this._Context, \"RecordChangeDeny\");\r\n\r\n            if (this._state == RequisitionsStateMachineStates.QuotationApproval && _Context.Operation.Decision != null && _Context.Operation.Decision.Equals(nameof(RequisitionsStateMachineQuotationApprovalDecisions.Approve)))\r\n                if (!this.Items.Where(item => !string.IsNullOrEmpty(item.quotationLineERP)).Any())\r\n                    Helpers.Helpers.SendError(this._Context, \"RequisitionsNoQuotationSelected\");\r\n\r\n\r\n            this.Notes = this._Context.Operation.Comment;\r\n            this.SupplierQuotes = \"\";\r\n            this.SelectQuotesOptions = null;\r\n\r\n            var fluxo = \"\";\r\n\r\n            if (this._state == RequisitionsStateMachineStates.RequisitionsApproval || this._state == RequisitionsStateMachineStates.QuotationApproval)\r\n            {\r\n                if (this._state == RequisitionsStateMachineStates.QuotationApproval || this._state == RequisitionsStateMachineStates.Pending)\r\n                    fluxo = (this.QuotationsApprovalFlow == null || this.QuotationsApprovalFlow.Count == 0) ?\r\n                        \"GetOUQuotationsNextStageQuery\"\r\n                        :\r\n                        \"GetRequisitionQuoNextStageQuery\";\r\n                else\r\n                    fluxo = (this.RequisitionApprovalFlow == null || this.RequisitionApprovalFlow.Count == 0) ?\r\n                        \"GetOURequisitionNextStageQuery\"\r\n                        :\r\n                        \"GetRequisitionReqNextStageQuery\";\r\n\r\n                this.OldAssigned = this._assigned;\r\n\r\n                if (\"Approve\".Equals(_Context.Operation.Decision) || \"Submit\".Equals(_Context.Operation.Decision))\r\n                {\r\n                    if (this._state == RequisitionsStateMachineStates.RequisitionsApproval && (this.RequisitionApprovalFlow == null || this.RequisitionApprovalFlow.Count == 0))\r\n                        carregarRequisitionsFlow().ConfigureAwait(false).GetAwaiter().GetResult();\r\n                    if ((this._state == RequisitionsStateMachineStates.QuotationApproval || this._state == RequisitionsStateMachineStates.Pending) && (this.QuotationsApprovalFlow == null || this.QuotationsApprovalFlow.Count == 0))\r\n                        carregarQuotationsFlow().ConfigureAwait(false).GetAwaiter().GetResult();\r\n                }\r\n                else if (\"Reject\".Equals(_Context.Operation.Decision))\r\n                {\r\n                    // if (this.Etapa != 1)\r\n                    //     this.Etapa = 0;\r\n                    this._state = RequisitionsStateMachineStates.QuotationRejected;\r\n                }\r\n                else if (\"Review\".Equals(_Context.Operation.Decision))\r\n                {\r\n                    this.Etapa = 1;\r\n                }\r\n\r\n                if (!this._state.Equals(RequisitionsStateMachineStates.QuotationRejected))\r\n                {\r\n                    var total = 0.0m;\r\n                    if (this._state == RequisitionsStateMachineStates.QuotationApproval || this._state == RequisitionsStateMachineStates.Pending)\r\n                    {\r\n                        total = this.Items.Sum(item => item.quotationTotal);\r\n                    } else\r\n                    {\r\n                        total = this.Total;\r\n                    }\r\n                    \r\n                    var result = getNextApprover(this.Etapa, fluxo, total).ConfigureAwait(false).GetAwaiter().GetResult();\r\n                    if (result == null || result.Count == 0)\r\n                    {\r\n                        \r\n                        this.UltimaEtapa = true;\r\n                        logger.LogInformation($\"Requisitions > BeforeSave > getNextApprover > this.UltimaEtapa = true;\");\r\n                    }\r\n                    else\r\n                    {\r\n                        this.UltimaEtapa = false;\r\n                        this.Etapa = Convert.ToInt32(result.First()[\"order\"]);\r\n                        this._assigned = result.First()[\"approvalprofile\"].ToString();\r\n                        this.AssignedName = result.First()[\"approvalprofilename\"].ToString();\r\n                        this.ApproverUsername = result.First()[\"approverusername\"].ToString();\r\n                        this.ApproverContactEmail = result.First()[\"approvercontactemail\"].ToString();\r\n                        this.ApproverNotificationLanguage = result.First()[\"approvernotificationlanguage\"]?.ToString();\r\n                        \r\n                        logger.LogInformation($\"Requisitions > BeforeSave > getNextApprover > this.UltimaEtapa = false;\");\r\n                    }\r\n\r\n                    if (this.UltimaEtapa && string.IsNullOrEmpty(this.Supplier) && this.DocumentType == RequisitionTypes.SupplierOrder)\r\n                        Helpers.Helpers.SendError(_Context, \"SupplierMissing\");\r\n                }\r\n\r\n            }\r\n\r\n            if (this.ApprovalHistory == null)\r\n                this.ApprovalHistory = new List<ApprovalHistory>();\r\n\r\n            this.ApprovalHistory.Add(new Model.ApprovalHistory(this._Context)\r\n            {\r\n                _name = this._Context.Authentication.Username,\r\n                ApprovalDate = DateTime.Now,\r\n                State = this._state,\r\n                Decision = _Context.Operation.Decision\r\n            });\r\n\r\n            async Task<List<Dictionary<string, object>>> getNextApprover(int etapa, string Fluxo, decimal total)\r\n            {\r\n                // throw new Exception($\"Getting next approver for etapa {etapa} and fluxo {Fluxo}\");\r\n                var httpClient = this._Context.CreateApplicationHttpClient();\r\n                var dataSource = \"Default\";\r\n                var requestResult = await httpClient.PostAsJsonAsync($\"Queries/{Fluxo}/{dataSource}?pageSize=1\",\r\n                                    new\r\n                                    {\r\n                                        Parameters = new List<object>{\r\n                                            new {Name = \"REQUISITION\", Value = this._code},\r\n                                            new {Name = \"Author\", Value = this.Author},\r\n                                            new {Name = \"Company\", Value = this.Company},\r\n                                            new {Name = \"OU\", Value = this.OrganizationalUnit},\r\n                                            new {Name = \"ORDER\", Value = etapa},\r\n                                            new {Name = \"AMOUNT\", Value = total},\r\n                                            new {Name = \"FAMILIES\", Value = string.Join(\"##\", this.Items?.Select(item => item.ItemFamily).Distinct())}\r\n                                        }\r\n                                    });\r\n\r\n                if (!requestResult.IsSuccessStatusCode)\r\n                    await Helpers.Helpers.SendErrorAsync(this._Context, \"QueryExecuteError\", new object[] { Fluxo });\r\n\r\n                var result = await requestResult.Content.ReadAsAsync<List<Dictionary<string, object>>>();\r\n\r\n                if (result == null || result.Count == 0)\r\n                    return result;\r\n                else\r\n                {\r\n                    if (this._Context.Authentication.Username.ToLower() == result.First()[\"approverusername\"].ToString().ToLower() && etapa >= 0)\r\n                    {\r\n                        this.OldAssigned = this._assigned;\r\n                        this.UltimaEtapa = false;\r\n                        this.Etapa = Convert.ToInt32(result.First()[\"order\"]);\r\n                        this._assigned = result.First()[\"approvalprofile\"].ToString();\r\n                        this.AssignedName = result.First()[\"approvalprofilename\"].ToString();\r\n                        this.ApproverUsername = result.First()[\"approverusername\"].ToString();\r\n                        this.ApproverContactEmail = result.First()[\"approvercontactemail\"].ToString();\r\n                        this.ApproverNotificationLanguage = result.First()[\"approvernotificationlanguage\"]?.ToString();\r\n                        return await getNextApprover(this.Etapa, Fluxo, total);\r\n                    }\r\n                    else\r\n                        return result;\r\n                }\r\n            }\r\n\r\n            async Task carregarRequisitionsFlow()\r\n            {\r\n                var entity = await Helpers.DataHelpers.getOUAsync(_Context, this.OrganizationalUnit);\r\n                IDictionary<decimal, decimal> cambios = await Helpers.DataHelpers.ConverteCambio(_Context, await Helpers.DataHelpers.getMoedaBaseAsync(_Context, entity.Currency, string.IsNullOrEmpty(entity.Company) ? this.Company : entity.Company), this.Currency, entity.RequisitionApprovalFlow.Select(item => item.Amount ?? 0).Distinct().ToList(), this.Primavera);\r\n\r\n                if (entity.RequisitionApprovalFlow != null)\r\n                    this.RequisitionApprovalFlow = entity.RequisitionApprovalFlow.Select(item => item.ToFlowItemHistory(this._Context, cambios)).ToList();\r\n            }\r\n\r\n            async Task carregarQuotationsFlow()\r\n            {\r\n                var entity = await Helpers.DataHelpers.getOUAsync(_Context, this.OrganizationalUnit);\r\n                IDictionary<decimal, decimal> cambios = await Helpers.DataHelpers.ConverteCambio(_Context, await Helpers.DataHelpers.getMoedaBaseAsync(_Context, entity.Currency, string.IsNullOrEmpty(entity.Company) ? this.Company : entity.Company), this.Currency, entity.QuotationsApprovalFlow.Select(item => item.Amount ?? 0).Distinct().ToList(), this.Primavera);\r\n\r\n                if (entity.QuotationsApprovalFlow != null)\r\n                    this.QuotationsApprovalFlow = entity.QuotationsApprovalFlow.Select(item => item.ToFlowItemHistory(this._Context, cambios)).ToList();\r\n            }\r\n",
      "description": ""
    },
    {
      "name": "OnChange_DocumentType",
      "type": "Action",
      "attribute": "DocumentType",
      "expression": "            if (Items.Count > 0)\r\n            {\r\n                var httpClient = _Context.CreateApplicationHttpClient();\r\n                var requestData = new Dictionary<string, object>()\r\n                    {\r\n                        {\"requisition\", this.ToDto() }\r\n                    };\r\n\r\n                var ap = DocumentType == RequisitionTypes.InternalRequisition ? \"Primavera_PreencheRequisicaoERP\" : \"Primavera_PreencheEncomendaERP\";\r\n                var requestResult = httpClient.PostAsync($\"behaviours/{this.Primavera}/{ap}\", requestData).ConfigureAwait(false).GetAwaiter().GetResult();\r\n                if (!requestResult.IsSuccessStatusCode)\r\n                    throw new Exception($\"Can't retrieve the data of {ap}: {requestResult.ReasonPhrase}\");\r\n\r\n                var responseData = requestResult.Content.ReadAsAsync<Dictionary<string, object>>().ConfigureAwait(false).GetAwaiter().GetResult();\r\n\r\n                RequisitionsDto dto = null;\r\n\r\n                if (responseData.ContainsKey(\"dto\"))\r\n                    dto = JsonConvert.DeserializeObject<RequisitionsDto>(responseData[\"dto\"].ToString());\r\n                else\r\n                    Helpers.Helpers.SendError(_Context, \"ErrorPreencheCotacaoERPMissingKey\", new object[] { dto });\r\n\r\n                this.SupplierDiscount = dto.SupplierDiscount.Value;\r\n\r\n                foreach (RequestItemsDto linha in dto.Items)\r\n                    foreach (RequestItems item in Items)\r\n                        if (linha.Item.Equals(item.Item))\r\n                        {\r\n                            item.Amount = linha.Amount.Value;\r\n                            item.Total = linha.Total.Value;\r\n                            item.Discount = linha.Discount.Value;\r\n                            item.TotalDiscount = dto.TotalDiscount.Value;\r\n                            item.TotalMercServ = dto.TotalMercServ.Value;\r\n                            item.TotalTax = dto.TotalTax.Value;\r\n                            item.DocumentTypes = this.DocumentType;\r\n                        }\r\n            }",
      "description": ""
    },
    {
      "name": "CalculateQuotationItemsTotal",
      "type": "Formula",
      "attribute": "QuotationItemsTotal",
      "expression": "return this.Items is null ? 0 : this.Items.Select(item => item.quotationTotal).Sum();",
      "description": ""
    },
    {
      "name": "BeforeInitialize_Items",
      "type": "BeforeCollectionEntityInitialize",
      "attribute": "Items",
      "expression": "entry.Primavera = this.Primavera;\r\nentry.Currency = this.Currency;",
      "description": ""
    },
    {
      "name": "OnOrganizationalUnitChange",
      "type": "Action",
      "attribute": "OrganizationalUnit",
      "expression": "            if (string.IsNullOrEmpty(this.OrganizationalUnit?.ToString()))\r\n                return;\r\n\r\n            if (this._Dto.HasPropertyChanged(nameof(this.Currency)))\r\n                return;\r\n\r\n            var httpClient = this._Context.CreateApplicationHttpClient();\r\n            var dataSource = \"Default\";\r\n            var requestResult = httpClient.GetAsync($\"OrganizationalUnit/{dataSource}/{this.OrganizationalUnit}\").ConfigureAwait(false).GetAwaiter().GetResult();\r\n\r\n            if (!requestResult.IsSuccessStatusCode)\r\n                Helpers.Helpers.SendError(_Context, \"EntityRetrieveError\", new object[] { this.Company });\r\n\r\n            var entity = requestResult.Content.ReadAsAsync<OrganizationalUnitDto>().ConfigureAwait(false).GetAwaiter().GetResult();\r\n\r\n            if (entity != null && !string.IsNullOrEmpty(entity.Currency))\r\n                this.Currency = entity.Currency;",
      "description": ""
    },
    {
      "name": "OnChange_Incoterm",
      "type": "Action",
      "attribute": "Incoterm",
      "expression": "var httpClient = this._Context.CreateApplicationHttpClient();\r\nvar dataSource = this.Primavera; \r\n\r\nvar requestResult = httpClient.PostAsJsonAsync($\"Queries/IncotermsQuery/{dataSource}?pageSize=1\", new { Filter = new\r\n                    {                 \r\n                        Property = \"_code\",\r\n                        Value = newValue\r\n                    }}).GetAwaiter().GetResult();\r\n\r\nif (!requestResult.IsSuccessStatusCode)\r\n    throw new Exception($\"Can't retrieve the data of query 'IncotermsQuery'\");\r\n\r\nvar result = requestResult.Content.ReadAsAsync<List<Dictionary<string, object>>>().GetAwaiter().GetResult();\r\n\r\n        if (result.Count > 0)\r\n        {\r\n            this.IncotermDesc = result.First()[\"_name\"].ToString();\r\n        }\r\n        else\r\n        {\r\n            this.IncotermDesc = \"\";\r\n        }",
      "description": ""
    }
  ],
  "behaviourNamespaces": [
    {
      "name": "MicrosoftExtensionsLogging",
      "description": "",
      "executionLocation": "Internal",
      "fullyQualifiedName": "Microsoft.Extensions.Logging"
    }
  ]
}