{
  "name": "FinancialDocumentERPStateMachine",
  "states": [
    {
      "name": "OnApproval",
      "decisions": [
        {
          "name": "Approve",
          "order": 1,
          "commentType": "Optional",
          "description": ""
        },
        {
          "name": "Reject",
          "order": 2,
          "commentType": "Required",
          "description": ""
        }
      ],
      "isInitial": true,
      "behaviours": [],
      "description": "",
      "transitions": [
        {
          "to": "Rejected",
          "name": "OnApprovalToRejected",
          "type": "Decision",
          "order": 1,
          "decision": "Reject",
          "expression": "",
          "description": ""
        }
      ],
      "disableAttributes": false,
      "disableOperations": false,
      "enabledAttributes": [],
      "enabledOperations": [],
      "assignToExpression": ""
    },
    {
      "name": "Rejected",
      "decisions": [],
      "isInitial": false,
      "behaviours": [],
      "description": "",
      "transitions": [],
      "disableAttributes": true,
      "disableOperations": true,
      "enabledAttributes": [],
      "enabledOperations": [],
      "assignToExpression": ""
    },
    {
      "name": "Approved",
      "decisions": [],
      "isInitial": false,
      "behaviours": [],
      "description": "",
      "transitions": [],
      "disableAttributes": true,
      "disableOperations": true,
      "enabledAttributes": [],
      "enabledOperations": [],
      "assignToExpression": ""
    }
  ],
  "definition": "FinancialDocumentERP",
  "description": ""
}