{
  "name": "RequisitionsStateMachine",
  "states": [
    {
      "name": "Draft",
      "decisions": [
        {
          "name": "Submit",
          "order": 1,
          "commentType": "Optional",
          "description": "Submit/Submeter"
        }
      ],
      "isInitial": true,
      "behaviours": [],
      "description": "Draft/Rascunho",
      "transitions": [
        {
          "to": "RequisitionsApproval",
          "name": "DraftToRequisitionApproval",
          "type": "Decision",
          "order": 1,
          "decision": "Submit",
          "expression": "",
          "description": "Draft -> RequisitionApproval"
        }
      ],
      "disableAttributes": false,
      "disableOperations": false,
      "enabledAttributes": [],
      "enabledOperations": [],
      "assignToExpression": ""
    },
    {
      "name": "RequisitionsApproval",
      "decisions": [
        {
          "name": "Approve",
          "order": 1,
          "commentType": "Optional",
          "description": "Approve/Aprovar"
        },
        {
          "name": "Reject",
          "order": 2,
          "commentType": "Required",
          "description": "Reject/Rejeitar"
        },
        {
          "name": "Review",
          "order": 3,
          "commentType": "Required",
          "description": "Review/ Rever"
        }
      ],
      "isInitial": false,
      "behaviours": [],
      "description": "Approval Before Pending",
      "transitions": [
        {
          "to": "Rejected",
          "name": "RequisitionsApprovalToRejected",
          "type": "Decision",
          "order": 1,
          "decision": "Reject",
          "expression": "",
          "description": "RequisitionsApproval -> Rejected"
        },
        {
          "to": "Revision",
          "name": "RequisitionsApprovalToRevision",
          "type": "Decision",
          "order": 2,
          "decision": "Review",
          "expression": "",
          "description": "RequisitionsApproval -> Revision"
        },
        {
          "to": "Pending",
          "name": "RequisitionsApprovalToPending",
          "type": "Auto",
          "order": 3,
          "decision": "Approve",
          "expression": "return !string.IsNullOrEmpty(this.DocumentoERP) && this.DocumentType == RequisitionTypes.InternalRequisition;",
          "description": ""
        },
        {
          "to": "OrderCompleted",
          "name": "RequisitionsApprovalToCompleted",
          "type": "Auto",
          "order": 4,
          "decision": "",
          "expression": "return !string.IsNullOrEmpty(this.DocumentoERP) && this.DocumentType == RequisitionTypes.SupplierOrder;",
          "description": ""
        }
      ],
      "disableAttributes": false,
      "disableOperations": false,
      "enabledAttributes": [
        {
          "name": "nd196e12b6ad419f9eb325c42fb90585",
          "path": "_state",
          "description": null
        },
        {
          "name": "n9d8c0476f64453aa0732957fe1cb6fd",
          "path": "DocumentoERP",
          "description": null
        }
      ],
      "enabledOperations": [],
      "assignToExpression": ""
    },
    {
      "name": "Rejected",
      "decisions": [],
      "isInitial": false,
      "behaviours": [
        {
          "name": "OnRejectedIn",
          "type": "In",
          "expression": "this.AssignedName = \"\";\nthis._assigned = \"\";",
          "description": ""
        }
      ],
      "description": "Rejected/Rejeitado",
      "transitions": [],
      "disableAttributes": true,
      "disableOperations": true,
      "enabledAttributes": [],
      "enabledOperations": [],
      "assignToExpression": ""
    },
    {
      "name": "Revision",
      "decisions": [
        {
          "name": "Submit",
          "order": 1,
          "commentType": "Optional",
          "description": "Submit/Submeter"
        },
        {
          "name": "Reject",
          "order": 2,
          "commentType": "Required",
          "description": ""
        }
      ],
      "isInitial": false,
      "behaviours": [
        {
          "name": "OnRevisionIn",
          "type": "In",
          "expression": "this.AssignedName = \"Autor\";\nthis._assigned = \"1\";\nthis.Etapa = -1;",
          "description": ""
        }
      ],
      "description": "Revision / Em Revisão",
      "transitions": [
        {
          "to": "RequisitionsApproval",
          "name": "RevisionToRequisitionApproval",
          "type": "Decision",
          "order": 1,
          "decision": "Submit",
          "expression": "",
          "description": "Revision -> RequisitionApproval"
        },
        {
          "to": "Rejected",
          "name": "RequisitionsRevisionToRejected",
          "type": "Decision",
          "order": 2,
          "decision": "Reject",
          "expression": "",
          "description": "Revision -> Rejected"
        }
      ],
      "disableAttributes": false,
      "disableOperations": false,
      "enabledAttributes": [],
      "enabledOperations": [],
      "assignToExpression": ""
    },
    {
      "name": "Pending",
      "decisions": [
        {
          "name": "Submit",
          "order": 1,
          "commentType": "None",
          "description": ""
        },
        {
          "name": "Close",
          "order": 2,
          "commentType": "Optional",
          "description": ""
        },
        {
          "name": "Satisfied",
          "order": 3,
          "commentType": "Optional",
          "description": ""
        }
      ],
      "isInitial": false,
      "behaviours": [
        {
          "name": "OnPendingIn",
          "type": "In",
          "expression": "this.AssignedName = \"\";\nthis._assigned = \"\";\nthis.Etapa = 0;\nthis.UltimaEtapa = false;",
          "description": ""
        }
      ],
      "description": "Pending/Pendente",
      "transitions": [
        {
          "to": "QuotationApproval",
          "name": "PendingToQuotationApproval",
          "type": "Decision",
          "order": 1,
          "decision": "Submit",
          "expression": "",
          "description": "Pending -> QuotationApproval"
        },
        {
          "to": "Closed",
          "name": "PendingToClosed",
          "type": "Decision",
          "order": 2,
          "decision": "Close",
          "expression": "",
          "description": ""
        },
        {
          "to": "Satisfied",
          "name": "PendingToSatisfied",
          "type": "Decision",
          "order": 4,
          "decision": "Satisfied",
          "expression": "",
          "description": ""
        },
        {
          "to": "OrderCompleted",
          "name": "PendingToOrderCompleted",
          "type": "Auto",
          "order": 4,
          "decision": "",
          "expression": "return this.Terminou;",
          "description": " Pending -> OrderCompleted"
        }
      ],
      "disableAttributes": true,
      "disableOperations": false,
      "enabledAttributes": [
        {
          "name": "n135b7ca60ef468396bf314b9aa14f72",
          "path": "_state",
          "description": null
        },
        {
          "name": "nbb08483fe7942dfb5b8fe36dec26332",
          "path": "Filial",
          "description": null
        },
        {
          "name": "nc876fc55321400cb6d8f1967b457699",
          "path": "DocumentoERP",
          "description": null
        },
        {
          "name": "n117de57051d46b6a5d041f5cda5c5f2",
          "path": "Terminou",
          "description": null
        },
        {
          "name": "n204a97d57a14321b5957445888e83a1",
          "path": "Etapa",
          "description": null
        },
        {
          "name": "n5c0dbaa501545f8b66bc9380d7dec39",
          "path": "ApproverUsername",
          "description": null
        },
        {
          "name": "n9509adfc1de4ba7982a0cce91fa752c",
          "path": "ApproverContactEmail",
          "description": null
        },
        {
          "name": "na4d9d329efe40379d7e63a8d8d1c05b",
          "path": "OldAssigned",
          "description": null
        },
        {
          "name": "nefb47fda812469c83684f09d76f5981",
          "path": "AssignedName",
          "description": null
        },
        {
          "name": "nd3133f6d8b346e68951c52ae134effa",
          "path": "SupplierQuotes",
          "description": null
        },
        {
          "name": "nb452baa666040048da1964d728436da",
          "path": "ApproverNotificationLanguage",
          "description": null
        }
      ],
      "enabledOperations": [],
      "assignToExpression": ""
    },
    {
      "name": "QuotationApproval",
      "decisions": [
        {
          "name": "Approve",
          "order": 1,
          "commentType": "Optional",
          "description": "Approve / Aprovar"
        },
        {
          "name": "Reject",
          "order": 2,
          "commentType": "None",
          "description": "Reject / Rejeitar"
        },
        {
          "name": "Review",
          "order": 3,
          "commentType": "None",
          "description": ""
        }
      ],
      "isInitial": false,
      "behaviours": [],
      "description": "Quotation Approval / Em Aprovação de Cotações",
      "transitions": [
        {
          "to": "QuotationRejected",
          "name": "QuotationApprovalToQuotationReje",
          "type": "Decision",
          "order": 1,
          "decision": "Reject",
          "expression": "return this.Etapa == 1;\r\n// return this.Terminou;",
          "description": ""
        },
        {
          "to": "OrderCompleted",
          "name": "QuotationApprovalToCompleted",
          "type": "Auto",
          "order": 2,
          "decision": "",
          "expression": "return this.Terminou;",
          "description": ""
        },
        {
          "to": "QuotationApproval",
          "name": "QuotationApprovalToReview",
          "type": "Auto",
          "order": 3,
          "decision": "",
          "expression": "",
          "description": ""
        }
      ],
      "disableAttributes": true,
      "disableOperations": false,
      "enabledAttributes": [
        {
          "name": "n6a96e0daf274b40a12b05e68f2bde7c",
          "path": "_state",
          "description": null
        },
        {
          "name": "n1749c1b8e8e498f88b0fa45e953654e",
          "path": "Items.quotationLineERP",
          "description": null
        },
        {
          "name": "n886ae19cdb54f98acdd804d825b4d75",
          "path": "Items.quotationSupplierId",
          "description": null
        },
        {
          "name": "nd0adb88209e4281a6c2f74cf5a243e5",
          "path": "Items.quotationSupplierName",
          "description": null
        },
        {
          "name": "na0ea05934fd443ebf835ebbd014a510",
          "path": "Items.quotationUnitPrice",
          "description": null
        },
        {
          "name": "nd3d81e403e441b4a959ee1f220168bf",
          "path": "Items.quotationDeliveryDate",
          "description": null
        },
        {
          "name": "nfa1c3c240a5483994405cacde1a6989",
          "path": "AssignedName",
          "description": null
        },
        {
          "name": "n730084ebe9c451ab3d629fe7b156783",
          "path": "_assigned",
          "description": null
        },
        {
          "name": "ne2903586d2044f3b814d65ffccc8c05",
          "path": "Etapa",
          "description": null
        },
        {
          "name": "naa9b49a8c494a949194866912ab9c6c",
          "path": "ApproverUsername",
          "description": null
        },
        {
          "name": "ne271804a3b94b5fa40e42fe4ee1906c",
          "path": "ApproverContactEmail",
          "description": null
        },
        {
          "name": "nc532488be2e45acaa50aa696c443a62",
          "path": "OldAssigned",
          "description": null
        },
        {
          "name": "nb6625b7a2b7495e90669b615535dc08",
          "path": "Terminou",
          "description": null
        },
        {
          "name": "ne84d6e66ec94413ba512c158852db6c",
          "path": "ApprovalHistory._code",
          "description": null
        },
        {
          "name": "n16e251c30584a769419380ebceda810",
          "path": "ApprovalHistory._name",
          "description": null
        },
        {
          "name": "n65d2055dd574560a01b9c2312524f6b",
          "path": "ApprovalHistory._description",
          "description": null
        },
        {
          "name": "n9f59da612d54789873d22054720223c",
          "path": "ApprovalHistory._inactive",
          "description": null
        },
        {
          "name": "n375d5ee8403439b87c507d0a415575f",
          "path": "ApprovalHistory.ApprovalDate",
          "description": null
        },
        {
          "name": "n1d73f2d90124b1ea9a6021e32884c4c",
          "path": "ApprovalHistory.State",
          "description": null
        },
        {
          "name": "n265994e3e554bc19c7bd92eacdd21b5",
          "path": "ApprovalHistory.Decision",
          "description": null
        },
        {
          "name": "n1aa0c3b5b4d4356a4c840aea79ba2a2",
          "path": "UltimaEtapa",
          "description": null
        },
        {
          "name": "n4173693677647d098f983598e723cfd",
          "path": "SelectQuotesOptions",
          "description": null
        },
        {
          "name": "n63eb9abde4d4b8ab6dc9af589ac71f4",
          "path": "SupplierQuotes",
          "description": null
        },
        {
          "name": "nd3f4586af86424b920265f05c51ed9f",
          "path": "Items.quotationTotal",
          "description": null
        },
        {
          "name": "n0f11236c9954efd8fffd11e9e751f11",
          "path": "Items.quotationDiscount",
          "description": null
        },
        {
          "name": "n15ca623b7c945f7b1cda5d96ba642ec",
          "path": "QuotationItemsTotal",
          "description": null
        },
        {
          "name": "ne0a449c06cc4c4a96f016742775f5ff",
          "path": "Items.PaymentTerm",
          "description": null
        },
        {
          "name": "n223e52bfc9848079764ca5bf0eb1869",
          "path": "Items.UseIncoterm",
          "description": null
        },
        {
          "name": "n7387c2d56fe42a1b321017c53caa946",
          "path": "UseIncoterm",
          "description": null
        },
        {
          "name": "nb2cd85c98c84c38b66aff25a46eb1f8",
          "path": "Items.IncotermLocation",
          "description": null
        },
        {
          "name": "n9ffead03dde462b8ca82da66922cb51",
          "path": "Items.PaymentDesc",
          "description": null
        },
        {
          "name": "nf7229d9ea4a43ed8dbfc3314bd5dac8",
          "path": "Items.incotermDesc",
          "description": null
        },
        {
          "name": "nafad4b2f26343c6abd4720a8ab55bba",
          "path": "Items.Observations",
          "description": null
        },
        {
          "name": "ne587da853cc4c2fb95774d1939c992b",
          "path": "Items.Amount",
          "description": null
        },
        {
          "name": "nbda4c268e604e8fb272a5df16a1e28a",
          "path": "Items.Total",
          "description": null
        },
        {
          "name": "n90e5f4a65ad4a94a74c8aeba45f3037",
          "path": "TotalMercServ",
          "description": null
        },
        {
          "name": "n56b664805d5476d9afd6e58cbc2b4cd",
          "path": "TotalTax",
          "description": null
        },
        {
          "name": "n1550b66bd264aa6844aee5b9a524f5c",
          "path": "Total",
          "description": null
        },
        {
          "name": "n3e39b7b25ab422e84cbe57dae13d73f",
          "path": "Items.TotalMercServ",
          "description": null
        },
        {
          "name": "n095fadbc2bb436ab78649a2c1d278f3",
          "path": "Items.TotalTax",
          "description": null
        }
      ],
      "enabledOperations": [],
      "assignToExpression": ""
    },
    {
      "name": "Closed",
      "decisions": [],
      "isInitial": false,
      "behaviours": [
        {
          "name": "OnClosedIn",
          "type": "In",
          "expression": "this.AssignedName = \"\";\nthis._assigned = \"\";",
          "description": ""
        }
      ],
      "description": "Closed / Fechado",
      "transitions": [],
      "disableAttributes": true,
      "disableOperations": true,
      "enabledAttributes": [],
      "enabledOperations": [],
      "assignToExpression": ""
    },
    {
      "name": "OrderCompleted",
      "decisions": [],
      "isInitial": false,
      "behaviours": [
        {
          "name": "OnOrderCompletedIn",
          "type": "In",
          "expression": "this.AssignedName = \"\";\nthis._assigned = \"\";",
          "description": ""
        }
      ],
      "description": "Order Completed / Encomenda Efetuada",
      "transitions": [],
      "disableAttributes": true,
      "disableOperations": true,
      "enabledAttributes": [
        {
          "name": "n2c4c32a351f4b5f93d1d26e4be0af3e",
          "path": "_state",
          "description": null
        },
        {
          "name": "ncfa7748a1a44333b2933862694e042c",
          "path": "ApprovalHistory",
          "description": null
        },
        {
          "name": "ndb68b495b9d4e69a9d0c0d67539f159",
          "path": "AssignedName",
          "description": null
        },
        {
          "name": "nd02d4780dea4f41b24ab0b8aaabd755",
          "path": "TotalTax",
          "description": null
        },
        {
          "name": "nff2db83f22645c4b2445a44f142e7e4",
          "path": "TotalDiscount",
          "description": null
        },
        {
          "name": "na93e8c5f702425ea37548e6a8018ced",
          "path": "TotalMercServ",
          "description": null
        }
      ],
      "enabledOperations": [
        {
          "name": "n9eaa558c3e840ad8640433b8863050a",
          "path": "",
          "type": "Update",
          "description": null
        },
        {
          "name": "nedc5301c0df4eb594caef05b8b46625",
          "path": "PaymentApprovalFlow",
          "type": "Add",
          "description": null
        },
        {
          "name": "n7f781602c12412dafae05213a29f994",
          "path": "RequestQuoteItems",
          "type": "Add",
          "description": null
        },
        {
          "name": "n906713fae7b4c56844671eeb59563a4",
          "path": "SupplierOrderItems",
          "type": "Add",
          "description": null
        },
        {
          "name": "n5c2e75cd6474ca39519a40cb83bc964",
          "path": "FinancialDocItems",
          "type": "Add",
          "description": null
        },
        {
          "name": "ne9a040bdb4744aea214f3d3aa252da1",
          "path": "StockTransItems",
          "type": "Add",
          "description": null
        }
      ],
      "assignToExpression": ""
    },
    {
      "name": "QuotationRejected",
      "decisions": [],
      "isInitial": false,
      "behaviours": [
        {
          "name": "OnQuotationRejectedIn",
          "type": "In",
          "expression": "this.AssignedName = \"\";\nthis._assigned = \"\";",
          "description": ""
        }
      ],
      "description": "Quotation Rejected / Cotações Rejeitados",
      "transitions": [],
      "disableAttributes": true,
      "disableOperations": true,
      "enabledAttributes": [],
      "enabledOperations": [],
      "assignToExpression": ""
    },
    {
      "name": "Satisfied",
      "decisions": [],
      "isInitial": false,
      "behaviours": [
        {
          "name": "OnSatisfiedIn",
          "type": "In",
          "expression": "this.AssignedName = \"\";\nthis._assigned = \"\";",
          "description": ""
        }
      ],
      "description": "",
      "transitions": [],
      "disableAttributes": true,
      "disableOperations": true,
      "enabledAttributes": [],
      "enabledOperations": [],
      "assignToExpression": ""
    }
  ],
  "definition": "Requisitions",
  "description": "Requisitions State Machines"
}