{
  "name": "RequisitionsStateMachineStates",
  "values": [
    {
      "name": "Draft",
      "order": 1,
      "description": null
    },
    {
      "name": "RequisitionsApproval",
      "order": 2,
      "description": null
    },
    {
      "name": "Rejected",
      "order": 3,
      "description": null
    },
    {
      "name": "Revision",
      "order": 4,
      "description": null
    },
    {
      "name": "Pending",
      "order": 5,
      "description": null
    },
    {
      "name": "QuotationApproval",
      "order": 6,
      "description": null
    },
    {
      "name": "Closed",
      "order": 7,
      "description": null
    },
    {
      "name": "OrderCompleted",
      "order": 8,
      "description": null
    },
    {
      "name": "QuotationRejected",
      "order": 9,
      "description": null
    },
    {
      "name": "Satisfied",
      "order": 10,
      "description": null
    }
  ],
  "description": null
}