{
  "name": "CompanyQuery",
  "joins": [],
  "table": {
    "alias": null,
    "filter": null,
    "definition": "Company",
    "properties": [
      {
        "path": "_code",
        "alias": "_code",
        "function": "None"
      },
      {
        "path": "_name",
        "alias": "_name",
        "function": "None"
      },
      {
        "path": "_description",
        "alias": "_description",
        "function": "None"
      },
      {
        "path": "_inactive",
        "alias": "_inactive",
        "function": "None"
      }
    ],
    "orderedProperties": []
  },
  "dataSource": "System",
  "expression": "SELECT COMP._code, COMP._name, COMP.Primavera , ordem,COMP.LiquidationDocType\r\nFROM vw_company COMP\r\n\tleft join (\r\n        Select EMPLC.companies ID, case when EMPLC.companies  = EMPL.defaultcompany then 0 else 1 end ordem\r\n        from vw_employee EMPL \r\n        \tinner JOIN vw_employee_companies EMPLC ON EMPLC.identifier = EMPL.identifier and EMPL.username = @_username  AND EMPL._inactive = false\r\n        group by EMPLC.companies, case when EMPLC.companies  = EMPL.defaultcompany then 0 else 1 end \r\n        union\r\n        Select EUT.company ID, 0 ordem\r\n        from vw_externaluser EU \r\n\t        inner JOIN vw_externaluser_entitytype EUT ON EUT.identifier = EU.identifier AND EU._inactive = false and EU.username = @_username\r\n\t    group by EUT.company\r\n    ) MyCOMP on COMP._code = MyCOMP.ID\r\nwhere \r\n    user_is_in_role(@_userRoles, 'Administration')\r\n    or\r\n    user_is_in_role(@_userRoles, 'FinancialAdministration')\r\n    or\r\n    MyCOMP.ID is not null\r\n order by Ordem, _code\r\n",
  "description": null
}