{
  "name": "EmployeeQuery",
  "joins": [],
  "table": {
    "alias": null,
    "filter": null,
    "definition": "Employee",
    "properties": [
      {
        "path": "_code",
        "alias": "_code",
        "function": "None"
      },
      {
        "path": "_name",
        "alias": "_name",
        "function": "None"
      },
      {
        "path": "_description",
        "alias": "_description",
        "function": "None"
      },
      {
        "path": "_inactive",
        "alias": "_inactive",
        "function": "None"
      },
      {
        "path": "username",
        "alias": "username",
        "function": "None"
      },
      {
        "path": "contactEmail",
        "alias": "contactEmail",
        "function": "None"
      },
      {
        "path": "defaultCompany",
        "alias": "defaultCompany",
        "function": "None"
      }
    ],
    "orderedProperties": []
  },
  "dataSource": "System",
  "expression": "WITH managerCTE\r\nAS (\r\n\tSELECT _code\r\n\tFROM vw_employee\r\n\tWHERE username = @_username\r\n\t\tAND _inactive = false\r\n\t)\r\nSELECT EMPL._code\r\n\t,EMPL._name\r\n\t,EMPL._inactive\r\n\t,EMPL.defaultCompany AS defaultcompany\r\n\t,EMPL.OutOfOffice\r\n\t,EMPL.username\r\n\t,EMPL.contactemail\r\nFROM vw_employee EMPL\r\nWHERE (\r\n\t\tuser_is_in_role(@_userRoles, 'Contributor')\r\n\t\tAND EMPL.username = @_username\r\n\t\t)\r\n\t\tOR (user_is_in_role(@_userRoles, 'Administration'))\r\n",
  "description": null
}