{
  "name": "ERPEntityQuery",
  "joins": [],
  "table": {
    "alias": null,
    "filter": null,
    "definition": "ERPEntity",
    "properties": [
      {
        "path": "_code",
        "alias": "_code",
        "function": "None"
      },
      {
        "path": "_name",
        "alias": "_name",
        "function": "None"
      },
      {
        "path": "_description",
        "alias": "_description",
        "function": "None"
      },
      {
        "path": "_inactive",
        "alias": "_inactive",
        "function": "None"
      }
    ],
    "orderedProperties": []
  },
  "dataSource": "Primavera",
  "expression": "Select * \nfrom (\n        SELECT Fornecedor _code\n            ,Nome _name\n            , 'Supplier' Type\n        FROM Fornecedores \n        --union all\n        --Select Cliente _code\n        --\t,Nome _name\n        --\t, 'Client' Type\n        --from Clientes\n    ) ERPEntity\nwhere Type = '@type@'",
  "description": null
}