{
  "name": "GetExternalUserByUserQuery",
  "joins": [],
  "table": {
    "alias": null,
    "filter": null,
    "definition": "ExternalUser",
    "properties": [],
    "orderedProperties": []
  },
  "dataSource": "System",
  "expression": "select\r\n\tEUT.erpcode,\r\n\tEU._name,\r\n\tEU.username,\r\n\tEU.contactemail,\r\n\tEUT.type\r\nfrom vw_externaluser EU \r\n\tinner join vw_externaluser_entitytype EUT on EUT.identifier = EU.identifier and EU._inactive = false and EU.username = @_username and EUT.type = @type\r\nwhere EUT.primavera = @datasource",
  "description": ""
}