{
  "name": "GetEmployeeDataSourceCodes",
  "joins": [],
  "table": {
    "alias": null,
    "filter": null,
    "definition": "Employee",
    "properties": [],
    "orderedProperties": []
  },
  "dataSource": "System",
  "expression": "SELECT emp._code, erpcode, comp.primavera FROM vw_employee emp\r\nINNER JOIN vw_employee_employeeerpconfiguration erp ON erp.identifier = emp.identifier\r\nINNER JOIN vw_company comp ON erp.company = COMP.identifier\r\nWHERE emp.username = @_username AND emp._inactive = false",
  "description": "Get all employee identifiers for external Primavera datasources"
}