{
  "name": "GetOUPaymentNextStageQuery",
  "joins": [],
  "table": {
    "alias": null,
    "filter": null,
    "definition": "OrganizationalUnit",
    "properties": [],
    "orderedProperties": []
  },
  "dataSource": "System",
  "expression": "Select\r\n    OU._code\r\n    ,OUAF.order\r\n    ,OUAF.amount\r\n    ,OUAF.approvalprofile\r\n    ,ap._name approvalprofilename\r\n    ,coalesce(CASE approvalprofile \r\n        WHEN '1' THEN case when EMP.outofoffice then EMPSubst._code else EMP._code end\r\n        WHEN '2' THEN case when EMPManager.outofoffice then EMPManagerSubst._code else EMPManager._code end\r\n        WHEN '3' THEN \r\n\t\t\tcase when coalesce(EMPPurchasingManager._code,'') = '' \r\n\t\t\t\tthen case when EMPPurchasingManagerCompany.outofoffice then EMPPurchasingManagerCompanySubst._code else EMPPurchasingManagerCompany._code end\r\n\t\t\t\telse case when EMPPurchasingManager.outofoffice then EMPPurchasingManagerSubst._code else EMPPurchasingManager._code end\r\n\t\t\tend\r\n        ELSE case when EMPApp.outofoffice then EMPAppSubst._code else EMPApp._code end\r\n    END,'') Approver\r\n    ,coalesce(CASE approvalprofile \r\n        WHEN '1' THEN case when EMP.outofoffice then EMPSubst.username else EMP.username end\r\n        WHEN '2' THEN case when EMPManager.outofoffice then EMPManagerSubst.username else EMPManager.username end\r\n        WHEN '3' THEN \r\n    \t\tcase when coalesce(EMPPurchasingManager._code,'') = '' \r\n\t\t\t\tthen case when EMPPurchasingManagerCompany.outofoffice then EMPPurchasingManagerCompanySubst.username else EMPPurchasingManagerCompany.username end\r\n\t\t\t\telse case when EMPPurchasingManager.outofoffice then EMPPurchasingManagerSubst.username else EMPPurchasingManager.username end\r\n\t\t\tend\r\n        ELSE case when EMPApp.outofoffice then EMPAppSubst.username else EMPApp.username end\r\n    END,'') ApproverUsername\r\n     ,coalesce(CASE approvalprofile \r\n        WHEN '1' THEN case when EMP.outofoffice then EMPSubst.ContactEmail else EMP.ContactEmail end\r\n        WHEN '2' THEN case when EMPManager.outofoffice then EMPManagerSubst.ContactEmail else EMPManager.ContactEmail end\r\n        WHEN '3' THEN\r\n            case when coalesce(EMPPurchasingManager._code,'') = '' \r\n\t\t\t\tthen case when EMPPurchasingManagerCompany.outofoffice then EMPPurchasingManagerCompanySubst.ContactEmail else EMPPurchasingManagerCompany.ContactEmail end\r\n\t\t\t\telse case when EMPPurchasingManager.outofoffice then EMPPurchasingManagerSubst.ContactEmail else EMPPurchasingManager.ContactEmail end\r\n\t\t\tend\r\n        ELSE case when EMPApp.outofoffice then EMPAppSubst.ContactEmail else EMPApp.ContactEmail end\r\n    END,'') ApproverContactEmail\r\nfrom vw_OrganizationalUnit OU\r\n   \t--Fluxo Requisicao\r\n\tinner join vw_OrganizationalUnit_PaymentApprovalFlow OUAF on OUAF.identifier = OU.identifier \r\n\tinner join vw_ApprovalProfiles AP on AP.identifier = OUAF.approvalprofile\t\r\n\tleft join vw_employee EMPApp on EMPApp.identifier = AP.approver\r\n\tleft join vw_employee EMPAppSubst on EMPApp.outofofficesubstitute = EMPAppSubst.identifier\t\r\n    --Manager\r\n    left join vw_employee EMPManager on OU.manager = EMPManager.identifier\r\n    left join vw_employee EMPManagerSubst on EMPManager.outofofficesubstitute = EMPManagerSubst.identifier\r\n    --PurchasingManager\r\n\tleft join vw_employee EMPPurchasingManager on EMPPurchasingManager.identifier = OU.purchasingmanager\r\n\tleft join vw_employee EMPPurchasingManagerSubst on EMPPurchasingManager.outofofficesubstitute = EMPPurchasingManagerSubst.identifier\t\r\n\t--PurchasingManagerCompany\r\n\tleft join vw_company CMP on CMP.identifier = @Company\r\n\tleft join vw_employee EMPPurchasingManagerCompany on EMPPurchasingManagerCompany.identifier = CMP.purchasingmanager\r\n\tleft join vw_employee EMPPurchasingManagerCompanySubst on EMPPurchasingManagerCompany.outofofficesubstitute = EMPPurchasingManagerCompanySubst.identifier\r\n\t--Employee\r\n\tleft join vw_employee EMP on EMP.identifier = @Author\r\n\tleft join vw_employee EMPSubst on EMP.outofofficesubstitute = EMPSubst.identifier\r\nwhere OU.identifier = @OU and OUAF.order > CAST (@ORDER AS INTEGER) and OUAF.amount <= cast(@AMOUNT as decimal)\r\norder by OUAF.order, OUAF.approvalprofile\r\nlimit 1",
  "description": ""
}