{
  "name": "LiquidationDocTypesQuery",
  "joins": [],
  "table": {
    "alias": null,
    "filter": null,
    "definition": "LiquidationDocTypes",
    "properties": [
      {
        "path": "_code",
        "alias": "_code",
        "function": "None"
      },
      {
        "path": "_name",
        "alias": "_name",
        "function": "None"
      },
      {
        "path": "_description",
        "alias": "_description",
        "function": "None"
      },
      {
        "path": "_inactive",
        "alias": "_inactive",
        "function": "None"
      }
    ],
    "orderedProperties": []
  },
  "dataSource": "Primavera",
  "expression": "SELECT Documento as _code, Descricao as _name, Descricao as _description FROM DocumentosCCT WHERE TipoDocumento = 5",
  "description": null
}