{
  "name": "MyRequisitionsQuery",
  "joins": [],
  "table": {
    "alias": null,
    "filter": null,
    "definition": "Requisitions",
    "properties": [],
    "orderedProperties": []
  },
  "dataSource": "System",
  "expression": "SELECT req._code\r\n    , req._serie\r\n    , req._number\r\n    , req._date\r\n    , req.documentType\r\n    , req._state\r\n    , req._assigned\r\n    , case req._assigned\r\n\t\t\t    \twhen '1' then emp._name\r\n\t\t\t    \twhen '2' then Manager._name\r\n\t    \t\t\twhen '3' then case when PurchasingManager._name is null then PurchasingManagerCompany._name else PurchasingManager._name  end\r\n\t\t\t    \telse APE._name\r\n      \t\tend AssignedName\r\n    , AP._name Etapa\r\n    , req.documentoERP\r\n    , req.primavera\r\n    , req.filial\r\n    , AP.approver || APE._name\r\n    , emp._name as EmployeeName\r\nFROM vw_requisitions req\r\n    inner join vw_employee as emp on emp.identifier = req.author and emp.username = @_username\r\n    inner join vw_company CMP on req.company = CMP.identifier\r\n    inner join vw_organizationalunit OUs on req.organizationalunit = OUs.identifier\r\n    left join vw_approvalprofiles AP on AP.identifier = req._assigned\r\n    left join vw_employee APE on APE.identifier = AP.approver\r\n    --Manager\r\n\tleft join vw_employee as Manager on OUs.manager = Manager.identifier\r\n\t--PurchasingManager\r\n\tleft join vw_employee as PurchasingManager on OUs.purchasingmanager = PurchasingManager.identifier\r\n\t--PurchasingManagerCompany\r\n\tleft join vw_employee as PurchasingManagerCompany on CMP.purchasingmanager = PurchasingManagerCompany.identifier\r\norder by req._number desc",
  "description": ""
}