{
  "name": "PrimaveraQuery",
  "joins": [],
  "table": {
    "alias": null,
    "filter": null,
    "definition": "Primavera",
    "properties": [
      {
        "path": "_code",
        "alias": "_code",
        "function": "None"
      },
      {
        "path": "_name",
        "alias": "_name",
        "function": "None"
      },
      {
        "path": "_description",
        "alias": "_description",
        "function": "None"
      },
      {
        "path": "_inactive",
        "alias": "_inactive",
        "function": "None"
      },
      {
        "path": "_connector",
        "alias": "_connector",
        "function": "None"
      }
    ],
    "orderedProperties": []
  },
  "dataSource": null,
  "expression": "SELECT\r\n    ds._code,\r\n    ds._name,\r\n    ds._description,\r\n    ds._inactive\r\nFROM vw_Primavera ds\r\n    left join (\r\n        SELECT COMP.Primavera, CASE (COMP.identifier = EMPL.defaultCompany) WHEN true THEN 1 ELSE 0 END Ordem \r\n        FROM vw_company COMP\r\n            inner JOIN vw_employee EMPL ON EMPL.username = @_username AND EMPL._inactive = false\r\n            inner JOIN vw_employee_companies EMPLC ON EMPLC.identifier = EMPL.identifier and COMP.identifier = EMPLC.companies\r\n        group by COMP.Primavera, CASE (COMP.identifier = EMPL.defaultCompany) WHEN true THEN 1 ELSE 0 END\r\n        union\r\n        SELECT COMP.Primavera, 0 Ordem \r\n        FROM vw_company COMP\r\n\t\t\tinner JOIN vw_externaluser_entitytype EUT ON COMP.identifier = EUT.company \r\n\t\t\tinner join vw_externaluser EU ON EUT.identifier = EU.identifier AND EU._inactive = false and EU.username = @_username\t\r\n\t\tgroup by COMP.Primavera\r\n    ) empc on empc.Primavera = ds.identifier\r\nwhere\r\n    user_is_in_role(@_userRoles, 'Administration')\r\n    or\r\n    user_is_in_role(@_userRoles, 'FinancialAdministration')\r\n    or\r\n    empc.Primavera is not null\r\ngroup by ds._code, ds._name, ds._description, ds._inactive, empc.Ordem\r\norder by empc.Ordem desc",
  "description": null
}