{
  "name": "QuotationLinesERPByItemReqQuery",
  "joins": [],
  "table": {
    "alias": null,
    "filter": null,
    "definition": "QuotationLinesERP",
    "properties": [],
    "orderedProperties": []
  },
  "dataSource": "Primavera",
  "expression": "SELECT CONCAT(CC_COT.TipoDoc, '.',CC_COT.Serie, '.', CC_COT.NumDoc, '.', LC_COT.Artigo, '.', CC_COT.filial) as _code, A.Descricao as _name, A.Descricao as _description, \r\nLC_COT.PrecUnit as unitPrice, LC_COT.DataEntrega as deliveryDate, F.Fornecedor as supplier, F.Nome as supplierName, \r\nLC_COT.Quantidade as quantity, LC_PCO.PrecoLiquido as baseTotal, LC_PCO.DataEntrega as baseDeliveryDate, \r\nLC_PCO.PrecUnit as baseUnitPrice, LC_PCO.Desconto1 as baseItemDiscount, CC_PCO.DescEntidade as baseDiscount, ((LC_COT.TotalDA + LC_COT.TotalDC+ LC_COT.TotalDF + LC_COT.TotalRecargo)/ LC_COT.TotalIliquido) * 100 as discount, LC_COT.PrecoLiquido as total\r\nFROM LinhasCompras LC_COT\r\nINNER JOIN CabecCompras CC_COT ON CC_COT.Id = LC_COT.IdCabecCompras\r\nINNER JOIN LinhasComprasTrans LCT_COT ON LCT_COT.IdLinhasCompras = LC_COT.Id\r\nINNER JOIN LinhasCompras LC_PCO ON LC_PCO.Id = LCT_COT.IdLinhasComprasOrigem\r\nINNER JOIN CabecCompras CC_PCO ON CC_PCO.Id = LC_PCO.IdCabecCompras\r\nINNER JOIN LinhasInternos LC_RI ON LC_RI.Id = LC_PCO.IdLinhaOrigemCopia\r\nINNER JOIN CabecInternos CI_RI ON CI_RI.Id = LC_RI.IdCabecInternos\r\nINNER JOIN Fornecedores F ON F.Fornecedor = CC_COT.Entidade\r\nINNER JOIN Artigo A ON A.Artigo = LC_COT.Artigo\r\nWHERE CI_RI.CDU_CodOmnia = '@requisition@' AND LC_COT.Artigo = '@item@'",
  "description": ""
}