{
  "name": "RequisitionsWaitMyValidation",
  "joins": [],
  "table": {
    "alias": null,
    "filter": null,
    "definition": "Requisitions",
    "properties": [],
    "orderedProperties": []
  },
  "dataSource": "System",
  "expression": "SELECT req._code\r\n    , req._serie\r\n    , req._number\r\n    , req._date\r\n    , req.documentType\r\n    , req._state\r\n    , req._assigned\r\n    , req.AssignedName\r\n    , req.documentoERP\r\n    , req.primavera\r\n    , req.filial   \r\n    , case req._state \r\n    \twhen 'RequisitionsApproval' then RAF.approvalprofile\r\n    \twhen 'QuotationApproval' then QAF.approvalprofile\r\n    \telse null\r\n    \tend approvalprofile\r\n    , case req._state \r\n    \twhen 'RequisitionsApproval' then RAP._name\r\n    \twhen 'QuotationApproval' then QAP._name\r\n    \telse null\r\n\t  end approvalprofilename\r\n    , case req._state \r\n\t    when 'Draft' then EMP._code\r\n\t    when 'Revision' then EMP._code\r\n    \twhen 'RequisitionsApproval' then\r\n    \t\tcase RAF.approvalprofile\r\n\t\t    \twhen '1' then EMP._code\r\n\t\t    \twhen '2' then EMPManager._code\r\n    \t\t\twhen '3' then case when EMPPurchasingManager._code is null then EMPPurchasingManagerCompany._code else EMPPurchasingManager._code  end\r\n\t\t    \telse EMPRAP._code\r\n\t  \t\tend   \r\n    \twhen 'QuotationApproval' then\r\n\t    \tcase QAF.approvalprofile\r\n\t\t    \twhen '1' then EMP._code\r\n\t\t    \twhen '2' then EMPManager._code\r\n    \t\t\twhen '3' then case when EMPPurchasingManager._code is null then EMPPurchasingManagerCompany._code else EMPPurchasingManager._code  end\r\n\t\t    \telse EMPQAP._code\r\n\t  \t\tend   \r\n    \telse null\r\n    end ApproverCode\r\n    , case req._state \r\n\t    when 'Draft' then EMP.username\r\n\t    when 'Revision' then EMP.username\r\n    \twhen 'RequisitionsApproval' then\r\n    \t\tcase RAF.approvalprofile\r\n\t\t    \twhen '1' then EMP.username\r\n\t\t    \twhen '2' then EMPManager.username\r\n    \t\t\twhen '3' then case when EMPPurchasingManager.username is null then EMPPurchasingManagerCompany.username else EMPPurchasingManager.username  end\r\n\t\t    \telse EMPRAP.username\r\n\t  \t\tend   \r\n    \twhen 'QuotationApproval' then\r\n\t    \tcase QAF.approvalprofile\r\n\t\t    \twhen '1' then EMP.username\r\n\t\t    \twhen '2' then EMPManager.username\r\n    \t\t\twhen '3' then case when EMPPurchasingManager.username is null then EMPPurchasingManagerCompany.username else EMPPurchasingManager.username  end\r\n\t\t    \telse EMPQAP.username\r\n\t  \t\tend   \r\n    \telse null\r\n    end ApproverUsername\r\n    , case req._state \r\n    \twhen 'Draft' then EMP.contactemail\r\n\t    when 'Revision' then EMP.contactemail\r\n    \twhen 'RequisitionsApproval' then\r\n    \t\tcase RAF.approvalprofile\r\n\t\t    \twhen '1' then EMP.contactemail\r\n\t\t    \twhen '2' then EMPManager.contactemail\r\n    \t\t\twhen '3' then case when EMPPurchasingManager.contactemail is null then EMPPurchasingManagerCompany.contactemail else EMPPurchasingManager.contactemail  end\r\n\t\t    \telse EMPRAP.contactemail\r\n\t  \t\tend   \r\n    \twhen 'QuotationApproval' then\r\n\t    \tcase QAF.approvalprofile\r\n\t\t    \twhen '1' then EMP.contactemail\r\n\t\t    \twhen '2' then EMPManager.contactemail\r\n    \t\t\twhen '3' then case when EMPPurchasingManager.contactemail is null then EMPPurchasingManagerCompany.contactemail else EMPPurchasingManager.contactemail  end\r\n\t\t    \telse EMPQAP.contactemail\r\n\t  \t\tend   \r\n    \telse null\r\n    end ApproverContactEmail\r\n\t, case req._state \r\n    \twhen 'RequisitionsApproval' then RAF.order\r\n    \twhen 'QuotationApproval' then QAF.order\r\n    \telse null\r\n    \tend \"order\"\r\n    , case req._state \r\n    \twhen 'RequisitionsApproval' then RAF.amount\r\n    \twhen 'QuotationApproval' then QAF.amount\r\n    \telse null\r\n    \tend amount\r\n    , emp._name as EmployeeName\r\nfrom vw_requisitions as req\r\n\tinner join vw_organizationalunit as OUS on req.organizationalunit = OUS.identifier \r\n\t--PurchasingManagerCompany\r\n\tinner join vw_company CMP on CMP.identifier = req.company\r\n\tleft join vw_employee EMPPurchasingManagerCompany on EMPPurchasingManagerCompany.identifier = CMP.purchasingmanager\r\n\t--Employee\r\n\tleft join vw_employee EMP on EMP.identifier = req.author\t\t\r\n\t--Manager\r\n\tleft join vw_employee EMPManager on EMPManager.identifier = OUS.manager\t\r\n\t--PurchasingManager\r\n\tleft join vw_employee EMPPurchasingManager on EMPPurchasingManager.identifier = OUS.purchasingmanager\t\r\n\t--Fluxo Requisicao\r\n\tleft join vw_requisitions_requisitionapprovalflow RAF on RAF.identifier = req.identifier and req.etapa = RAF.order and req.total > RAF.amount and req._state = 'RequisitionsApproval'\r\n\tleft join vw_approvalprofiles RAP on RAP.identifier = RAF.approvalprofile\r\n\tleft join vw_employee EMPRAP on EMPRAP.identifier = RAP.approver\t\r\n\t--Fluxo Cotacoes\r\n\tleft join vw_requisitions_quotationsapprovalflow QAF on QAF.identifier = req.identifier and req.etapa = QAF.order and req.total > QAF.amount and req._state = 'QuotationApproval'\r\n\tleft join vw_approvalprofiles QAP on QAP.identifier = QAF.approvalprofile\r\n\tleft join vw_employee EMPQAP on EMPQAP.identifier = QAP.approver\t\r\n\tleft join (\r\n\t\tselect @_username as username\r\n\t\tunion\r\n\t\tselect emp.username\r\n\t\tfrom vw_employee as emp\r\n\t\t\tinner join vw_employee as empsubs on emp.outofofficesubstitute = empsubs.identifier and emp.outofoffice and empsubs.username = @_username\r\n\t) userList on case req._state \r\n\t    when 'Draft' then EMP.username\r\n\t    when 'Revision' then EMP.username\r\n    \twhen 'RequisitionsApproval' then\r\n    \t\tcase RAF.approvalprofile\r\n\t\t    \twhen '1' then EMP.username\r\n\t\t    \twhen '2' then EMPManager.username\r\n    \t\t\twhen '3' then case when EMPPurchasingManager.username is null then EMPPurchasingManagerCompany.username else EMPPurchasingManager.username  end\r\n\t\t    \telse EMPRAP.username\r\n\t  \t\tend   \r\n    \twhen 'QuotationApproval' then\r\n\t    \tcase QAF.approvalprofile\r\n\t\t    \twhen '1' then EMP.username\r\n\t\t    \twhen '2' then EMPManager.username\r\n    \t\t\twhen '3' then case when EMPPurchasingManager.username is null then EMPPurchasingManagerCompany.username else EMPPurchasingManager.username  end\r\n\t\t    \telse EMPQAP.username\r\n\t  \t\tend   \r\n    \telse null\r\n    end = userList.username\r\nwhere userList.username is not null\r\n\t\tor \r\n\t  (req._state in ('Pending') and user_is_in_role(@_userRoles, 'FinancialAdministration') )\r\norder by req._number desc",
  "description": ""
}