{
  "name": "Primavera",
  "attributes": [
    {
      "name": "_code",
      "type": "Text",
      "length": null,
      "isSystem": true,
      "isReadOnly": false,
      "description": null,
      "multiplicity": {
        "lower": 1,
        "upper": 1
      },
      "aggregationKind": "None",
      "isSensitiveData": null,
      "dependsOnAttribute": null
    },
    {
      "name": "_name",
      "type": "Text",
      "length": null,
      "isSystem": true,
      "isReadOnly": false,
      "description": null,
      "multiplicity": {
        "lower": 1,
        "upper": 1
      },
      "aggregationKind": "None",
      "isSensitiveData": null,
      "dependsOnAttribute": null
    },
    {
      "name": "_description",
      "type": "Text",
      "length": null,
      "isSystem": true,
      "isReadOnly": false,
      "description": null,
      "multiplicity": {
        "lower": 0,
        "upper": 1
      },
      "aggregationKind": "None",
      "isSensitiveData": null,
      "dependsOnAttribute": null
    },
    {
      "name": "_inactive",
      "type": "Boolean",
      "length": null,
      "isSystem": true,
      "isReadOnly": false,
      "description": null,
      "multiplicity": {
        "lower": 1,
        "upper": 1
      },
      "aggregationKind": "None",
      "isSensitiveData": null,
      "dependsOnAttribute": null
    },
    {
      "name": "_connector",
      "type": "Text",
      "length": null,
      "isSystem": true,
      "isReadOnly": false,
      "description": null,
      "multiplicity": {
        "lower": 1,
        "upper": 1
      },
      "aggregationKind": "None",
      "isSensitiveData": null,
      "dependsOnAttribute": null
    },
    {
      "name": "ExecuteSetup",
      "type": "Boolean",
      "length": null,
      "isSystem": false,
      "isReadOnly": false,
      "description": "",
      "multiplicity": {
        "lower": 0,
        "upper": 1
      },
      "aggregationKind": "None",
      "isSensitiveData": null,
      "dependsOnAttribute": ""
    },
    {
      "name": "ERPCompanyCode",
      "type": "Text",
      "length": null,
      "isSystem": false,
      "isReadOnly": false,
      "description": "",
      "multiplicity": {
        "lower": 1,
        "upper": 1
      },
      "aggregationKind": "None",
      "isSensitiveData": false,
      "dependsOnAttribute": ""
    },
    {
      "name": "ConnectorUsername",
      "type": "Text",
      "length": null,
      "isSystem": false,
      "isReadOnly": false,
      "description": "",
      "multiplicity": {
        "lower": 1,
        "upper": 1
      },
      "aggregationKind": "None",
      "isSensitiveData": false,
      "dependsOnAttribute": ""
    }
  ],
  "description": "",
  "dataBehaviours": [],
  "behaviourRuntime": "External",
  "entityBehaviours": [
    {
      "name": "Initializer",
      "type": "Initialize",
      "attribute": null,
      "expression": "if (this._Context.Operation.IsNew)\r\n    ExecuteSetup = true;\r\nelse\r\n    ExecuteSetup = false;\r\n\r\nGetConnector();\r\n    \r\nvoid GetConnector(){\r\n    var httpClient = this._Context.CreateApplicationHttpClient();\r\n    var primaveraResult = httpClient.GetAsync($\"Settings/Default/ERPPrimavera\").Result;\r\n\r\n    if (!primaveraResult.IsSuccessStatusCode) {\r\n        var message = SystemApplicationBehaviours.System_GetText(new Dictionary<string, object>{\r\n            {\"name\",\"PrimaveraSettingsNotFound\"},\r\n            {\"language\",_Context.Operation.Language}\r\n    });\r\n\r\n        throw new Exception(message[\"text\"]?.ToString());\r\n    }\r\n    this._connector = primaveraResult.Content.ReadAsAsync<SettingsDto>().Result.Connector;\r\n}",
      "description": ""
    },
    {
      "name": "AfterSave",
      "type": "AfterSave",
      "attribute": null,
      "expression": "if (_Context.Operation.Action != Action.EntityCreate && _Context.Operation.Action != Action.EntityUpdate)\r\n    return AfterSaveMessage.Empty;\r\n\r\nvar httpClient = this._Context.CreateApplicationHttpClient();\r\n\r\nif (this.ExecuteSetup.HasValue && this.ExecuteSetup.Value)\r\n{\r\n     var connectorRequest = httpClient.PostAsJsonAsync($\"Behaviours/{this._code}/Primavera_SetupDataBase\", new {}).GetAwaiter().GetResult();\r\n\r\n    SystemApplicationBehaviours.EnsureSuccessApiResult(new Dictionary<string, object> { { \"requestResult\", connectorRequest } }, _Context);\r\n\r\n    var connectorResult =  connectorRequest.Content.ReadAsAsync<Dictionary<string, object>>()\r\n         .GetAwaiter().GetResult();\r\n\r\n    return new AfterSaveMessage(\"ERP database setup executed successfully.\", AfterSaveMessageType.Success);\r\n}\r\nreturn AfterSaveMessage.Empty;",
      "description": ""
    },
    {
      "name": "Formula_Code",
      "type": "Formula",
      "attribute": "_code",
      "expression": "return this.ERPCompanyCode;",
      "description": ""
    }
  ],
  "dataAccessRuntime": "External",
  "behaviourNamespaces": [],
  "executesInConnector": true,
  "behaviourDependencies": [
    {
      "name": "ErpBSFactory",
      "path": "",
      "type": "Expression",
      "version": null,
      "expression": "using System;\r\nusing System.Collections.Concurrent;\r\nusing System.Collections.Generic;\r\nusing System.Net.Http;\r\nusing ErpBS100;\r\nusing Omnia.Libraries.Infrastructure.Behaviours;\r\nusing global::Primavera.Extensibility.Engine;\r\nusing StdPlatBS100;\r\nusing static StdBE100.StdBETipos;\r\nusing Microsoft.Extensions.Logging;\r\nusing System.Runtime.Caching;\r\n\r\nnamespace ERP\r\n{\r\n    public sealed class ErpBSFactory\r\n    {\r\n        private static readonly ConcurrentDictionary<string, Lazy<ErpBS>> _erpBSCache = new ConcurrentDictionary<string, Lazy<ErpBS>>();\r\n        private static readonly ConcurrentDictionary<string, Lazy<StdPlatBS>> _stdPlatBSCache = new ConcurrentDictionary<string, Lazy<StdPlatBS>>();\r\n        private static MemoryCache _cache;\r\n        \r\n        private ErpBSFactory()\r\n        {\r\n            AppDomain.CurrentDomain.AssemblyResolve += new ResolveEventHandler(CurrentDomain_AssemblyResolve);\r\n            _cache = new MemoryCache(\"ErpBSFactory\");\r\n        }\r\n        \r\n        private static void RemovedCallback(CacheEntryRemovedArguments arg)\r\n        {\r\n            if (arg.RemovedReason != CacheEntryRemovedReason.Removed)\r\n            {\r\n                var item = arg.CacheItem.Value as Lazy<object>;\r\n                if (item != null)\r\n                {\r\n                    var erp = item.Value as ErpBS;\r\n                    if (erp != null)\r\n                        try { erp.FechaEmpresaTrabalho(); } catch { }\r\n                }\r\n            }\r\n        }\r\n\r\n        public static object GetItem(string key, Context context, string company)\r\n        {\r\n            return AddOrGetExisting(key, () => InitItem(key, context, company));\r\n        }\r\n\r\n        private static T AddOrGetExisting<T>(string key, Func<T> valueFactory)\r\n        {\r\n            var newValue = new Lazy<T>(valueFactory);\r\n            var oldValue = _cache.AddOrGetExisting(key, newValue, new CacheItemPolicy() { SlidingExpiration = TimeSpan.FromMinutes(30), RemovedCallback = RemovedCallback }) as Lazy<T>;\r\n            try\r\n            {\r\n                return (oldValue ?? newValue).Value;\r\n            }\r\n            catch\r\n            {\r\n                _cache.Remove(key);\r\n                throw;\r\n            }\r\n        }\r\n\r\n        private static object InitItem(string key, Context context, string company)\r\n        {\r\n            ErpBS bsERP = new ErpBS();\r\n            try\r\n            {\r\n                var platformType = EnumTipoPlataforma.tpEmpresarial;\r\n                var httpClient = context.CreateApplicationHttpClient();\r\n\r\n                var primaveraResult = httpClient.GetAsync($\"Settings/Default/ERPPrimavera\").Result;\r\n\r\n                var data = primaveraResult.Content.ReadAsAsync<SettingsDto>().Result;\r\n\r\n                Enum.TryParse(data.PlatformType, out platformType);\r\n\r\n                var decryptArgs = new Dictionary<string, object> { { \"EncryptedText\", data.Password } };\r\n                var decrypted = PrimaveraApplicationBehaviours.Primavera_Decrypt(decryptArgs);\r\n\r\n\r\n                bsERP.AbreEmpresaTrabalho(platformType, company, data.Username, decrypted[\"DecryptedText\"].ToString(), null, data.DatabaseInstance);\r\n\r\n                ExtensibilityService service = new ExtensibilityService();\r\n\r\n\r\n                // Suppress all message box events from the API.\r\n                // Plataforma.ExtensibilityLogger.AllowInteractivity = false;\r\n                service.Initialize(bsERP);\r\n\r\n                // Check if service is operational\r\n                if (service.IsOperational)\r\n                {\r\n                    // Inshore that all extensions are loaded.\r\n                    try\r\n                    {\r\n                        service.LoadExtensions();\r\n                    }\r\n                    catch (Exception ex)\r\n                    {\r\n                        throw ex;\r\n                    }\r\n                }\r\n                return bsERP;\r\n            }\r\n            catch (Exception ex)\r\n            {\r\n                throw ex;\r\n            }\r\n        }\r\n\r\n        public static ErpBSFactory Instance { get; } = new ErpBSFactory();\r\n\r\n        public ErpBS GetErpBS(string company, Context context)\r\n        {\r\n            return (ErpBS)GetItem(context.Authentication.Username + company, context, company);\r\n            /*var resolver = _erpBSCache.GetOrAdd(context.Authentication.Username + context.Operation.DataSource,\r\n              new Lazy<ErpBS>(() =>\r\n              {\r\n                  ErpBS bsERP = new ErpBS();\r\n                  try\r\n                  {\r\n                      var platformType = EnumTipoPlataforma.tpEmpresarial;\r\n                      var httpClient = context.CreateApplicationHttpClient();\r\n\r\n                      var primaveraResult = httpClient.GetAsync($\"Settings/Default/ERPPrimavera\").Result;\r\n\r\n                      var data = primaveraResult.Content.ReadAsAsync<SettingsDto>().Result;\r\n\r\n                      Enum.TryParse(data.PlatformType, out platformType);\r\n\r\n                      var decryptArgs = new Dictionary<string, object> { { \"EncryptedText\", data.Password } };\r\n                      var decrypted = PrimaveraApplicationBehaviours.Primavera_Decrypt(decryptArgs);\r\n\r\n                      \r\n                      bsERP.AbreEmpresaTrabalho(platformType, company, data.Username, decrypted[\"DecryptedText\"].ToString(), null, data.DatabaseInstance);\r\n\r\n                      ExtensibilityService service = new ExtensibilityService();\r\n\r\n\r\n                      // Suppress all message box events from the API.\r\n                      // Plataforma.ExtensibilityLogger.AllowInteractivity = false;\r\n                      service.Initialize(bsERP);\r\n\r\n                      // Check if service is operational\r\n                      if (service.IsOperational)\r\n                      {\r\n                          // Inshore that all extensions are loaded.\r\n                          try\r\n                          {\r\n                              service.LoadExtensions();\r\n                          }\r\n                          catch (Exception ex)\r\n                          {\r\n                              throw ex;\r\n                          }\r\n                      }\r\n                      return bsERP;\r\n                  }\r\n                  catch (Exception ex)\r\n                  {\r\n                      throw ex;\r\n                  }\r\n              }));\r\n\r\n            return resolver.Value;*/\r\n        }\r\n\r\n        public StdPlatBS GetStdPlatBS(string company, string module, Context context)\r\n        {\r\n            var resolver = _stdPlatBSCache.GetOrAdd(context.Authentication.Username + context.Operation.DataSource,\r\n              new Lazy<StdPlatBS>(() =>\r\n              {\r\n                  var platformType = EnumTipoPlataforma.tpEmpresarial;\r\n\r\n                  var httpClient = context.CreateApplicationHttpClient();\r\n                  var primaveraResult = httpClient.GetAsync($\"Settings/Default/ERPPrimavera\").Result;\r\n\r\n                  var data = primaveraResult.Content.ReadAsAsync<SettingsDto>().Result;\r\n\r\n                  Enum.TryParse(data.PlatformType, out platformType);\r\n                  var decryptArgs = new Dictionary<string, object> { { \"EncryptedText\", data.Password } };\r\n                  var decrypted = PrimaveraApplicationBehaviours.Primavera_Decrypt(decryptArgs);\r\n\r\n                  StdPlatBS bsPlat = new StdPlatBS();\r\n                  var conf = new StdBSConfApl\r\n                  {\r\n                      NomeAplicacao = \"\",\r\n                      AbvtApl = module,\r\n                      Instancia = data.DatabaseInstance,\r\n                      Utilizador = data.Username,\r\n                      PwdUtilizador = decrypted[\"DecryptedText\"].ToString(),\r\n                      LicVersaoMinima = \"10.00\"\r\n                  };\r\n\r\n                  bsPlat.AbrePlataformaEmpresa(company, null, conf, platformType);\r\n\r\n                  return bsPlat;\r\n              }));\r\n\r\n            return resolver.Value;\r\n        }\r\n\r\n        private System.Reflection.Assembly CurrentDomain_AssemblyResolve(object sender, ResolveEventArgs args)\r\n        {\r\n            string assemblyFullName;\r\n            System.Reflection.AssemblyName assemblyName;\r\n\r\n            string PRIMAVERA_FOLDER = System.IO.Path.GetFullPath(Environment.GetEnvironmentVariable(\"PERCURSOSGE100\"));\r\n            if (string.IsNullOrEmpty(PRIMAVERA_FOLDER))\r\n            {\r\n                PRIMAVERA_FOLDER = System.IO.Path.GetFullPath(Environment.GetEnvironmentVariable(\"PERCURSOSGP100\"));\r\n            }\r\n            \r\n            assemblyName = new System.Reflection.AssemblyName(args.Name);\r\n            assemblyFullName = System.IO.Path.Combine(PRIMAVERA_FOLDER, assemblyName.Name + \".dll\");\r\n\r\n            if (System.IO.File.Exists(assemblyFullName))\r\n                return System.Reflection.Assembly.LoadFile(assemblyFullName);\r\n            else\r\n                return null;\r\n        }\r\n    }\r\n}",
      "description": "",
      "assemblyName": "",
      "executionLocation": "External"
    },
    {
      "name": "ErpBS100",
      "path": "%Programw6432%\\PRIMAVERA\\SG100\\Apl\\ErpBS100.dll",
      "type": "File",
      "version": null,
      "expression": "namespace CodeDependencies {\n    \n}",
      "description": "",
      "assemblyName": "ErpBS100",
      "executionLocation": "External"
    },
    {
      "name": "StdBE100",
      "path": "%Programw6432%\\PRIMAVERA\\SG100\\Apl\\StdBE100.dll",
      "type": "File",
      "version": null,
      "expression": "namespace CodeDependencies {\n    \n}",
      "description": "",
      "assemblyName": "StdBE100",
      "executionLocation": "External"
    },
    {
      "name": "StdPlatBS100",
      "path": "%Programw6432%\\PRIMAVERA\\SG100\\Apl\\StdPlatBS100.dll",
      "type": "File",
      "version": null,
      "expression": "namespace CodeDependencies {\n    \n}",
      "description": "",
      "assemblyName": "StdPlatBS100",
      "executionLocation": "External"
    },
    {
      "name": "IRhpBS100",
      "path": "%Programw6432%\\PRIMAVERA\\SG100\\Apl\\IRhpBS100.dll",
      "type": "File",
      "version": null,
      "expression": "namespace CodeDependencies {\n    \n}",
      "description": "",
      "assemblyName": "IRhpBS100",
      "executionLocation": "External"
    },
    {
      "name": "RhpBE100",
      "path": "%Programw6432%\\PRIMAVERA\\SG100\\Apl\\RhpBE100.dll",
      "type": "File",
      "version": null,
      "expression": "namespace CodeDependencies {\n    \n}",
      "description": "",
      "assemblyName": "RhpBE100",
      "executionLocation": "External"
    },
    {
      "name": "BasBE100",
      "path": "%Programw6432%\\PRIMAVERA\\SG100\\Apl\\BasBE100.dll",
      "type": "File",
      "version": null,
      "expression": "namespace CodeDependencies {\n    \n}",
      "description": "",
      "assemblyName": "BasBE100",
      "executionLocation": "External"
    },
    {
      "name": "CctBE100",
      "path": "%Programw6432%\\PRIMAVERA\\SG100\\Apl\\CctBE100.dll",
      "type": "File",
      "version": null,
      "expression": "namespace CodeDependencies {\n    \n}",
      "description": "",
      "assemblyName": "CctBE100",
      "executionLocation": "External"
    },
    {
      "name": "ICctBS100",
      "path": "%Programw6432%\\PRIMAVERA\\SG100\\Apl\\ICctBS100.dll",
      "type": "File",
      "version": null,
      "expression": "namespace CodeDependencies {\n    \n}",
      "description": "",
      "assemblyName": "ICctBS100",
      "executionLocation": "External"
    },
    {
      "name": "IBasBS100",
      "path": "%Programw6432%\\PRIMAVERA\\SG100\\Apl\\IBasBS100.dll",
      "type": "File",
      "version": null,
      "expression": "namespace CodeDependencies {\n    \n}",
      "description": "",
      "assemblyName": "IBasBS100",
      "executionLocation": "External"
    },
    {
      "name": "TesBE100",
      "path": "%Programw6432%\\PRIMAVERA\\SG100\\Apl\\TesBE100.dll",
      "type": "File",
      "version": null,
      "expression": "namespace CodeDependencies {\n    \n}",
      "description": "",
      "assemblyName": "TesBE100",
      "executionLocation": "External"
    },
    {
      "name": "ITesBS100",
      "path": "%Programw6432%\\PRIMAVERA\\SG100\\Apl\\ITesBS100.dll",
      "type": "File",
      "version": null,
      "expression": "namespace CodeDependencies {\n    \n}",
      "description": "",
      "assemblyName": "ITesBS100",
      "executionLocation": "External"
    },
    {
      "name": "ErpSqlExecute",
      "path": "",
      "type": "Expression",
      "version": null,
      "expression": "namespace Erp\r\n{\r\n    using System.Data.Common;\r\n    using System;\r\n    using ErpBS100;\r\n    using StdPlatBS100;\r\n    using static StdBE100.StdBETipos;\r\n\r\n    public static class ErpSqlExecute\r\n    {\r\n        public static void ExecuteSql(ErpBS erpBs, string query)\r\n        {\r\n            var dbCommand = erpBs.DSO.BDAPL.CreateCommand();\r\n            dbCommand.CommandText = query;\r\n            dbCommand.ExecuteNonQuery();\r\n        }\r\n    }\r\n}",
      "description": "",
      "assemblyName": "",
      "executionLocation": "External"
    },
    {
      "name": "ErpDS100",
      "path": "%Programw6432%\\PRIMAVERA\\SG100\\Apl\\ErpDS100.dll",
      "type": "File",
      "version": null,
      "expression": "namespace CodeDependencies {\n    \n}",
      "description": "",
      "assemblyName": "ErpDS100",
      "executionLocation": "External"
    },
    {
      "name": "IntBE100",
      "path": "%Programw6432%\\PRIMAVERA\\SG100\\Apl\\IntBE100.dll",
      "type": "File",
      "version": null,
      "expression": "namespace CodeDependencies {\n    \n}",
      "description": "",
      "assemblyName": "IntBE100",
      "executionLocation": "External"
    },
    {
      "name": "IIntBS100",
      "path": "%Programw6432%\\PRIMAVERA\\SG100\\Apl\\IIntBS100.dll",
      "type": "File",
      "version": null,
      "expression": "namespace CodeDependencies {\n    \n}",
      "description": "",
      "assemblyName": "IIntBS100",
      "executionLocation": "External"
    },
    {
      "name": "ICmpBS100",
      "path": "%Programw6432%\\PRIMAVERA\\SG100\\Apl\\ICmpBS100.dll",
      "type": "File",
      "version": null,
      "expression": "namespace CodeDependencies {\n    \n}",
      "description": "",
      "assemblyName": "ICmpBS100",
      "executionLocation": "External"
    },
    {
      "name": "CmpBE100",
      "path": "%Programw6432%\\PRIMAVERA\\SG100\\Apl\\CmpBE100.dll",
      "type": "File",
      "version": null,
      "expression": "namespace CodeDependencies {\n    \n}",
      "description": "",
      "assemblyName": "CmpBE100",
      "executionLocation": "External"
    },
    {
      "name": "VndBE100",
      "path": "%Programw6432%\\PRIMAVERA\\SG100\\Apl\\VndBE100.dll",
      "type": "File",
      "version": null,
      "expression": "namespace CodeDependencies {\n    \n}",
      "description": "",
      "assemblyName": "VndBE100",
      "executionLocation": "External"
    },
    {
      "name": "VndBS100",
      "path": "%Programw6432%\\PRIMAVERA\\SG100\\Apl\\VndBS100.dll",
      "type": "File",
      "version": null,
      "expression": "namespace CodeDependencies {\n    \n}",
      "description": "",
      "assemblyName": "VndBS100",
      "executionLocation": "External"
    },
    {
      "name": "ErpDocumentCompraFactory",
      "path": "",
      "type": "Expression",
      "version": null,
      "expression": "namespace ERP\r\n    {\r\n        using System;\r\n        using System.Collections.Concurrent;\r\n        using Omnia.Libraries.Infrastructure.Behaviours;\r\n        using CmpBE100;\r\n\r\n        public sealed class ErpDocumentoCompraFactory\r\n        {\r\n            private static readonly ConcurrentDictionary<string, Lazy<CmpBEDocumentoCompra>> _erpDocCompraCache = new ConcurrentDictionary<string, Lazy<CmpBEDocumentoCompra>>();\r\n\r\n            private ErpDocumentoCompraFactory()\r\n            {\r\n\r\n            }\r\n\r\n            public static ErpDocumentoCompraFactory Instance { get; } = new ErpDocumentoCompraFactory();\r\n\r\n            public CmpBEDocumentoCompra GetDocumentoCompra(string guid)\r\n            {\r\n                var resolver = _erpDocCompraCache.GetOrAdd(guid,\r\n                    new Lazy<CmpBEDocumentoCompra>(() =>\r\n                    {\r\n                        CmpBEDocumentoCompra docCompra = new CmpBEDocumentoCompra();\r\n\r\n                        return docCompra;\r\n\r\n                    }));\r\n\r\n                return resolver.Value;\r\n            }\r\n        }\r\n    }",
      "description": "",
      "assemblyName": "",
      "executionLocation": "External"
    },
    {
      "name": "IVndBS100",
      "path": "%Programw6432%\\PRIMAVERA\\SG100\\Apl\\IVndBS100.dll",
      "type": "File",
      "version": null,
      "expression": "namespace CodeDependencies {\n    \n}",
      "description": "",
      "assemblyName": "IVndBS100",
      "executionLocation": "External"
    },
    {
      "name": "PrimaveraExtensibilityEngine",
      "path": "%Programw6432%\\PRIMAVERA\\SG100\\Apl\\Primavera.Extensibility.Engine.dll",
      "type": "File",
      "version": null,
      "expression": "namespace CodeDependencies {\n    \n}",
      "description": "",
      "assemblyName": "Primavera.Extensibility.Engine",
      "executionLocation": "External"
    },
    {
      "name": "PrimaveraExtensibilityPatterns",
      "path": "%Programw6432%\\PRIMAVERA\\SG100\\Apl\\Primavera.Extensibility.Patterns.dll",
      "type": "File",
      "version": null,
      "expression": "namespace CodeDependencies {\n    \n}",
      "description": "",
      "assemblyName": "Primavera.Extensibility.Patterns",
      "executionLocation": "External"
    },
    {
      "name": "PrimaveraExtensibilityPlatform",
      "path": "%Programw6432%\\PRIMAVERA\\SG100\\Apl\\Primavera.Extensibility.Platform.dll",
      "type": "File",
      "version": null,
      "expression": "namespace CodeDependencies {\n    \n}",
      "description": "",
      "assemblyName": "Primavera.Extensibility.Platform",
      "executionLocation": "External"
    },
    {
      "name": "SystemRuntimeCaching",
      "path": "System.Runtime.Caching.dll",
      "type": "File",
      "version": null,
      "expression": "namespace CodeDependencies {\n    \n}",
      "description": "",
      "assemblyName": "System.Runtime.Caching",
      "executionLocation": "External"
    },
    {
      "name": "InvBEEncargosConverter",
      "path": "",
      "type": "Expression",
      "version": null,
      "expression": "using Newtonsoft.Json;\nusing InvBE100;\nusing Newtonsoft.Json.Linq;\nusing System.Collections.Generic;\nusing System.Linq;\nusing System;\n\nnamespace ERP {\n    public class InvBEEncargosConverter : JsonConverter\n        {\n            public override bool CanConvert(Type objectType)\n            {\n                return (objectType == typeof(InvBEEncargos));\n            }\n\n            public override object ReadJson(JsonReader reader, Type objectType, object existingValue, JsonSerializer serializer)\n            {\n                JArray jo = JArray.Load(reader);\n                InvBEEncargos enc = new InvBEEncargos();\n                if (jo.Count > 0)\n                    return jo.ToObject<IEnumerable<InvBEEncargo>>(serializer).ToList()[0];\n\n                return enc;\n            }\n\n            public override bool CanWrite\n            {\n                get { return false; }\n            }\n\n            public override void WriteJson(JsonWriter writer, object value, JsonSerializer serializer)\n            {\n                throw new NotImplementedException();\n            }\n        }\n}",
      "description": "",
      "assemblyName": "",
      "executionLocation": "External"
    },
    {
      "name": "InvBE100",
      "path": "%Programw6432%\\PRIMAVERA\\SG100\\Apl\\InvBE100.dll",
      "type": "File",
      "version": null,
      "expression": "namespace CodeDependencies {\n    \n}",
      "description": "",
      "assemblyName": "InvBE100",
      "executionLocation": "External"
    }
  ]
}