{
  "name": "System",
  "attributes": [
    {
      "name": "_code",
      "type": "Text",
      "isSystem": true,
      "isReadOnly": false,
      "description": null,
      "multiplicity": {
        "lower": 1,
        "upper": 1
      },
      "aggregationKind": "None",
      "isSensitiveData": null,
      "dependsOnAttribute": null
    },
    {
      "name": "_name",
      "type": "Text",
      "isSystem": true,
      "isReadOnly": false,
      "description": null,
      "multiplicity": {
        "lower": 1,
        "upper": 1
      },
      "aggregationKind": "None",
      "isSensitiveData": null,
      "dependsOnAttribute": null
    },
    {
      "name": "_description",
      "type": "Text",
      "isSystem": true,
      "isReadOnly": false,
      "description": null,
      "multiplicity": {
        "lower": 0,
        "upper": 1
      },
      "aggregationKind": "None",
      "isSensitiveData": null,
      "dependsOnAttribute": null
    },
    {
      "name": "_inactive",
      "type": "Boolean",
      "isSystem": true,
      "isReadOnly": false,
      "description": null,
      "multiplicity": {
        "lower": 1,
        "upper": 1
      },
      "aggregationKind": "None",
      "isSensitiveData": null,
      "dependsOnAttribute": null
    }
  ],
  "description": "Default DataSource",
  "dataBehaviours": [],
  "behaviourRuntime": "Internal",
  "entityBehaviours": [],
  "dataAccessRuntime": "Internal",
  "behaviourNamespaces": [],
  "executesInConnector": false,
  "behaviourDependencies": [
    {
      "name": "MemoryCache",
      "path": "",
      "type": "Expression",
      "version": null,
      "expression": "using Omnia.Libraries.Infrastructure.Behaviours;\r\nusing global::System;\r\nusing global::System.Collections.Concurrent;\r\nusing global::System.Collections.Generic;\r\nusing global::System.Net.Http;\r\nnamespace Cache\r\n{\r\n    public abstract class MemoryCache<T>\r\n    {\r\n        protected MemoryCache()\r\n        {\r\n        }\r\n\r\n        protected abstract string KeyPrefix { get; set; }\r\n\r\n        public T GetEntry(string key, Context context)\r\n        {\r\n            var cache = context.CreateCacheClient();\r\n            var entryKey = Key(key);\r\n\r\n\r\n            var entry = cache.GetAsync<T>(entryKey)\r\n                .GetAwaiter().GetResult();\r\n\r\n            if (entry == null)\r\n            {\r\n                entry = ValueFactory(key, context);\r\n                cache.SetAsync(entryKey, entry)\r\n                    .GetAwaiter().GetResult();\r\n            }\r\n\r\n            return entry;\r\n        }\r\n\r\n        public void RemoveEntry(string key, Context context)\r\n        {\r\n            var cache = context.CreateCacheClient();\r\n\r\n            cache.RemoveAsync(Key(key))\r\n                .GetAwaiter().GetResult();\r\n        }\r\n\r\n        protected virtual T ValueFactory(string key, Context context)\r\n        {\r\n            return default(T);\r\n        }\r\n\r\n        private string Key(string key) => $\"{KeyPrefix}.{key}\";\r\n    }\r\n}",
      "description": "",
      "assemblyName": "",
      "executionLocation": "Internal"
    },
    {
      "name": "EmployeeSubstituteCache",
      "path": "",
      "type": "Expression",
      "version": null,
      "expression": "    using global::System.Collections.Generic;\r\n    using global::System.Net.Http;\r\n    using Omnia.Libraries.Infrastructure.Behaviours;\r\n    namespace Cache\r\n    {\r\n        public sealed class EmployeeSubstituteCache : MemoryCache<List<EmployeeSubstituteCache.EmployeeSubstitute>>\r\n        {\r\n            public static EmployeeSubstituteCache Instance { get; } = new EmployeeSubstituteCache();\r\n\r\n            protected override string KeyPrefix { get; set; } = \"EmployeeSubstitute\";\r\n\r\n            protected override List<EmployeeSubstitute> ValueFactory(string key, Context context)\r\n            {\r\n                var httpClient = context.CreateApplicationHttpClient();\r\n\r\n                var requestResult = httpClient.PostAsJsonAsync(\"queries/EmployeeOutOfOfficeQuery/Default\", new\r\n                {\r\n                    Filter = new\r\n                    {\r\n                        Property = \"_code\",\r\n                        Value = key\r\n                    }\r\n                }).Result;\r\n\r\n                SystemApplicationBehaviours.EnsureSuccessApiResult(new Dictionary<string, object>\r\n            {\r\n                {\"requestResult\", requestResult}\r\n            }, context);\r\n\r\n                return requestResult.Content.ReadAsAsync<List<EmployeeSubstitute>>().Result;\r\n            }\r\n\r\n            public class EmployeeSubstitute\r\n            {\r\n                public string _code { get; set; }\r\n                public string _name { get; set; }\r\n                public bool OutOfOffice { get; set; }\r\n                public string OutOfOfficeSubstitute { get; set; }\r\n                public string Username { get; set; }\r\n\r\n            }\r\n\r\n        }\r\n    }",
      "description": "",
      "assemblyName": "",
      "executionLocation": "Internal"
    },
    {
      "name": "EmployeeDataCache",
      "path": "",
      "type": "Expression",
      "version": null,
      "expression": "using Omnia.Libraries.Infrastructure.Behaviours;\r\nusing global::System;\r\nusing global::System.Collections.Concurrent;\r\nusing global::System.Collections.Generic;\r\nusing global::System.Net.Http;\r\nnamespace Cache\r\n{\r\n    public sealed class EmployeeDataCache : MemoryCache<List<EmployeeDataCache.EmployeeData>>\r\n    {\r\n        public static EmployeeDataCache Instance { get; } = new EmployeeDataCache();\r\n        \r\n        protected override string KeyPrefix { get; set; } = \"EmployeeData\";\r\n\r\n        protected override List<EmployeeData> ValueFactory(string key, Context context)\r\n        {\r\n            var httpClient = context.CreateApplicationHttpClient();\r\n\r\n            var requestResult = httpClient.PostAsJsonAsync(\"queries/EmployeePrimaveraConfigurations/Default\", new\r\n            {\r\n                Filter = new\r\n                {\r\n                    Property = \"_code\",\r\n                    Value = key\r\n                }\r\n            }).Result;\r\n\r\n            SystemApplicationBehaviours.EnsureSuccessApiResult(new Dictionary<string, object>\r\n            {\r\n                {\"requestResult\", requestResult}\r\n            }, context);\r\n\r\n            return requestResult.Content.ReadAsAsync<List<EmployeeData>>().Result;\r\n        }\r\n\r\n        public class EmployeeData\r\n        {\r\n            public string _code { get; set; }\r\n            public string _name { get; set; }\r\n            public bool _inactive { get; set; }\r\n            public string DefaultCompany { get; set; }\r\n            public bool UsesPreviousYearHolidays { get; set; }\r\n\r\n            public string Company { get; set; }\r\n            public string Manager { get; set; }\r\n            public string ExpensesManager { get; set; }\r\n            public string Username { get; set; }\r\n            public string ContactEmail { get; set; }\r\n            public string ErpCode { get; set; }\r\n            public string CostCenter { get; set; }\r\n            public string SubstituteManager { get; set; }\r\n            public string SubstituteExpensesManager { get; set; }\r\n            \r\n            public string OrganizationalUnit { get; set; }\r\n            \r\n        }\r\n\r\n    }\r\n}",
      "description": "",
      "assemblyName": "",
      "executionLocation": "Internal"
    },
    {
      "name": "ActiveEmployeeDataCache",
      "path": "",
      "type": "Expression",
      "version": null,
      "expression": "using Omnia.Libraries.Infrastructure.Behaviours;\r\nusing global::System;\r\nusing global::System.Collections.Concurrent;\r\nusing global::System.Collections.Generic;\r\nusing global::System.Net.Http;\r\nusing global::System.Linq;\r\nnamespace Cache\r\n{\r\n    public sealed class ActiveEmployeeDataCache : MemoryCache<ActiveEmployeeDataCache.EmployeeData>\r\n    {\r\n        public static ActiveEmployeeDataCache Instance { get; } = new ActiveEmployeeDataCache();\r\n\r\n        protected override string KeyPrefix { get; set; } = \"ActiveEmployee\";\r\n\r\n        protected override EmployeeData ValueFactory(string key, Context context)\r\n        {\r\n            var httpClient = context.CreateApplicationHttpClient();\r\n\r\n            var requestResult = httpClient.PostAsJsonAsync(\"queries/ActiveEmployeesQuery/Default\", new\r\n            {\r\n                Filter = new\r\n                {\r\n                    Property = \"Username\",\r\n                    Value = context.Authentication.Username\r\n                }\r\n            }).Result;\r\n\r\n            SystemApplicationBehaviours.EnsureSuccessApiResult(new Dictionary<string, object>\r\n        {\r\n            {\"requestResult\", requestResult}\r\n        }, context);\r\n\r\n            return requestResult.Content.ReadAsAsync<List<EmployeeData>>().Result?.FirstOrDefault();\r\n        }\r\n\r\n        public class EmployeeData\r\n        {\r\n            public string _code { get; set; }\r\n            public string _name { get; set; }\r\n            public bool _inactive { get; set; }\r\n            public string DefaultCompany { get; set; }\r\n            public string Company { get; set; }\r\n            public string Manager { get; set; }\r\n            public string ExpensesManager { get; set; }\r\n            public string Username { get; set; }\r\n            public string ContactEmail { get; set; }\r\n            public string ErpCode { get; set; }\r\n            public string SubstituteManager { get; set; }\r\n        }\r\n    }\r\n}",
      "description": "",
      "assemblyName": "",
      "executionLocation": "Internal"
    },
    {
      "name": "CallConnectorBehaviour",
      "path": "",
      "type": "Expression",
      "version": null,
      "expression": "    using Omnia.Libraries.Infrastructure.Behaviours;\r\n    using global::System;\r\n    using global::System.Collections.Generic;\r\n    using global::System.Net.Http;\r\n\r\n    namespace OMNIA\r\n    {\r\n        public sealed class CallConnectorBehaviour\r\n        {\r\n            private CallConnectorBehaviour()\r\n            {\r\n\r\n            }\r\n\r\n            public static Dictionary<string, object> Execute(Context _context, string behaviour, object _dto)\r\n            {\r\n                var httpClient = _context.CreateApplicationHttpClient();\r\n\r\n                Dictionary<string, object> data = new Dictionary<string, object>()\r\n                {\r\n                    {\"quoteRequests\", _dto }\r\n                };\r\n\r\n                var connectorRequest = httpClient.PostAsJsonAsync($\"Behaviours/{_context.Operation.DataSource}/{behaviour}\", data).GetAwaiter().GetResult();\r\n\r\n                if (connectorRequest == null)\r\n                    throw new Exception(SystemApplicationBehaviours.System_GetText(new Dictionary<string, object>{\r\n                    \t{\"name\",\"ErrorBehaviourCall\"},\r\n                    \t{\"language\",_context.Operation.Language},\r\n                    \t{\"parameters\",new object[]{behaviour}}\r\n                    })[\"text\"].ToString());\r\n\r\n                data = new Dictionary<string, object>()\r\n                {\r\n                    { \"requestResult\", connectorRequest }\r\n                };\r\n\r\n                SystemApplicationBehaviours.EnsureSuccessApiResult(data, _context);\r\n\r\n                return connectorRequest.Content.ReadAsAsync<Dictionary<string, object>>().GetAwaiter().GetResult();\r\n            }\r\n        }\r\n    }",
      "description": "",
      "assemblyName": "",
      "executionLocation": "Internal"
    },
    {
      "name": "SettingsCache",
      "path": "",
      "type": "Expression",
      "version": null,
      "expression": "using Omnia.Libraries.Infrastructure.Behaviours;\r\nusing global::System;\r\nusing global::System.Collections.Concurrent;\r\nusing global::System.Collections.Generic;\r\nusing global::System.Net.Http;\r\nnamespace Cache\r\n{\r\n    public sealed class SettingsCache : MemoryCache<SettingsCache.Settings>\r\n    {\r\n        public static SettingsCache Instance { get; } = new SettingsCache();\r\n\r\n        protected override string KeyPrefix { get; set; } = \"OmniaDatabase\";\r\n\r\n        protected override Settings ValueFactory(string key, Context context)\r\n        {\r\n            var httpClient = context.CreateApplicationHttpClient();\r\n\r\n            var companySettingsRequest = httpClient.GetAsync($\"Settings/Default/ERPPrimavera\").Result;\r\n\r\n            SystemApplicationBehaviours.EnsureSuccessApiResult(new Dictionary<string, object> { { \"requestResult\", companySettingsRequest } }, context);\r\n\r\n            return companySettingsRequest.Content.ReadAsAsync<Settings>().Result;\r\n        }\r\n\r\n        public class Settings\r\n        {\r\n            public string _code { get; set; }\r\n            public string _name { get; set; }\r\n            public bool _inactive { get; set; }\r\n            public string DatabaseSuffix { get; set; }\r\n\r\n        }\r\n\r\n    }\r\n}",
      "description": "",
      "assemblyName": "",
      "executionLocation": "Internal"
    },
    {
      "name": "CompanyCache",
      "path": "",
      "type": "Expression",
      "version": null,
      "expression": "using Omnia.Libraries.Infrastructure.Behaviours;\r\nusing global::System;\r\nusing global::System.Linq;\r\nusing global::System.Collections.Concurrent;\r\nusing global::System.Collections.Generic;\r\nusing global::System.Net.Http;\r\nnamespace Cache\r\n{\r\n    public sealed class CompanyCache : MemoryCache<CompanyDto>\r\n    {\r\n        public static CompanyCache Instance { get; } = new CompanyCache();\r\n\r\n        protected override string KeyPrefix { get; set; } = \"Company\";\r\n\r\n        protected override CompanyDto ValueFactory(string key, Context context)\r\n        {\r\n            var httpClient = context.CreateApplicationHttpClient();\r\n            //Get Company\r\n            var requestCompanyResult = httpClient.PostAsJsonAsync($\"Queries/CompleteCompanyQuery/{key}?pageSize=1\", new { Parameters = new List<object> { new { Name = \"datasource\", Value = key } } }).GetAwaiter().GetResult();\r\n\r\n            if (!requestCompanyResult.IsSuccessStatusCode)\r\n                throw new Exception(SystemApplicationBehaviours.System_GetText(new Dictionary<string, object>{\r\n                    {\"name\",\"QueryExecuteError\"},\r\n                    {\"language\",context.Operation.Language},\r\n                    {\"parameters\",new object[]{\"CompleteCompanyQuery\"}}\r\n                })[\"text\"].ToString());\r\n            var resultCompany = requestCompanyResult.Content.ReadAsAsync<List<Dictionary<string, object>>>().GetAwaiter().GetResult();\r\n\r\n            if (resultCompany == null || resultCompany.Count == 0)\r\n                throw new Exception(SystemApplicationBehaviours.System_GetText(new Dictionary<string, object>{\r\n                    {\"name\",\"QueryExecuteError\"},\r\n                    {\"language\",context.Operation.Language},\r\n                    {\"parameters\",new object[]{\"CompleteCompanyQuery\"}}\r\n                })[\"text\"].ToString());\r\n\r\n            var dto = new CompanyDto()\r\n            {\r\n                _code = resultCompany.First()[\"_code\"].ToString(),\r\n                _name = resultCompany.First()[\"_name\"].ToString(),\r\n                _description = resultCompany.First()[\"_description\"].ToString(),\r\n                _inactive = Convert.ToBoolean(resultCompany.First()[\"_inactive\"]),\r\n                Primavera = resultCompany.First()[\"primavera\"].ToString(),\r\n                DocumentERPRI = resultCompany.First()[\"documenterpri\"].ToString(),\r\n                DocumentERPPCO = resultCompany.First()[\"documenterppco\"].ToString(),\r\n                DocumentERPCF = resultCompany.First()[\"documenterpcf\"].ToString(),\r\n                documentERPECF = resultCompany.First()[\"documenterpecf\"].ToString(),\r\n                PurchasingManager = resultCompany.First()[\"purchasingmanager\"].ToString(),\r\n                PurchasingManagerName = resultCompany.First()[\"purchasingmanagername\"].ToString(),\r\n                LiquidationDocType = resultCompany.First()[\"liquidationdoctype\"].ToString(),\r\n                RequisitionPurchaseUsers = resultCompany.First()[\"requisitionpurchaseusers\"].ToString()\r\n            };\r\n\r\n            return dto;\r\n        }\r\n\r\n    }\r\n}",
      "description": "",
      "assemblyName": "",
      "executionLocation": "Internal"
    }
  ]
}