{
  "name": "CompanyForm",
  "type": "Form",
  "label": "${Texts.Company}",
  "entity": "Company",
  "elements": [
    {
      "row": 1,
      "name": "_code",
      "size": 6,
      "type": "Input",
      "label": "${Texts.Code}",
      "column": 1,
      "elements": [],
      "helpText": null,
      "isHidden": false,
      "attributes": [
        {
          "key": "aggregationKind",
          "value": "None"
        },
        {
          "key": "isReadOnly",
          "value": "false"
        },
        {
          "key": "max",
          "value": "1"
        },
        {
          "key": "min",
          "value": "1"
        },
        {
          "key": "isSensitiveData",
          "value": "false"
        },
        {
          "key": "formattingType",
          "value": "Text"
        }
      ],
      "behaviours": [],
      "description": null,
      "visibleFrom": null
    },
    {
      "row": 1,
      "name": "_name",
      "size": 6,
      "type": "Input",
      "label": "${Texts.Name}",
      "column": 7,
      "elements": [],
      "helpText": null,
      "isHidden": false,
      "attributes": [
        {
          "key": "aggregationKind",
          "value": "None"
        },
        {
          "key": "isReadOnly",
          "value": "false"
        },
        {
          "key": "max",
          "value": "1"
        },
        {
          "key": "min",
          "value": "1"
        },
        {
          "key": "isSensitiveData",
          "value": "false"
        },
        {
          "key": "formattingType",
          "value": "Text"
        }
      ],
      "behaviours": [],
      "description": null,
      "visibleFrom": null
    },
    {
      "row": 2,
      "name": "_description",
      "size": 6,
      "type": "Input",
      "label": "${Texts.Description}",
      "column": 1,
      "elements": [],
      "helpText": null,
      "isHidden": false,
      "attributes": [
        {
          "key": "aggregationKind",
          "value": "None"
        },
        {
          "key": "isReadOnly",
          "value": "false"
        },
        {
          "key": "max",
          "value": "1"
        },
        {
          "key": "min",
          "value": "0"
        },
        {
          "key": "isSensitiveData",
          "value": "false"
        },
        {
          "key": "formattingType",
          "value": "Text"
        }
      ],
      "behaviours": [],
      "description": null,
      "visibleFrom": null
    },
    {
      "row": 2,
      "name": "_inactive",
      "size": 2,
      "type": "Input",
      "label": "${Texts.Inactive}",
      "column": 7,
      "elements": [],
      "helpText": null,
      "isHidden": false,
      "attributes": [
        {
          "key": "aggregationKind",
          "value": "None"
        },
        {
          "key": "isReadOnly",
          "value": "false"
        },
        {
          "key": "max",
          "value": "1"
        },
        {
          "key": "min",
          "value": "1"
        },
        {
          "key": "isSensitiveData",
          "value": "false"
        },
        {
          "key": "formattingType",
          "value": "Boolean"
        }
      ],
      "behaviours": [],
      "description": null,
      "visibleFrom": null
    },
    {
      "row": 2,
      "name": "Primavera",
      "size": 4,
      "type": "ReferenceSelector",
      "label": "${Texts.Primavera}",
      "column": 8,
      "elements": [],
      "helpText": "",
      "isHidden": false,
      "attributes": [
        {
          "key": "aggregationKind",
          "value": "Shared"
        },
        {
          "key": "isReadOnly",
          "value": "false"
        },
        {
          "key": "max",
          "value": "1"
        },
        {
          "key": "min",
          "value": "0"
        },
        {
          "key": "definition",
          "value": "Primavera"
        }
      ],
      "behaviours": [
        {
          "name": "OnPrimaveraChange",
          "type": "Change",
          "expression": "this._metadata.elements.documentConfigContainer.attributes.isOpen = true;",
          "description": ""
        }
      ],
      "description": null,
      "visibleFrom": "Mobile"
    },
    {
      "row": 3,
      "name": "PurchasingManager",
      "size": 2,
      "type": "ReferenceSelector",
      "label": "${Texts.PurchasingManager}",
      "column": 1,
      "elements": [],
      "helpText": null,
      "isHidden": false,
      "attributes": [
        {
          "key": "aggregationKind",
          "value": "Shared"
        },
        {
          "key": "isReadOnly",
          "value": "false"
        },
        {
          "key": "max",
          "value": "1"
        },
        {
          "key": "min",
          "value": "0"
        },
        {
          "key": "definition",
          "value": "Employee"
        }
      ],
      "behaviours": [],
      "description": null,
      "visibleFrom": null
    },
    {
      "row": 3,
      "name": "PurchasingManagerName",
      "size": 4,
      "type": "Input",
      "label": "${Texts.Name}",
      "column": 2,
      "elements": [],
      "helpText": null,
      "isHidden": false,
      "attributes": [
        {
          "key": "aggregationKind",
          "value": "None"
        },
        {
          "key": "isReadOnly",
          "value": "true"
        },
        {
          "key": "max",
          "value": "1"
        },
        {
          "key": "min",
          "value": "0"
        },
        {
          "key": "isSensitiveData",
          "value": "false"
        },
        {
          "key": "formattingType",
          "value": "Text"
        }
      ],
      "behaviours": [],
      "description": null,
      "visibleFrom": null
    },
    {
      "row": 4,
      "name": "documentConfigContainer",
      "size": 12,
      "type": "Container",
      "label": "${Texts.CompanyDocumentConfig}",
      "column": 1,
      "elements": [
        {
          "row": 2,
          "name": "DocumentERPPCO",
          "size": 6,
          "type": "ReferenceSelector",
          "label": "${Texts.CompanyQuoteRequestDocument}",
          "column": 1,
          "elements": [],
          "helpText": "",
          "isHidden": false,
          "attributes": [
            {
              "key": "aggregationKind",
              "value": "Shared"
            },
            {
              "key": "isReadOnly",
              "value": "false"
            },
            {
              "key": "max",
              "value": "1"
            },
            {
              "key": "min",
              "value": "1"
            },
            {
              "key": "definition",
              "value": "QuotationReqDocTypes"
            },
            {
              "key": "dependsOnAttribute",
              "value": "Primavera"
            }
          ],
          "behaviours": [],
          "description": null,
          "visibleFrom": "Mobile"
        },
        {
          "row": 1,
          "name": "DocumentERPRI",
          "size": 6,
          "type": "ReferenceSelector",
          "label": "${Texts.CompanyInternalReqDocument}",
          "column": 1,
          "elements": [],
          "helpText": "",
          "isHidden": false,
          "attributes": [
            {
              "key": "aggregationKind",
              "value": "Shared"
            },
            {
              "key": "isReadOnly",
              "value": "false"
            },
            {
              "key": "max",
              "value": "1"
            },
            {
              "key": "min",
              "value": "1"
            },
            {
              "key": "definition",
              "value": "InternalReqDocTypes"
            },
            {
              "key": "dependsOnAttribute",
              "value": "Primavera"
            }
          ],
          "behaviours": [],
          "description": null,
          "visibleFrom": "Mobile"
        },
        {
          "row": 2,
          "name": "DocumentERPCF",
          "size": 6,
          "type": "ReferenceSelector",
          "label": "${Texts.CompanyQuotationDocument}",
          "column": 7,
          "elements": [],
          "helpText": "",
          "isHidden": false,
          "attributes": [
            {
              "key": "aggregationKind",
              "value": "Shared"
            },
            {
              "key": "isReadOnly",
              "value": "false"
            },
            {
              "key": "max",
              "value": "1"
            },
            {
              "key": "min",
              "value": "1"
            },
            {
              "key": "definition",
              "value": "QuotationDocTypes"
            },
            {
              "key": "dependsOnAttribute",
              "value": "Primavera"
            }
          ],
          "behaviours": [],
          "description": null,
          "visibleFrom": "Mobile"
        },
        {
          "row": 3,
          "name": "documentERPECF",
          "size": 6,
          "type": "ReferenceSelector",
          "label": "${Texts.CompanySupplierOrder}",
          "column": 1,
          "elements": [],
          "helpText": "",
          "isHidden": false,
          "attributes": [
            {
              "key": "aggregationKind",
              "value": "Shared"
            },
            {
              "key": "isReadOnly",
              "value": "false"
            },
            {
              "key": "max",
              "value": "1"
            },
            {
              "key": "min",
              "value": "1"
            },
            {
              "key": "definition",
              "value": "OrderSupplierTypes"
            },
            {
              "key": "dependsOnAttribute",
              "value": "Primavera"
            }
          ],
          "behaviours": [],
          "description": null,
          "visibleFrom": "Mobile"
        },
        {
          "row": 3,
          "name": "LiquidationDocType",
          "size": 6,
          "type": "ReferenceSelector",
          "label": "${Texts.LiquidationDocType}",
          "column": 7,
          "elements": [],
          "helpText": "",
          "isHidden": false,
          "attributes": [
            {
              "key": "aggregationKind",
              "value": "Shared"
            },
            {
              "key": "isReadOnly",
              "value": "false"
            },
            {
              "key": "max",
              "value": "1"
            },
            {
              "key": "min",
              "value": "1"
            },
            {
              "key": "definition",
              "value": "LiquidationDocTypes"
            },
            {
              "key": "dependsOnAttribute",
              "value": "Primavera"
            }
          ],
          "behaviours": [],
          "description": null,
          "visibleFrom": "Mobile"
        },
        {
          "row": 1,
          "name": "RequisitionPurchaseUsers",
          "size": 6,
          "type": "ReferenceSelector",
          "label": "${Texts.ERPUserGroup}",
          "column": 7,
          "elements": [],
          "helpText": "",
          "isHidden": false,
          "attributes": [
            {
              "key": "aggregationKind",
              "value": "Shared"
            },
            {
              "key": "isReadOnly",
              "value": "false"
            },
            {
              "key": "max",
              "value": "1"
            },
            {
              "key": "min",
              "value": "1"
            },
            {
              "key": "definition",
              "value": "RequisitionPurchaseUsers"
            },
            {
              "key": "dependsOnAttribute",
              "value": "Primavera"
            }
          ],
          "behaviours": [],
          "description": null,
          "visibleFrom": "Mobile"
        }
      ],
      "helpText": "",
      "isHidden": false,
      "attributes": [],
      "behaviours": [],
      "description": null,
      "visibleFrom": "Mobile"
    }
  ],
  "helpText": null,
  "attributes": [],
  "behaviours": [],
  "dataSource": "System",
  "description": null
}