{
  "name": "ExternalUserForm",
  "type": "Form",
  "label": "External User",
  "entity": "ExternalUser",
  "elements": [
    {
      "row": 1,
      "name": "_code",
      "size": 4,
      "type": "Input",
      "label": "${Texts.Code}",
      "column": 1,
      "elements": [],
      "helpText": null,
      "isHidden": false,
      "attributes": [
        {
          "key": "aggregationKind",
          "value": "None"
        },
        {
          "key": "isReadOnly",
          "value": "false"
        },
        {
          "key": "max",
          "value": "1"
        },
        {
          "key": "min",
          "value": "1"
        },
        {
          "key": "isSensitiveData",
          "value": "false"
        },
        {
          "key": "formattingType",
          "value": "Text"
        }
      ],
      "behaviours": [],
      "description": null,
      "visibleFrom": null
    },
    {
      "row": 1,
      "name": "_name",
      "size": 7,
      "type": "Input",
      "label": "${Texts.Name}",
      "column": 5,
      "elements": [],
      "helpText": null,
      "isHidden": false,
      "attributes": [
        {
          "key": "aggregationKind",
          "value": "None"
        },
        {
          "key": "isReadOnly",
          "value": "false"
        },
        {
          "key": "max",
          "value": "1"
        },
        {
          "key": "min",
          "value": "1"
        },
        {
          "key": "isSensitiveData",
          "value": "false"
        },
        {
          "key": "formattingType",
          "value": "Text"
        }
      ],
      "behaviours": [],
      "description": null,
      "visibleFrom": null
    },
    {
      "row": 1,
      "name": "_inactive",
      "size": 1,
      "type": "Input",
      "label": "${Texts.Inactive}",
      "column": 12,
      "elements": [],
      "helpText": null,
      "isHidden": false,
      "attributes": [
        {
          "key": "aggregationKind",
          "value": "None"
        },
        {
          "key": "isReadOnly",
          "value": "false"
        },
        {
          "key": "max",
          "value": "1"
        },
        {
          "key": "min",
          "value": "1"
        },
        {
          "key": "isSensitiveData",
          "value": "false"
        },
        {
          "key": "formattingType",
          "value": "Boolean"
        }
      ],
      "behaviours": [],
      "description": null,
      "visibleFrom": null
    },
    {
      "row": 2,
      "name": "Username",
      "size": 6,
      "type": "Input",
      "label": "${Texts.Username}",
      "column": 1,
      "elements": [],
      "helpText": null,
      "isHidden": false,
      "attributes": [
        {
          "key": "aggregationKind",
          "value": "None"
        },
        {
          "key": "isReadOnly",
          "value": "false"
        },
        {
          "key": "max",
          "value": "1"
        },
        {
          "key": "min",
          "value": "1"
        },
        {
          "key": "isSensitiveData",
          "value": "false"
        },
        {
          "key": "formattingType",
          "value": "Text"
        }
      ],
      "behaviours": [],
      "description": null,
      "visibleFrom": null
    },
    {
      "row": 2,
      "name": "ContactEmail",
      "size": 6,
      "type": "Input",
      "label": "${Texts.ContactEmail}",
      "column": 7,
      "elements": [],
      "helpText": null,
      "isHidden": false,
      "attributes": [
        {
          "key": "aggregationKind",
          "value": "None"
        },
        {
          "key": "isReadOnly",
          "value": "false"
        },
        {
          "key": "max",
          "value": "1"
        },
        {
          "key": "min",
          "value": "0"
        },
        {
          "key": "isSensitiveData",
          "value": "false"
        },
        {
          "key": "formattingType",
          "value": "Text"
        }
      ],
      "behaviours": [],
      "description": null,
      "visibleFrom": null
    },
    {
      "row": 6,
      "name": "EntityType",
      "size": 12,
      "type": "List",
      "label": "${Texts.ERPEntities}",
      "column": 1,
      "elements": [
        {
          "row": 1,
          "name": "_name",
          "size": 6,
          "type": "Input",
          "label": "${Texts.Name}",
          "column": 6,
          "elements": [],
          "helpText": null,
          "isHidden": false,
          "attributes": [
            {
              "key": "aggregationKind",
              "value": "None"
            },
            {
              "key": "isReadOnly",
              "value": "true"
            },
            {
              "key": "max",
              "value": "1"
            },
            {
              "key": "min",
              "value": "1"
            },
            {
              "key": "isSensitiveData",
              "value": "false"
            },
            {
              "key": "formattingType",
              "value": "Text"
            }
          ],
          "behaviours": [],
          "description": null,
          "visibleFrom": null
        },
        {
          "row": 1,
          "name": "Type",
          "size": 2,
          "type": "Selector",
          "label": "${Texts.EntityType}",
          "column": 1,
          "elements": [],
          "helpText": null,
          "isHidden": false,
          "attributes": [
            {
              "key": "aggregationKind",
              "value": "None"
            },
            {
              "key": "isReadOnly",
              "value": "false"
            },
            {
              "key": "min",
              "value": "1"
            },
            {
              "key": "max",
              "value": "1"
            },
            {
              "key": "enumeration",
              "value": "ERPEntityType"
            }
          ],
          "behaviours": [
            {
              "name": "OnEntityTypeChange",
              "type": "Change",
              "expression": "this._metadata.elements.erpCode.attributes.listParameters = {\r\n\ttype: this.type\r\n};",
              "description": ""
            }
          ],
          "description": null,
          "visibleFrom": null
        },
        {
          "row": 1,
          "name": "Company",
          "size": 2,
          "type": "ReferenceSelector",
          "label": "${Texts.Company}",
          "column": 1,
          "elements": [],
          "helpText": null,
          "isHidden": false,
          "attributes": [
            {
              "key": "aggregationKind",
              "value": "Shared"
            },
            {
              "key": "isReadOnly",
              "value": "false"
            },
            {
              "key": "max",
              "value": "1"
            },
            {
              "key": "min",
              "value": "1"
            },
            {
              "key": "definition",
              "value": "Company"
            }
          ],
          "behaviours": [
            {
              "name": "OnCompanyChange",
              "type": "Change",
              "expression": "this._metadata.elements.erpCode.attributes.listParameters = {\r\n\ttype: this.type\r\n};",
              "description": ""
            }
          ],
          "description": null,
          "visibleFrom": null
        },
        {
          "row": 1,
          "name": "ERPCode",
          "size": 2,
          "type": "ReferenceSelector",
          "label": "${Texts.ERPCode}",
          "column": 3,
          "elements": [],
          "helpText": null,
          "isHidden": false,
          "attributes": [
            {
              "key": "aggregationKind",
              "value": "Shared"
            },
            {
              "key": "isReadOnly",
              "value": "false"
            },
            {
              "key": "max",
              "value": "1"
            },
            {
              "key": "min",
              "value": "1"
            },
            {
              "key": "definition",
              "value": "ERPEntity"
            },
            {
              "key": "dependsOnAttribute",
              "value": "Primavera"
            }
          ],
          "behaviours": [],
          "description": null,
          "visibleFrom": null
        }
      ],
      "helpText": null,
      "isHidden": false,
      "attributes": [
        {
          "key": "aggregationKind",
          "value": "Composite"
        },
        {
          "key": "isReadOnly",
          "value": "false"
        },
        {
          "key": "max",
          "value": "40"
        },
        {
          "key": "min",
          "value": "1"
        },
        {
          "key": "definition",
          "value": "ExternalUserEntityType"
        },
        {
          "key": "isEditable",
          "value": "true"
        }
      ],
      "behaviours": [],
      "description": null,
      "visibleFrom": null
    }
  ],
  "helpText": null,
  "attributes": [],
  "behaviours": [
    {
      "name": "Initialize",
      "type": "Initialize",
      "expression": "for (let i = 0; i < this.entityType.length; i++) {\r\n\tthis.entityType[i]._metadata.elements.erpCode.attributes.listParameters = {\r\n\t\ttype: this.entityType[i].type\r\n\t};\r\n}",
      "description": ""
    }
  ],
  "dataSource": "System",
  "description": null
}