{
  "name": "FinancialDocumentERPForm",
  "type": "Form",
  "label": "Financial Document ERP",
  "entity": "FinancialDocumentERP",
  "elements": [
    {
      "row": 1,
      "name": "DataDoc",
      "size": 4,
      "type": "Input",
      "label": "${Texts.DateText}",
      "column": 5,
      "elements": [],
      "helpText": null,
      "isHidden": false,
      "attributes": [
        {
          "key": "aggregationKind",
          "value": "None"
        },
        {
          "key": "isReadOnly",
          "value": "true"
        },
        {
          "key": "max",
          "value": "1"
        },
        {
          "key": "min",
          "value": "1"
        },
        {
          "key": "isSensitiveData",
          "value": "false"
        },
        {
          "key": "formattingType",
          "value": "Date"
        }
      ],
      "behaviours": [],
      "description": null,
      "visibleFrom": null
    },
    {
      "row": 1,
      "name": "_code",
      "size": 4,
      "type": "Input",
      "label": "${Texts.Code}",
      "column": 1,
      "elements": [],
      "helpText": "",
      "isHidden": false,
      "attributes": [
        {
          "key": "aggregationKind",
          "value": "None"
        },
        {
          "key": "isReadOnly",
          "value": "true"
        },
        {
          "key": "max",
          "value": "1"
        },
        {
          "key": "min",
          "value": "1"
        },
        {
          "key": "isSensitiveData",
          "value": "false"
        },
        {
          "key": "formattingType",
          "value": "Text"
        }
      ],
      "behaviours": [],
      "description": null,
      "visibleFrom": "Mobile"
    },
    {
      "row": 3,
      "name": "CDU_CodOmnia",
      "size": 4,
      "type": "Input",
      "label": "${Texts.Requisition}",
      "column": 1,
      "elements": [],
      "helpText": null,
      "isHidden": false,
      "attributes": [
        {
          "key": "aggregationKind",
          "value": "None"
        },
        {
          "key": "isReadOnly",
          "value": "true"
        },
        {
          "key": "max",
          "value": "1"
        },
        {
          "key": "min",
          "value": "1"
        },
        {
          "key": "isSensitiveData",
          "value": "false"
        },
        {
          "key": "formattingType",
          "value": "Text"
        }
      ],
      "behaviours": [],
      "description": null,
      "visibleFrom": null
    },
    {
      "row": 3,
      "name": "EntidadeNome",
      "size": 4,
      "type": "Input",
      "label": "${Texts.Supplier}",
      "column": 9,
      "elements": [],
      "helpText": "",
      "isHidden": false,
      "attributes": [
        {
          "key": "aggregationKind",
          "value": "None"
        },
        {
          "key": "isReadOnly",
          "value": "true"
        },
        {
          "key": "max",
          "value": "1"
        },
        {
          "key": "min",
          "value": "1"
        },
        {
          "key": "isSensitiveData",
          "value": "false"
        },
        {
          "key": "formattingType",
          "value": "Text"
        }
      ],
      "behaviours": [],
      "description": null,
      "visibleFrom": "Mobile"
    },
    {
      "row": 5,
      "name": "Total",
      "size": 3,
      "type": "Input",
      "label": "${Texts.TotalDocText}",
      "column": 9,
      "elements": [],
      "helpText": null,
      "isHidden": false,
      "attributes": [
        {
          "key": "aggregationKind",
          "value": "None"
        },
        {
          "key": "isReadOnly",
          "value": "true"
        },
        {
          "key": "max",
          "value": "1"
        },
        {
          "key": "min",
          "value": "1"
        },
        {
          "key": "isSensitiveData",
          "value": "false"
        },
        {
          "key": "formattingType",
          "value": "Decimal"
        }
      ],
      "behaviours": [],
      "description": null,
      "visibleFrom": null
    },
    {
      "row": 5,
      "name": "TotalTax",
      "size": 3,
      "type": "Input",
      "label": "${Texts.TotalTaxText}",
      "column": 7,
      "elements": [],
      "helpText": null,
      "isHidden": false,
      "attributes": [
        {
          "key": "aggregationKind",
          "value": "None"
        },
        {
          "key": "isReadOnly",
          "value": "true"
        },
        {
          "key": "max",
          "value": "1"
        },
        {
          "key": "min",
          "value": "1"
        },
        {
          "key": "isSensitiveData",
          "value": "false"
        },
        {
          "key": "formattingType",
          "value": "Decimal"
        }
      ],
      "behaviours": [],
      "description": null,
      "visibleFrom": null
    },
    {
      "row": 5,
      "name": "TotalDiscount",
      "size": 3,
      "type": "Input",
      "label": "${Texts.TotalDiscountText}",
      "column": 4,
      "elements": [],
      "helpText": null,
      "isHidden": false,
      "attributes": [
        {
          "key": "aggregationKind",
          "value": "None"
        },
        {
          "key": "isReadOnly",
          "value": "true"
        },
        {
          "key": "max",
          "value": "1"
        },
        {
          "key": "min",
          "value": "1"
        },
        {
          "key": "isSensitiveData",
          "value": "false"
        },
        {
          "key": "formattingType",
          "value": "Decimal"
        }
      ],
      "behaviours": [],
      "description": null,
      "visibleFrom": null
    },
    {
      "row": 5,
      "name": "TotalMercServ",
      "size": 3,
      "type": "Input",
      "label": "${Texts.TotalMercServText}",
      "column": 1,
      "elements": [],
      "helpText": null,
      "isHidden": false,
      "attributes": [
        {
          "key": "aggregationKind",
          "value": "None"
        },
        {
          "key": "isReadOnly",
          "value": "true"
        },
        {
          "key": "max",
          "value": "1"
        },
        {
          "key": "min",
          "value": "1"
        },
        {
          "key": "isSensitiveData",
          "value": "false"
        },
        {
          "key": "formattingType",
          "value": "Decimal"
        }
      ],
      "behaviours": [],
      "description": null,
      "visibleFrom": null
    },
    {
      "row": 6,
      "name": "Items",
      "size": 12,
      "type": "List",
      "label": "${Texts.Items}",
      "column": 1,
      "elements": [
        {
          "row": 1,
          "name": "_name",
          "size": 1,
          "type": "Input",
          "label": "${Texts.Code}",
          "column": 1,
          "elements": [],
          "helpText": null,
          "isHidden": false,
          "attributes": [
            {
              "key": "aggregationKind",
              "value": "None"
            },
            {
              "key": "isReadOnly",
              "value": "true"
            },
            {
              "key": "max",
              "value": "1"
            },
            {
              "key": "min",
              "value": "1"
            },
            {
              "key": "isSensitiveData",
              "value": "false"
            },
            {
              "key": "formattingType",
              "value": "Text"
            }
          ],
          "behaviours": [],
          "description": null,
          "visibleFrom": null
        },
        {
          "row": 1,
          "name": "Quantity",
          "size": 1,
          "type": "Input",
          "label": "${Texts.Quantity}",
          "column": 6,
          "elements": [],
          "helpText": null,
          "isHidden": false,
          "attributes": [
            {
              "key": "aggregationKind",
              "value": "None"
            },
            {
              "key": "isReadOnly",
              "value": "true"
            },
            {
              "key": "max",
              "value": "1"
            },
            {
              "key": "min",
              "value": "1"
            },
            {
              "key": "isSensitiveData",
              "value": "false"
            },
            {
              "key": "formattingType",
              "value": "Decimal"
            }
          ],
          "behaviours": [],
          "description": null,
          "visibleFrom": null
        },
        {
          "row": 1,
          "name": "Amount",
          "size": 1,
          "type": "Input",
          "label": "${Texts.Amount}",
          "column": 7,
          "elements": [],
          "helpText": null,
          "isHidden": false,
          "attributes": [
            {
              "key": "aggregationKind",
              "value": "None"
            },
            {
              "key": "isReadOnly",
              "value": "true"
            },
            {
              "key": "max",
              "value": "1"
            },
            {
              "key": "min",
              "value": "1"
            },
            {
              "key": "isSensitiveData",
              "value": "false"
            },
            {
              "key": "formattingType",
              "value": "Decimal"
            }
          ],
          "behaviours": [],
          "description": null,
          "visibleFrom": null
        },
        {
          "row": 1,
          "name": "Total",
          "size": 1,
          "type": "Input",
          "label": "${Texts.Total}",
          "column": 8,
          "elements": [],
          "helpText": null,
          "isHidden": false,
          "attributes": [
            {
              "key": "aggregationKind",
              "value": "None"
            },
            {
              "key": "isReadOnly",
              "value": "true"
            },
            {
              "key": "max",
              "value": "1"
            },
            {
              "key": "min",
              "value": "1"
            },
            {
              "key": "isSensitiveData",
              "value": "false"
            },
            {
              "key": "formattingType",
              "value": "Decimal"
            }
          ],
          "behaviours": [],
          "description": null,
          "visibleFrom": null
        },
        {
          "row": 0,
          "name": "_description",
          "size": 3,
          "type": "Input",
          "label": "${Texts.Name}",
          "column": 2,
          "elements": [],
          "helpText": "",
          "isHidden": false,
          "attributes": [
            {
              "key": "aggregationKind",
              "value": "None"
            },
            {
              "key": "isReadOnly",
              "value": "true"
            },
            {
              "key": "max",
              "value": "1"
            },
            {
              "key": "min",
              "value": "0"
            },
            {
              "key": "isSensitiveData",
              "value": "false"
            },
            {
              "key": "formattingType",
              "value": "Text"
            }
          ],
          "behaviours": [],
          "description": null,
          "visibleFrom": "Mobile"
        },
        {
          "row": 1,
          "name": "Unit",
          "size": 1,
          "type": "Input",
          "label": "${Texts.UN}",
          "column": 4,
          "elements": [],
          "helpText": "",
          "isHidden": false,
          "attributes": [
            {
              "key": "aggregationKind",
              "value": "None"
            },
            {
              "key": "isReadOnly",
              "value": "true"
            },
            {
              "key": "max",
              "value": "1"
            },
            {
              "key": "min",
              "value": "1"
            },
            {
              "key": "isSensitiveData",
              "value": "false"
            },
            {
              "key": "formattingType",
              "value": "Text"
            }
          ],
          "behaviours": [],
          "description": null,
          "visibleFrom": "Mobile"
        },
        {
          "row": 1,
          "name": "VATTax",
          "size": 1,
          "type": "Input",
          "label": "% ${Texts.VAT}",
          "column": 5,
          "elements": [],
          "helpText": "",
          "isHidden": false,
          "attributes": [
            {
              "key": "aggregationKind",
              "value": "None"
            },
            {
              "key": "isReadOnly",
              "value": "true"
            },
            {
              "key": "max",
              "value": "1"
            },
            {
              "key": "min",
              "value": "1"
            },
            {
              "key": "isSensitiveData",
              "value": "false"
            },
            {
              "key": "formattingType",
              "value": "Decimal"
            }
          ],
          "behaviours": [],
          "description": null,
          "visibleFrom": "Mobile"
        }
      ],
      "helpText": null,
      "isHidden": false,
      "attributes": [
        {
          "key": "aggregationKind",
          "value": "Composite"
        },
        {
          "key": "isReadOnly",
          "value": "false"
        },
        {
          "key": "max",
          "value": "100"
        },
        {
          "key": "min",
          "value": "0"
        },
        {
          "key": "definition",
          "value": "FinancialDocumentItem"
        },
        {
          "key": "isEditable",
          "value": "true"
        }
      ],
      "behaviours": [],
      "description": null,
      "visibleFrom": null
    },
    {
      "row": 10,
      "name": "ApprovalHistoryContainer",
      "size": 12,
      "type": "Container",
      "label": "${Texts.ApprovalHistory}",
      "column": 1,
      "elements": [
        {
          "row": 0,
          "name": "History",
          "size": 12,
          "type": "List",
          "label": "${Texts.EmptyString}",
          "column": 1,
          "elements": [
            {
              "row": 0,
              "name": "CDU_Aprovador",
              "size": 2,
              "type": "Input",
              "label": "${Texts.Approver}",
              "column": 1,
              "elements": [],
              "helpText": "",
              "isHidden": false,
              "attributes": [
                {
                  "key": "aggregationKind",
                  "value": "None"
                },
                {
                  "key": "isReadOnly",
                  "value": "true"
                },
                {
                  "key": "max",
                  "value": "1"
                },
                {
                  "key": "min",
                  "value": "1"
                },
                {
                  "key": "isSensitiveData",
                  "value": "false"
                },
                {
                  "key": "formattingType",
                  "value": "Text"
                }
              ],
              "behaviours": [],
              "description": null,
              "visibleFrom": "Mobile"
            },
            {
              "row": 0,
              "name": "CDU_Estado",
              "size": 2,
              "type": "Selector",
              "label": "${Texts.ToStage}",
              "column": 7,
              "elements": [],
              "helpText": "",
              "isHidden": false,
              "attributes": [
                {
                  "key": "aggregationKind",
                  "value": "None"
                },
                {
                  "key": "isReadOnly",
                  "value": "true"
                },
                {
                  "key": "max",
                  "value": "1"
                },
                {
                  "key": "min",
                  "value": "1"
                },
                {
                  "key": "isSensitiveData",
                  "value": "false"
                },
                {
                  "key": "enumeration",
                  "value": "FinancialDocumentERPStateMachineStates"
                }
              ],
              "behaviours": [],
              "description": null,
              "visibleFrom": "Mobile"
            },
            {
              "row": 1,
              "name": "CDU_Comentario",
              "size": 4,
              "type": "Input",
              "label": "${Texts.Observations}",
              "column": 9,
              "elements": [],
              "helpText": "",
              "isHidden": false,
              "attributes": [
                {
                  "key": "aggregationKind",
                  "value": "None"
                },
                {
                  "key": "isReadOnly",
                  "value": "true"
                },
                {
                  "key": "max",
                  "value": "1"
                },
                {
                  "key": "min",
                  "value": "1"
                },
                {
                  "key": "isSensitiveData",
                  "value": "false"
                },
                {
                  "key": "formattingType",
                  "value": "Text"
                }
              ],
              "behaviours": [],
              "description": null,
              "visibleFrom": "Mobile"
            },
            {
              "row": 0,
              "name": "CDU_Data",
              "size": 2,
              "type": "Input",
              "label": "${Texts.Date}",
              "column": 4,
              "elements": [],
              "helpText": "",
              "isHidden": false,
              "attributes": [
                {
                  "key": "aggregationKind",
                  "value": "None"
                },
                {
                  "key": "isReadOnly",
                  "value": "true"
                },
                {
                  "key": "max",
                  "value": "1"
                },
                {
                  "key": "min",
                  "value": "1"
                },
                {
                  "key": "isSensitiveData",
                  "value": "false"
                },
                {
                  "key": "formattingType",
                  "value": "Text"
                }
              ],
              "behaviours": [],
              "description": null,
              "visibleFrom": "Mobile"
            },
            {
              "row": 0,
              "name": "CDU_EstadoAnterior",
              "size": 2,
              "type": "Selector",
              "label": "${Texts.FromStage}",
              "column": 5,
              "elements": [],
              "helpText": "",
              "isHidden": false,
              "attributes": [
                {
                  "key": "aggregationKind",
                  "value": "None"
                },
                {
                  "key": "isReadOnly",
                  "value": "true"
                },
                {
                  "key": "max",
                  "value": "1"
                },
                {
                  "key": "min",
                  "value": "1"
                },
                {
                  "key": "isSensitiveData",
                  "value": "false"
                },
                {
                  "key": "enumeration",
                  "value": "FinancialDocumentERPStateMachineStates"
                }
              ],
              "behaviours": [],
              "description": null,
              "visibleFrom": "Mobile"
            }
          ],
          "helpText": "",
          "isHidden": false,
          "attributes": [
            {
              "key": "aggregationKind",
              "value": "Composite"
            },
            {
              "key": "isReadOnly",
              "value": "false"
            },
            {
              "key": "max",
              "value": "100"
            },
            {
              "key": "min",
              "value": "0"
            },
            {
              "key": "definition",
              "value": "FinancialDocumentHistory"
            },
            {
              "key": "isEditable",
              "value": "true"
            }
          ],
          "behaviours": [],
          "description": null,
          "visibleFrom": "Mobile"
        }
      ],
      "helpText": "",
      "isHidden": false,
      "attributes": [],
      "behaviours": [],
      "description": null,
      "visibleFrom": "Mobile"
    },
    {
      "row": 7,
      "name": "Description",
      "size": 12,
      "type": "WebComponent",
      "label": "${Texts.Observations}",
      "column": 1,
      "elements": [],
      "helpText": "",
      "isHidden": false,
      "attributes": [
        {
          "key": "webComponentName",
          "value": "TextArea"
        },
        {
          "key": "customElementName",
          "value": "omnia-textarea"
        },
        {
          "key": "mapping",
          "value": "_description"
        }
      ],
      "behaviours": [],
      "description": null,
      "visibleFrom": "Mobile"
    },
    {
      "row": 3,
      "name": "EmployeeName",
      "size": 4,
      "type": "Input",
      "label": "${Texts.Author}",
      "column": 5,
      "elements": [],
      "helpText": null,
      "isHidden": false,
      "attributes": [
        {
          "key": "aggregationKind",
          "value": "None"
        },
        {
          "key": "isReadOnly",
          "value": "true"
        },
        {
          "key": "max",
          "value": "1"
        },
        {
          "key": "min",
          "value": "1"
        },
        {
          "key": "isSensitiveData",
          "value": "false"
        },
        {
          "key": "formattingType",
          "value": "Text"
        }
      ],
      "behaviours": [],
      "description": null,
      "visibleFrom": null
    }
  ],
  "helpText": null,
  "attributes": [],
  "behaviours": [
    {
      "name": "Initialize",
      "type": "Initialize",
      "expression": "function setAllElementsAsReadOnly(elements) {\r\n\tfor (const element of Object.values(elements)) {\r\n\t\telement.attributes.isReadOnly = true;\r\n\r\n\t\tif (element.type.toUpperCase() === 'LIST' || Number(element.attributes.max) > 1) {\r\n\t\t\telement.attributes.addEntry = \"hidden\";\r\n\t\t\telement.attributes.removeEntry = \"hidden\";\r\n\t\t}\r\n\t}\r\n}\r\nsetAllElementsAsReadOnly(this._metadata.elements.approvalHistoryContainer.elements);\r\nsetAllElementsAsReadOnly(this._metadata.elements);\r\nthis.description.isReadOnly = true;\r\n\r\nthis._metadata.attributes.showHistoryOption = \"hidden\";\r\nthis._metadata.attributes.deleteOption = \"hidden\";\r\nthis._metadata.attributes.destroyOption = \"hidden\";\r\nthis._metadata.attributes.saveOption = \"hidden\";\r\n\r\n\r\n\r\nif(!this.currentApprover){\r\n    if(typeof this._metadata.attributes.decisionSelector !== 'undefined')\r\n    {\r\n        this._metadata.attributes.decisionSelector.isHidden = true;\r\n        //Limpar as decisões    \r\n        for (const element of Object.values(this._metadata.attributes.decisionSelector.elements)) \r\n            element.isHidden = true;\r\n    }\r\n}\r\n\r\n",
      "description": ""
    }
  ],
  "dataSource": "Primavera",
  "description": null
}