{
  "name": "OrganizationalUnitForm",
  "type": "Form",
  "label": "Organizational Unit",
  "entity": "OrganizationalUnit",
  "elements": [
    {
      "row": 1,
      "name": "_code",
      "size": 3,
      "type": "Input",
      "label": "${Texts.Code}",
      "column": 1,
      "elements": [],
      "helpText": null,
      "isHidden": false,
      "attributes": [
        {
          "key": "aggregationKind",
          "value": "None"
        },
        {
          "key": "isReadOnly",
          "value": "false"
        },
        {
          "key": "max",
          "value": "1"
        },
        {
          "key": "min",
          "value": "1"
        },
        {
          "key": "isSensitiveData",
          "value": "false"
        },
        {
          "key": "formattingType",
          "value": "Text"
        }
      ],
      "behaviours": [],
      "description": null,
      "visibleFrom": null
    },
    {
      "row": 1,
      "name": "_name",
      "size": 8,
      "type": "Input",
      "label": "${Texts.Name}",
      "column": 4,
      "elements": [],
      "helpText": null,
      "isHidden": false,
      "attributes": [
        {
          "key": "aggregationKind",
          "value": "None"
        },
        {
          "key": "isReadOnly",
          "value": "false"
        },
        {
          "key": "max",
          "value": "1"
        },
        {
          "key": "min",
          "value": "1"
        },
        {
          "key": "isSensitiveData",
          "value": "false"
        },
        {
          "key": "formattingType",
          "value": "Text"
        }
      ],
      "behaviours": [],
      "description": null,
      "visibleFrom": null
    },
    {
      "row": 1,
      "name": "_inactive",
      "size": 1,
      "type": "Input",
      "label": "${Texts.Inactive}",
      "column": 12,
      "elements": [],
      "helpText": null,
      "isHidden": false,
      "attributes": [
        {
          "key": "aggregationKind",
          "value": "None"
        },
        {
          "key": "isReadOnly",
          "value": "false"
        },
        {
          "key": "max",
          "value": "1"
        },
        {
          "key": "min",
          "value": "1"
        },
        {
          "key": "isSensitiveData",
          "value": "false"
        },
        {
          "key": "formattingType",
          "value": "Boolean"
        }
      ],
      "behaviours": [],
      "description": null,
      "visibleFrom": null
    },
    {
      "row": 3,
      "name": "Manager",
      "size": 2,
      "type": "ReferenceSelector",
      "label": "${Texts.Manager}",
      "column": 1,
      "elements": [],
      "helpText": null,
      "isHidden": false,
      "attributes": [
        {
          "key": "aggregationKind",
          "value": "Shared"
        },
        {
          "key": "isReadOnly",
          "value": "false"
        },
        {
          "key": "max",
          "value": "1"
        },
        {
          "key": "min",
          "value": "1"
        },
        {
          "key": "definition",
          "value": "Employee"
        }
      ],
      "behaviours": [],
      "description": null,
      "visibleFrom": null
    },
    {
      "row": 3,
      "name": "PurchasingManager",
      "size": 2,
      "type": "ReferenceSelector",
      "label": "${Texts.PurchasingManager}",
      "column": 6,
      "elements": [],
      "helpText": null,
      "isHidden": false,
      "attributes": [
        {
          "key": "aggregationKind",
          "value": "Shared"
        },
        {
          "key": "isReadOnly",
          "value": "false"
        },
        {
          "key": "max",
          "value": "1"
        },
        {
          "key": "min",
          "value": "0"
        },
        {
          "key": "definition",
          "value": "Employee"
        }
      ],
      "behaviours": [],
      "description": null,
      "visibleFrom": null
    },
    {
      "row": 3,
      "name": "ManagerName",
      "size": 4,
      "type": "Input",
      "label": "${Texts.Name}",
      "column": 2,
      "elements": [],
      "helpText": null,
      "isHidden": false,
      "attributes": [
        {
          "key": "aggregationKind",
          "value": "None"
        },
        {
          "key": "isReadOnly",
          "value": "true"
        },
        {
          "key": "max",
          "value": "1"
        },
        {
          "key": "min",
          "value": "1"
        },
        {
          "key": "isSensitiveData",
          "value": "false"
        },
        {
          "key": "formattingType",
          "value": "Text"
        }
      ],
      "behaviours": [],
      "description": null,
      "visibleFrom": null
    },
    {
      "row": 3,
      "name": "PurchasingManagerName",
      "size": 4,
      "type": "Input",
      "label": "${Texts.Name}",
      "column": 8,
      "elements": [],
      "helpText": null,
      "isHidden": false,
      "attributes": [
        {
          "key": "aggregationKind",
          "value": "None"
        },
        {
          "key": "isReadOnly",
          "value": "true"
        },
        {
          "key": "max",
          "value": "1"
        },
        {
          "key": "min",
          "value": "0"
        },
        {
          "key": "isSensitiveData",
          "value": "false"
        },
        {
          "key": "formattingType",
          "value": "Text"
        }
      ],
      "behaviours": [],
      "description": null,
      "visibleFrom": null
    },
    {
      "row": 6,
      "name": "RequisitionApprovalFlowContainer",
      "size": 12,
      "type": "Container",
      "label": "${Texts.RequisitionApprovalFlow}",
      "column": 1,
      "elements": [
        {
          "row": 1,
          "name": "RequisitionApprovalFlow",
          "size": 12,
          "type": "List",
          "label": "${Texts.EmptyString}",
          "column": 1,
          "elements": [
            {
              "row": 1,
              "name": "Order",
              "size": 1,
              "type": "Input",
              "label": "${Texts.Order}",
              "column": 12,
              "elements": [],
              "helpText": "",
              "isHidden": false,
              "attributes": [
                {
                  "key": "aggregationKind",
                  "value": "None"
                },
                {
                  "key": "isReadOnly",
                  "value": "false"
                },
                {
                  "key": "max",
                  "value": "1"
                },
                {
                  "key": "min",
                  "value": "1"
                },
                {
                  "key": "isSensitiveData",
                  "value": "false"
                },
                {
                  "key": "formattingType",
                  "value": "Integer"
                }
              ],
              "behaviours": [],
              "description": null,
              "visibleFrom": "Mobile"
            },
            {
              "row": 1,
              "name": "ApprovalProfile",
              "size": 2,
              "type": "ReferenceSelector",
              "label": "${Texts.ApprovalProfile}",
              "column": 1,
              "elements": [],
              "helpText": "",
              "isHidden": false,
              "attributes": [
                {
                  "key": "aggregationKind",
                  "value": "Shared"
                },
                {
                  "key": "isReadOnly",
                  "value": "false"
                },
                {
                  "key": "max",
                  "value": "1"
                },
                {
                  "key": "min",
                  "value": "1"
                },
                {
                  "key": "definition",
                  "value": "ApprovalProfiles"
                }
              ],
              "behaviours": [],
              "description": null,
              "visibleFrom": "Mobile"
            },
            {
              "row": 1,
              "name": "_name",
              "size": 7,
              "type": "Input",
              "label": "${Texts.Description}",
              "column": 3,
              "elements": [],
              "helpText": "",
              "isHidden": false,
              "attributes": [
                {
                  "key": "aggregationKind",
                  "value": "None"
                },
                {
                  "key": "isReadOnly",
                  "value": "true"
                },
                {
                  "key": "max",
                  "value": "1"
                },
                {
                  "key": "min",
                  "value": "1"
                },
                {
                  "key": "isSensitiveData",
                  "value": "false"
                },
                {
                  "key": "formattingType",
                  "value": "Text"
                }
              ],
              "behaviours": [],
              "description": null,
              "visibleFrom": "Mobile"
            },
            {
              "row": 1,
              "name": "Amount",
              "size": 2,
              "type": "Input",
              "label": "${Texts.Amount}",
              "column": 9,
              "elements": [],
              "helpText": "",
              "isHidden": false,
              "attributes": [
                {
                  "key": "aggregationKind",
                  "value": "None"
                },
                {
                  "key": "isReadOnly",
                  "value": "false"
                },
                {
                  "key": "max",
                  "value": "1"
                },
                {
                  "key": "min",
                  "value": "1"
                },
                {
                  "key": "isSensitiveData",
                  "value": "false"
                },
                {
                  "key": "formattingType",
                  "value": "Decimal"
                }
              ],
              "behaviours": [],
              "description": null,
              "visibleFrom": "Mobile"
            }
          ],
          "helpText": "",
          "isHidden": false,
          "attributes": [
            {
              "key": "aggregationKind",
              "value": "Composite"
            },
            {
              "key": "isReadOnly",
              "value": "false"
            },
            {
              "key": "max",
              "value": "100"
            },
            {
              "key": "min",
              "value": "0"
            },
            {
              "key": "definition",
              "value": "ApprovalFlowItem"
            },
            {
              "key": "isEditable",
              "value": "true"
            }
          ],
          "behaviours": [],
          "description": null,
          "visibleFrom": "Mobile"
        }
      ],
      "helpText": "",
      "isHidden": false,
      "attributes": [],
      "behaviours": [],
      "description": null,
      "visibleFrom": "Mobile"
    },
    {
      "row": 8,
      "name": "QuotationsApprovalFlowContainer",
      "size": 12,
      "type": "Container",
      "label": "${Texts.QuotationsApprovalFlow}",
      "column": 1,
      "elements": [
        {
          "row": 0,
          "name": "QuotationsApprovalFlow",
          "size": 12,
          "type": "List",
          "label": "${Texts.EmptyString}",
          "column": 1,
          "elements": [
            {
              "row": 1,
              "name": "Order",
              "size": 1,
              "type": "Input",
              "label": "${Texts.Order}",
              "column": 12,
              "elements": [],
              "helpText": "",
              "isHidden": false,
              "attributes": [
                {
                  "key": "aggregationKind",
                  "value": "None"
                },
                {
                  "key": "isReadOnly",
                  "value": "false"
                },
                {
                  "key": "max",
                  "value": "1"
                },
                {
                  "key": "min",
                  "value": "1"
                },
                {
                  "key": "isSensitiveData",
                  "value": "false"
                },
                {
                  "key": "formattingType",
                  "value": "Integer"
                }
              ],
              "behaviours": [],
              "description": null,
              "visibleFrom": "Mobile"
            },
            {
              "row": 1,
              "name": "ApprovalProfile",
              "size": 2,
              "type": "ReferenceSelector",
              "label": "${Texts.ApprovalProfile}",
              "column": 1,
              "elements": [],
              "helpText": "",
              "isHidden": false,
              "attributes": [
                {
                  "key": "aggregationKind",
                  "value": "Shared"
                },
                {
                  "key": "isReadOnly",
                  "value": "false"
                },
                {
                  "key": "max",
                  "value": "1"
                },
                {
                  "key": "min",
                  "value": "1"
                },
                {
                  "key": "definition",
                  "value": "ApprovalProfiles"
                }
              ],
              "behaviours": [],
              "description": null,
              "visibleFrom": "Mobile"
            },
            {
              "row": 1,
              "name": "_name",
              "size": 7,
              "type": "Input",
              "label": "${Texts.Description}",
              "column": 3,
              "elements": [],
              "helpText": "",
              "isHidden": false,
              "attributes": [
                {
                  "key": "aggregationKind",
                  "value": "None"
                },
                {
                  "key": "isReadOnly",
                  "value": "true"
                },
                {
                  "key": "max",
                  "value": "1"
                },
                {
                  "key": "min",
                  "value": "1"
                },
                {
                  "key": "isSensitiveData",
                  "value": "false"
                },
                {
                  "key": "formattingType",
                  "value": "Text"
                }
              ],
              "behaviours": [],
              "description": null,
              "visibleFrom": "Mobile"
            },
            {
              "row": 1,
              "name": "Amount",
              "size": 2,
              "type": "Input",
              "label": "${Texts.Amount}",
              "column": 9,
              "elements": [],
              "helpText": "",
              "isHidden": false,
              "attributes": [
                {
                  "key": "aggregationKind",
                  "value": "None"
                },
                {
                  "key": "isReadOnly",
                  "value": "false"
                },
                {
                  "key": "max",
                  "value": "1"
                },
                {
                  "key": "min",
                  "value": "1"
                },
                {
                  "key": "isSensitiveData",
                  "value": "false"
                },
                {
                  "key": "formattingType",
                  "value": "Decimal"
                }
              ],
              "behaviours": [],
              "description": null,
              "visibleFrom": "Mobile"
            }
          ],
          "helpText": "",
          "isHidden": false,
          "attributes": [
            {
              "key": "aggregationKind",
              "value": "Composite"
            },
            {
              "key": "isReadOnly",
              "value": "false"
            },
            {
              "key": "max",
              "value": "100"
            },
            {
              "key": "min",
              "value": "0"
            },
            {
              "key": "definition",
              "value": "ApprovalFlowItem"
            },
            {
              "key": "isEditable",
              "value": "true"
            }
          ],
          "behaviours": [],
          "description": null,
          "visibleFrom": "Mobile"
        }
      ],
      "helpText": "",
      "isHidden": false,
      "attributes": [],
      "behaviours": [],
      "description": null,
      "visibleFrom": "Mobile"
    },
    {
      "row": 10,
      "name": "PaymentApprovalFlowContainer",
      "size": 12,
      "type": "Container",
      "label": "${Texts.PaymentApprovalFlow}",
      "column": 1,
      "elements": [
        {
          "row": 1,
          "name": "PaymentApprovalFlow",
          "size": 12,
          "type": "List",
          "label": "${Texts.EmptyString}",
          "column": 1,
          "elements": [
            {
              "row": 1,
              "name": "Order",
              "size": 1,
              "type": "Input",
              "label": "${Texts.Order}",
              "column": 12,
              "elements": [],
              "helpText": "",
              "isHidden": false,
              "attributes": [
                {
                  "key": "aggregationKind",
                  "value": "None"
                },
                {
                  "key": "isReadOnly",
                  "value": "false"
                },
                {
                  "key": "max",
                  "value": "1"
                },
                {
                  "key": "min",
                  "value": "1"
                },
                {
                  "key": "isSensitiveData",
                  "value": "false"
                },
                {
                  "key": "formattingType",
                  "value": "Integer"
                }
              ],
              "behaviours": [],
              "description": null,
              "visibleFrom": "Mobile"
            },
            {
              "row": 1,
              "name": "ApprovalProfile",
              "size": 2,
              "type": "ReferenceSelector",
              "label": "${Texts.ApprovalProfile}",
              "column": 1,
              "elements": [],
              "helpText": "",
              "isHidden": false,
              "attributes": [
                {
                  "key": "aggregationKind",
                  "value": "Shared"
                },
                {
                  "key": "isReadOnly",
                  "value": "false"
                },
                {
                  "key": "max",
                  "value": "1"
                },
                {
                  "key": "min",
                  "value": "1"
                },
                {
                  "key": "definition",
                  "value": "ApprovalProfiles"
                }
              ],
              "behaviours": [],
              "description": null,
              "visibleFrom": "Mobile"
            },
            {
              "row": 1,
              "name": "_name",
              "size": 7,
              "type": "Input",
              "label": "${Texts.Description}",
              "column": 3,
              "elements": [],
              "helpText": "",
              "isHidden": false,
              "attributes": [
                {
                  "key": "aggregationKind",
                  "value": "None"
                },
                {
                  "key": "isReadOnly",
                  "value": "true"
                },
                {
                  "key": "max",
                  "value": "1"
                },
                {
                  "key": "min",
                  "value": "1"
                },
                {
                  "key": "isSensitiveData",
                  "value": "false"
                },
                {
                  "key": "formattingType",
                  "value": "Text"
                }
              ],
              "behaviours": [],
              "description": null,
              "visibleFrom": "Mobile"
            },
            {
              "row": 1,
              "name": "Amount",
              "size": 2,
              "type": "Input",
              "label": "${Texts.Amount}",
              "column": 9,
              "elements": [],
              "helpText": "",
              "isHidden": false,
              "attributes": [
                {
                  "key": "aggregationKind",
                  "value": "None"
                },
                {
                  "key": "isReadOnly",
                  "value": "false"
                },
                {
                  "key": "max",
                  "value": "1"
                },
                {
                  "key": "min",
                  "value": "1"
                },
                {
                  "key": "isSensitiveData",
                  "value": "false"
                },
                {
                  "key": "formattingType",
                  "value": "Decimal"
                }
              ],
              "behaviours": [],
              "description": null,
              "visibleFrom": "Mobile"
            }
          ],
          "helpText": "",
          "isHidden": false,
          "attributes": [
            {
              "key": "aggregationKind",
              "value": "Composite"
            },
            {
              "key": "isReadOnly",
              "value": "false"
            },
            {
              "key": "max",
              "value": "100"
            },
            {
              "key": "min",
              "value": "0"
            },
            {
              "key": "definition",
              "value": "ApprovalFlowItem"
            },
            {
              "key": "isEditable",
              "value": "true"
            }
          ],
          "behaviours": [],
          "description": null,
          "visibleFrom": "Mobile"
        }
      ],
      "helpText": "",
      "isHidden": false,
      "attributes": [],
      "behaviours": [],
      "description": null,
      "visibleFrom": "Mobile"
    }
  ],
  "helpText": null,
  "attributes": [],
  "behaviours": [
    {
      "name": "Initialize",
      "type": "Initialize",
      "expression": "if(this._code === null){\r\n    this._metadata.elements.requisitionApprovalFlowContainer.attributes.isOpen = true;\r\n    this._metadata.elements.quotationsApprovalFlowContainer.attributes.isOpen = true;\r\n    this._metadata.elements.paymentApprovalFlowContainer.attributes.isOpen = true;\r\n}\r\nconst source = new URLSearchParams(window.location.search).get('source');\r\nif (source !== null)\r\n{\r\n    this.paymentApprovalFlow = [];\r\n\tthis.quotationsApprovalFlow = [];\r\n\tthis.requisitionApprovalFlow = [];\r\n \tcopyEntity(this,source);\r\n}\r\n    \r\nfunction copyEntity(main,id){\r\n\tconst apiClient = main._context.createApiHttpClient();\r\n\tapiClient.doGet(`/api/v1/${main._context.tenant.code}/${main._context.tenant.environmentCode}/application/OrganizationalUnit/default/${id}` , {\r\n\t\t}).then(response => {\r\n\t\t\tif (response !== null && response.data !== null){\r\n\t\t\t\tmain.requisitionApprovalFlow = response.data.requisitionApprovalFlow;\r\n\t\t\t\tmain.quotationsApprovalFlow = response.data.quotationsApprovalFlow;\r\n\t\t\t\tmain.paymentApprovalFlow = response.data.paymentApprovalFlow;\r\n\t\t\t}            \r\n\t\t});\t\r\n}",
      "description": ""
    }
  ],
  "dataSource": "System",
  "description": null
}