{
  "name": "QuoteRequestsForm",
  "type": "Form",
  "label": "Quote Requests",
  "entity": "QuoteRequests",
  "elements": [
    {
      "row": 0,
      "name": "DocStatus",
      "size": 1,
      "type": "Input",
      "label": "${Texts.DocStatus}",
      "column": 1,
      "elements": [],
      "helpText": "",
      "isHidden": true,
      "attributes": [
        {
          "key": "aggregationKind",
          "value": "None"
        },
        {
          "key": "isReadOnly",
          "value": "false"
        },
        {
          "key": "max",
          "value": "1"
        },
        {
          "key": "min",
          "value": "0"
        },
        {
          "key": "isSensitiveData",
          "value": "false"
        },
        {
          "key": "formattingType",
          "value": "Boolean"
        }
      ],
      "behaviours": [],
      "description": null,
      "visibleFrom": "Mobile"
    },
    {
      "row": 1,
      "name": "Requisition",
      "size": 4,
      "type": "Input",
      "label": "${Texts.Requisition}",
      "column": 5,
      "elements": [],
      "helpText": null,
      "isHidden": false,
      "attributes": [
        {
          "key": "aggregationKind",
          "value": "None"
        },
        {
          "key": "isReadOnly",
          "value": "true"
        },
        {
          "key": "max",
          "value": "1"
        },
        {
          "key": "min",
          "value": "1"
        },
        {
          "key": "isSensitiveData",
          "value": "false"
        },
        {
          "key": "formattingType",
          "value": "Text"
        },
        {
          "key": "maximumLength",
          "value": "null"
        },
        {
          "key": "minimumLength",
          "value": "0"
        }
      ],
      "behaviours": [],
      "description": null,
      "visibleFrom": null
    },
    {
      "row": 1,
      "name": "TotalMercServ",
      "size": 4,
      "type": "Input",
      "label": "${Texts.TotalMercServText}",
      "column": 8,
      "elements": [],
      "helpText": null,
      "isHidden": false,
      "attributes": [
        {
          "key": "aggregationKind",
          "value": "None"
        },
        {
          "key": "isReadOnly",
          "value": "true"
        },
        {
          "key": "max",
          "value": "1"
        },
        {
          "key": "min",
          "value": "1"
        },
        {
          "key": "isSensitiveData",
          "value": "false"
        },
        {
          "key": "formattingType",
          "value": "Decimal"
        }
      ],
      "behaviours": [],
      "description": null,
      "visibleFrom": null
    },
    {
      "row": 1,
      "name": "_code",
      "size": 4,
      "type": "Input",
      "label": "${Texts.Code}",
      "column": 1,
      "elements": [],
      "helpText": "",
      "isHidden": false,
      "attributes": [
        {
          "key": "aggregationKind",
          "value": "None"
        },
        {
          "key": "isReadOnly",
          "value": "true"
        },
        {
          "key": "max",
          "value": "1"
        },
        {
          "key": "min",
          "value": "1"
        },
        {
          "key": "isSensitiveData",
          "value": "false"
        },
        {
          "key": "formattingType",
          "value": "Text"
        },
        {
          "key": "maximumLength",
          "value": "null"
        },
        {
          "key": "minimumLength",
          "value": "0"
        }
      ],
      "behaviours": [],
      "description": null,
      "visibleFrom": "Mobile"
    },
    {
      "row": 2,
      "name": "Date",
      "size": 4,
      "type": "Input",
      "label": "${Texts.DateText}",
      "column": 4,
      "elements": [],
      "helpText": null,
      "isHidden": false,
      "attributes": [
        {
          "key": "aggregationKind",
          "value": "None"
        },
        {
          "key": "isReadOnly",
          "value": "true"
        },
        {
          "key": "max",
          "value": "1"
        },
        {
          "key": "min",
          "value": "1"
        },
        {
          "key": "isSensitiveData",
          "value": "false"
        },
        {
          "key": "formattingType",
          "value": "Date"
        }
      ],
      "behaviours": [],
      "description": null,
      "visibleFrom": null
    },
    {
      "row": 2,
      "name": "TotalDiscount",
      "size": 4,
      "type": "Input",
      "label": "${Texts.TotalDiscountText}",
      "column": 8,
      "elements": [],
      "helpText": null,
      "isHidden": false,
      "attributes": [
        {
          "key": "aggregationKind",
          "value": "None"
        },
        {
          "key": "isReadOnly",
          "value": "true"
        },
        {
          "key": "max",
          "value": "1"
        },
        {
          "key": "min",
          "value": "1"
        },
        {
          "key": "isSensitiveData",
          "value": "false"
        },
        {
          "key": "formattingType",
          "value": "Decimal"
        }
      ],
      "behaviours": [],
      "description": null,
      "visibleFrom": null
    },
    {
      "row": 2,
      "name": "Supplier",
      "size": 4,
      "type": "ReferenceSelector",
      "label": "${Texts.Supplier}",
      "column": 1,
      "elements": [],
      "helpText": null,
      "isHidden": false,
      "attributes": [
        {
          "key": "aggregationKind",
          "value": "Shared"
        },
        {
          "key": "isReadOnly",
          "value": "false"
        },
        {
          "key": "max",
          "value": "1"
        },
        {
          "key": "min",
          "value": "1"
        },
        {
          "key": "definition",
          "value": "Supplier"
        },
        {
          "key": "dependsOnAttribute",
          "value": "Primavera"
        }
      ],
      "behaviours": [],
      "description": null,
      "visibleFrom": null
    },
    {
      "row": 3,
      "name": "TotalTax",
      "size": 4,
      "type": "Input",
      "label": "${Texts.TotalTaxText}",
      "column": 8,
      "elements": [],
      "helpText": null,
      "isHidden": false,
      "attributes": [
        {
          "key": "aggregationKind",
          "value": "None"
        },
        {
          "key": "isReadOnly",
          "value": "true"
        },
        {
          "key": "max",
          "value": "1"
        },
        {
          "key": "min",
          "value": "1"
        },
        {
          "key": "isSensitiveData",
          "value": "false"
        },
        {
          "key": "formattingType",
          "value": "Decimal"
        }
      ],
      "behaviours": [],
      "description": null,
      "visibleFrom": null
    },
    {
      "row": 3,
      "name": "SupplierName",
      "size": 4,
      "type": "Input",
      "label": "${Texts.SupplierNameText}",
      "column": 1,
      "elements": [],
      "helpText": null,
      "isHidden": false,
      "attributes": [
        {
          "key": "aggregationKind",
          "value": "None"
        },
        {
          "key": "isReadOnly",
          "value": "true"
        },
        {
          "key": "max",
          "value": "1"
        },
        {
          "key": "min",
          "value": "1"
        },
        {
          "key": "isSensitiveData",
          "value": "false"
        },
        {
          "key": "formattingType",
          "value": "Text"
        },
        {
          "key": "maximumLength",
          "value": "null"
        },
        {
          "key": "minimumLength",
          "value": "0"
        }
      ],
      "behaviours": [],
      "description": null,
      "visibleFrom": null
    },
    {
      "row": 3,
      "name": "BaseDiscount",
      "size": 4,
      "type": "Input",
      "label": "${Texts.BaseDiscountText}",
      "column": 4,
      "elements": [],
      "helpText": null,
      "isHidden": false,
      "attributes": [
        {
          "key": "aggregationKind",
          "value": "None"
        },
        {
          "key": "isReadOnly",
          "value": "true"
        },
        {
          "key": "max",
          "value": "1"
        },
        {
          "key": "min",
          "value": "1"
        },
        {
          "key": "isSensitiveData",
          "value": "false"
        },
        {
          "key": "formattingType",
          "value": "Decimal"
        }
      ],
      "behaviours": [],
      "description": null,
      "visibleFrom": null
    },
    {
      "row": 4,
      "name": "SupplierDiscount",
      "size": 4,
      "type": "Input",
      "label": "${Texts.SupplierDiscountText}",
      "column": 5,
      "elements": [],
      "helpText": null,
      "isHidden": false,
      "attributes": [
        {
          "key": "aggregationKind",
          "value": "None"
        },
        {
          "key": "isReadOnly",
          "value": "false"
        },
        {
          "key": "max",
          "value": "1"
        },
        {
          "key": "min",
          "value": "1"
        },
        {
          "key": "isSensitiveData",
          "value": "false"
        },
        {
          "key": "formattingType",
          "value": "Decimal"
        }
      ],
      "behaviours": [],
      "description": null,
      "visibleFrom": null
    },
    {
      "row": 4,
      "name": "TotalDoc",
      "size": 4,
      "type": "Input",
      "label": "${Texts.TotalDocText}",
      "column": 8,
      "elements": [],
      "helpText": null,
      "isHidden": false,
      "attributes": [
        {
          "key": "aggregationKind",
          "value": "None"
        },
        {
          "key": "isReadOnly",
          "value": "true"
        },
        {
          "key": "max",
          "value": "1"
        },
        {
          "key": "min",
          "value": "1"
        },
        {
          "key": "isSensitiveData",
          "value": "false"
        },
        {
          "key": "formattingType",
          "value": "Decimal"
        }
      ],
      "behaviours": [],
      "description": null,
      "visibleFrom": null
    },
    {
      "row": 6,
      "name": "Items",
      "size": 12,
      "type": "List",
      "label": "${Texts.Items}",
      "column": 1,
      "elements": [
        {
          "row": 1,
          "name": "_name",
          "size": 3,
          "type": "Input",
          "label": "${Texts.Description}",
          "column": 2,
          "elements": [],
          "helpText": null,
          "isHidden": false,
          "attributes": [
            {
              "key": "aggregationKind",
              "value": "None"
            },
            {
              "key": "isReadOnly",
              "value": "true"
            },
            {
              "key": "max",
              "value": "1"
            },
            {
              "key": "min",
              "value": "1"
            },
            {
              "key": "isSensitiveData",
              "value": "false"
            },
            {
              "key": "formattingType",
              "value": "Text"
            },
            {
              "key": "maximumLength",
              "value": "null"
            },
            {
              "key": "minimumLength",
              "value": "0"
            }
          ],
          "behaviours": [],
          "description": null,
          "visibleFrom": null
        },
        {
          "row": 1,
          "name": "Quantity",
          "size": 1,
          "type": "Input",
          "label": "${Texts.Quantity}",
          "column": 4,
          "elements": [],
          "helpText": null,
          "isHidden": false,
          "attributes": [
            {
              "key": "aggregationKind",
              "value": "None"
            },
            {
              "key": "isReadOnly",
              "value": "true"
            },
            {
              "key": "max",
              "value": "1"
            },
            {
              "key": "min",
              "value": "1"
            },
            {
              "key": "isSensitiveData",
              "value": "false"
            },
            {
              "key": "formattingType",
              "value": "Decimal"
            }
          ],
          "behaviours": [],
          "description": null,
          "visibleFrom": null
        },
        {
          "row": 1,
          "name": "Amount",
          "size": 2,
          "type": "Input",
          "label": "${Texts.BasePriceText}",
          "column": 6,
          "elements": [],
          "helpText": null,
          "isHidden": false,
          "attributes": [
            {
              "key": "aggregationKind",
              "value": "None"
            },
            {
              "key": "isReadOnly",
              "value": "true"
            },
            {
              "key": "max",
              "value": "1"
            },
            {
              "key": "min",
              "value": "1"
            },
            {
              "key": "isSensitiveData",
              "value": "false"
            },
            {
              "key": "formattingType",
              "value": "Decimal"
            }
          ],
          "behaviours": [],
          "description": null,
          "visibleFrom": null
        },
        {
          "row": 1,
          "name": "DeliveryDate",
          "size": 2,
          "type": "Input",
          "label": "${Texts.DeliveryDate}",
          "column": 8,
          "elements": [],
          "helpText": null,
          "isHidden": false,
          "attributes": [
            {
              "key": "aggregationKind",
              "value": "None"
            },
            {
              "key": "isReadOnly",
              "value": "true"
            },
            {
              "key": "max",
              "value": "1"
            },
            {
              "key": "min",
              "value": "1"
            },
            {
              "key": "isSensitiveData",
              "value": "false"
            },
            {
              "key": "formattingType",
              "value": "Date"
            }
          ],
          "behaviours": [],
          "description": null,
          "visibleFrom": null
        },
        {
          "row": 1,
          "name": "Total",
          "size": 2,
          "type": "Input",
          "label": "${Texts.Total}",
          "column": 10,
          "elements": [],
          "helpText": "",
          "isHidden": false,
          "attributes": [
            {
              "key": "aggregationKind",
              "value": "None"
            },
            {
              "key": "isReadOnly",
              "value": "true"
            },
            {
              "key": "max",
              "value": "1"
            },
            {
              "key": "min",
              "value": "1"
            },
            {
              "key": "isSensitiveData",
              "value": "false"
            },
            {
              "key": "formattingType",
              "value": "Decimal"
            }
          ],
          "behaviours": [],
          "description": null,
          "visibleFrom": "Mobile"
        },
        {
          "row": 1,
          "name": "DeliveryDateSupplier",
          "size": 2,
          "type": "Input",
          "label": "${Texts.DeliveryDate}",
          "column": 17,
          "elements": [],
          "helpText": "",
          "isHidden": false,
          "attributes": [
            {
              "key": "aggregationKind",
              "value": "None"
            },
            {
              "key": "isReadOnly",
              "value": "false"
            },
            {
              "key": "max",
              "value": "1"
            },
            {
              "key": "min",
              "value": "1"
            },
            {
              "key": "isSensitiveData",
              "value": "false"
            },
            {
              "key": "formattingType",
              "value": "Date"
            }
          ],
          "behaviours": [],
          "description": null,
          "visibleFrom": "Mobile"
        },
        {
          "row": 1,
          "name": "QuantitySupplier",
          "size": 1,
          "type": "Input",
          "label": "${Texts.QuantitySupplier}",
          "column": 15,
          "elements": [],
          "helpText": "",
          "isHidden": true,
          "attributes": [
            {
              "key": "aggregationKind",
              "value": "None"
            },
            {
              "key": "isReadOnly",
              "value": "true"
            },
            {
              "key": "max",
              "value": "1"
            },
            {
              "key": "min",
              "value": "1"
            },
            {
              "key": "isSensitiveData",
              "value": "false"
            },
            {
              "key": "formattingType",
              "value": "Decimal"
            }
          ],
          "behaviours": [],
          "description": null,
          "visibleFrom": "Mobile"
        },
        {
          "row": 1,
          "name": "AmountSupplier",
          "size": 1,
          "type": "Input",
          "label": "${Texts.Amount}",
          "column": 16,
          "elements": [],
          "helpText": "",
          "isHidden": false,
          "attributes": [
            {
              "key": "aggregationKind",
              "value": "None"
            },
            {
              "key": "isReadOnly",
              "value": "false"
            },
            {
              "key": "max",
              "value": "1"
            },
            {
              "key": "min",
              "value": "1"
            },
            {
              "key": "isSensitiveData",
              "value": "false"
            },
            {
              "key": "formattingType",
              "value": "Decimal"
            }
          ],
          "behaviours": [],
          "description": null,
          "visibleFrom": "Mobile"
        },
        {
          "row": 1,
          "name": "TotalSupplier",
          "size": 2,
          "type": "Input",
          "label": "${Texts.Total}",
          "column": 18,
          "elements": [],
          "helpText": "",
          "isHidden": false,
          "attributes": [
            {
              "key": "aggregationKind",
              "value": "None"
            },
            {
              "key": "isReadOnly",
              "value": "true"
            },
            {
              "key": "max",
              "value": "1"
            },
            {
              "key": "min",
              "value": "1"
            },
            {
              "key": "isSensitiveData",
              "value": "false"
            },
            {
              "key": "formattingType",
              "value": "Decimal"
            }
          ],
          "behaviours": [],
          "description": null,
          "visibleFrom": "Mobile"
        },
        {
          "row": 1,
          "name": "Discount",
          "size": 1,
          "type": "Input",
          "label": "${Texts.DiscountText}",
          "column": 15,
          "elements": [],
          "helpText": "",
          "isHidden": false,
          "attributes": [
            {
              "key": "aggregationKind",
              "value": "None"
            },
            {
              "key": "isReadOnly",
              "value": "false"
            },
            {
              "key": "max",
              "value": "1"
            },
            {
              "key": "min",
              "value": "1"
            },
            {
              "key": "isSensitiveData",
              "value": "false"
            },
            {
              "key": "formattingType",
              "value": "Integer"
            }
          ],
          "behaviours": [],
          "description": null,
          "visibleFrom": "Mobile"
        },
        {
          "row": 1,
          "name": "BaseDiscount",
          "size": 2,
          "type": "Input",
          "label": "${Texts.BaseDiscountText}",
          "column": 7,
          "elements": [],
          "helpText": "",
          "isHidden": false,
          "attributes": [
            {
              "key": "aggregationKind",
              "value": "None"
            },
            {
              "key": "isReadOnly",
              "value": "true"
            },
            {
              "key": "max",
              "value": "1"
            },
            {
              "key": "min",
              "value": "1"
            },
            {
              "key": "isSensitiveData",
              "value": "false"
            },
            {
              "key": "formattingType",
              "value": "Decimal"
            }
          ],
          "behaviours": [],
          "description": null,
          "visibleFrom": "Mobile"
        },
        {
          "row": 1,
          "name": "Unit",
          "size": 1,
          "type": "Input",
          "label": "${Texts.UN}",
          "column": 5,
          "elements": [],
          "helpText": "",
          "isHidden": false,
          "attributes": [
            {
              "key": "aggregationKind",
              "value": "None"
            },
            {
              "key": "isReadOnly",
              "value": "true"
            },
            {
              "key": "max",
              "value": "1"
            },
            {
              "key": "min",
              "value": "1"
            },
            {
              "key": "isSensitiveData",
              "value": "false"
            },
            {
              "key": "formattingType",
              "value": "Text"
            },
            {
              "key": "maximumLength",
              "value": "null"
            },
            {
              "key": "minimumLength",
              "value": "0"
            }
          ],
          "behaviours": [],
          "description": null,
          "visibleFrom": "Mobile"
        },
        {
          "row": 1,
          "name": "VATTax",
          "size": 2,
          "type": "Input",
          "label": "% ${Texts.VAT}",
          "column": 11,
          "elements": [],
          "helpText": "",
          "isHidden": false,
          "attributes": [
            {
              "key": "aggregationKind",
              "value": "None"
            },
            {
              "key": "isReadOnly",
              "value": "true"
            },
            {
              "key": "max",
              "value": "1"
            },
            {
              "key": "min",
              "value": "1"
            },
            {
              "key": "isSensitiveData",
              "value": "false"
            },
            {
              "key": "formattingType",
              "value": "Decimal"
            }
          ],
          "behaviours": [],
          "description": null,
          "visibleFrom": "Mobile"
        },
        {
          "row": 1,
          "name": "_code",
          "size": 1,
          "type": "Input",
          "label": "${Texts.Item}",
          "column": 1,
          "elements": [],
          "helpText": "",
          "isHidden": false,
          "attributes": [
            {
              "key": "aggregationKind",
              "value": "None"
            },
            {
              "key": "isReadOnly",
              "value": "true"
            },
            {
              "key": "max",
              "value": "1"
            },
            {
              "key": "min",
              "value": "1"
            },
            {
              "key": "isSensitiveData",
              "value": "false"
            },
            {
              "key": "formattingType",
              "value": "Text"
            },
            {
              "key": "maximumLength",
              "value": "null"
            },
            {
              "key": "minimumLength",
              "value": "0"
            }
          ],
          "behaviours": [],
          "description": null,
          "visibleFrom": "Mobile"
        }
      ],
      "helpText": null,
      "isHidden": false,
      "attributes": [
        {
          "key": "aggregationKind",
          "value": "Composite"
        },
        {
          "key": "isReadOnly",
          "value": "false"
        },
        {
          "key": "max",
          "value": "100"
        },
        {
          "key": "min",
          "value": "0"
        },
        {
          "key": "definition",
          "value": "QuoteRequestItems"
        },
        {
          "key": "isEditable",
          "value": "true"
        }
      ],
      "behaviours": [],
      "description": null,
      "visibleFrom": null
    },
    {
      "row": 7,
      "name": "Filial",
      "size": 6,
      "type": "Input",
      "label": "${Texts.Filial}",
      "column": 1,
      "elements": [],
      "helpText": null,
      "isHidden": true,
      "attributes": [
        {
          "key": "aggregationKind",
          "value": "None"
        },
        {
          "key": "isReadOnly",
          "value": "true"
        },
        {
          "key": "max",
          "value": "1"
        },
        {
          "key": "min",
          "value": "0"
        },
        {
          "key": "isSensitiveData",
          "value": "false"
        },
        {
          "key": "formattingType",
          "value": "Text"
        },
        {
          "key": "maximumLength",
          "value": "null"
        },
        {
          "key": "minimumLength",
          "value": "0"
        }
      ],
      "behaviours": [],
      "description": null,
      "visibleFrom": null
    }
  ],
  "helpText": null,
  "attributes": [],
  "behaviours": [
    {
      "name": "Initialize",
      "type": "Initialize",
      "expression": "this._metadata.elements.items.attributes.addEntry = \"hidden\";\nthis._metadata.elements.items.attributes.removeEntry = \"hidden\";\n\n//Block Supplier if Quote Request has a specified Supplier\nif (this.supplier)\n{\n    this._metadata.elements.supplier.attributes.isReadOnly = true;\n}\n\n//Block Supplier if not in role Administration or FinancialAdministration\nif ((this._context.authentication.userIsInRole('Contributor') && (!this._context.authentication.userIsInRole('Administration') || !this._context.authentication.userIsInRole('FinancialAdministration'))) || this._context.authentication.userIsInRole('Supplier')) \n{\n    this._metadata.elements.supplier.attributes.isReadOnly = true;\n}\n\n\nthis._metadata.elements.items.elements.amount.attributes.isDetails = true;\nthis._metadata.elements.items.elements.baseDiscount.attributes.isDetails = true;\nthis._metadata.elements.items.elements.deliveryDate.attributes.isDetails = true;\nthis._metadata.elements.items.elements.total.attributes.isDetails = true;\nthis._metadata.elements.items.elements.vatTax.attributes.isDetails = true;\n    \nthis._metadata.elements.items.elements.amount.column = 1;\nthis._metadata.elements.items.elements.baseDiscount.column = 2;\nthis._metadata.elements.items.elements.deliveryDate.column = 3;\nthis._metadata.elements.items.elements.total.column = 4;\nthis._metadata.elements.items.elements.vatTax.column = 5;\n\nfor(const line of this.items)\n{\n    line._metadata.elements.amount.attributes.isDetails = true;\n    line._metadata.elements.baseDiscount.attributes.isDetails = true;\n    line._metadata.elements.deliveryDate.attributes.isDetails = true;\n    line._metadata.elements.total.attributes.isDetails = true;\n    line._metadata.elements.vatTax.attributes.isDetails = true;\n    \n    line._metadata.elements.amount.column = 1;\n    line._metadata.elements.baseDiscount.column = 2;\n    line._metadata.elements.deliveryDate.column = 3;\n    line._metadata.elements.total.column = 4;\n    line._metadata.elements.vatTax.column = 5;\n    \n}\n\n//***************************************************        \n        //Validar se o utilizador pode ou não alterar\n        function setAllElementsAsReadOnly(elements) {\n            for (const element of Object.values(elements)) {\n                element.attributes.isReadOnly = true;\n\n                if (element.type.toUpperCase() === 'LIST' || Number(element.attributes.max) > 1) {\n                    element.attributes.addEntry = \"hidden\";\n                    element.attributes.removeEntry = \"hidden\";\n                }\n            }\n        }\n\n        function DisableInterface(main) {\n            setAllElementsAsReadOnly(main._metadata.elements);\n            for (const line of main.items) {\n                const lineMetadata = line._metadata;\n                setAllElementsAsReadOnly(lineMetadata.elements);\n            }\n\n            if (main._metadata.attributes.decisionSelector !== null && main._metadata.attributes.decisionSelector !== undefined) {\n                main._metadata.attributes.decisionSelector.isHidden = true;\n                //Limpar as decisões    \n                for (const element of Object.values(main._metadata.attributes.decisionSelector.elements))\n                    element.isHidden = true;\n            }\n\n            main._metadata.attributes.deleteOption = \"hidden\";\n            main._metadata.attributes.destroyOption = \"hidden\";\n            main._metadata.attributes.saveOption = \"hidden\";\n\n        }\n\n        if (this.docStatus)\n        {\n            DisableInterface(this);\n        }",
      "description": ""
    }
  ],
  "dataSource": "Primavera",
  "description": null
}