{
  "name": "ApprovalProfilesUpdateERP",
  "dataSource": "Primavera",
  "expression": "if (!args.ContainsKey(\"entity\"))\r\n    throw new Exception(PrimaveraApplicationBehaviours.Primavera_GetText(new Dictionary<string, object>{\r\n            {\"name\",\"ArgumentNotSpecified\"},\r\n            {\"language\",context.Operation.Language},\r\n            {\"parameters\",new object[]{\"entity\"}}\r\n        })[\"text\"].ToString());\r\n    \r\nvar dto = JsonConvert.DeserializeObject<ApprovalProfilesDto>(JsonConvert.SerializeObject(args[\"entity\"]));\r\n\r\nif(dto == null)\r\n\tthrow new Exception(PrimaveraApplicationBehaviours.Primavera_GetText(new Dictionary<string, object>{\r\n            {\"name\",\"ErrorDTOConvert\"},\r\n            {\"language\",context.Operation.Language},\r\n            {\"parameters\",new object[]{\"ApprovalProfilesDto\"}}\r\n        })[\"text\"].ToString());\r\n\r\nvar httpClient = context.CreateApplicationHttpClient();\r\n\r\nvar getSettingsResult = httpClient.PostAsJsonAsync($\"behaviours/Default/System_GetSettings\", new { }).GetAwaiter().GetResult();\r\n\r\nPrimavera_EnsureSuccessApiResult(new Dictionary<string, object>\r\n    {\r\n        { \"requestResult\", getSettingsResult }\r\n    }, context);\r\n\r\nvar settingsDictionary = JsonConvert.DeserializeObject<Dictionary<string, object>>(getSettingsResult.Content.ReadAsStringAsync().GetAwaiter().GetResult());\r\nif (!settingsDictionary.ContainsKey(\"settingsList\"))\r\n{\r\n    throw new Exception(\"Missing 'settingsList'!\");\r\n}\r\nvar settingsDto = JsonConvert.DeserializeObject<SettingsDto>(settingsDictionary[\"settingsList\"].ToString());\r\n\r\nvar database = \"OMNIA_\" + settingsDto.DatabaseSuffix;\r\n\r\nvar sql =\"\";\r\n\r\nif (args.ContainsKey(\"delete\"))\r\n    sql = \"Delete from \" + database + @\".dbo.PortalComprasApprovalProfiles where ApprovalProfile = @ApprovalProfile\";\r\nelse\r\n    sql =@\"\r\n            if Exists(Select ApprovalProfile from \" + database + @\".dbo.PortalComprasApprovalProfiles where ApprovalProfile = @ApprovalProfile)\r\n            begin\r\n                Update \" + database + @\".dbo.PortalComprasApprovalProfiles\r\n                    set ApprovalProfileName = @ApprovalProfileName\r\n                        ,Approver = @Approver\r\n                        ,ApproverName = @ApproverName\r\n                where ApprovalProfile = @ApprovalProfile\r\n            end\r\n            else\r\n            begin\r\n                insert into \" + database + @\".dbo.PortalComprasApprovalProfiles(ApprovalProfile,ApprovalProfileName,Approver,ApproverName) values(@ApprovalProfile,@ApprovalProfileName,@Approver,@ApproverName)\r\n            end\r\n    \";\r\n\r\nErpBS erpBs = GetEmpresaPrimavera(context.Operation.DataSource);\r\nvar adp = erpBs.DSO.BDAPL.CreateCommand();\r\nadp.CommandText = sql;\r\n\r\nvar ApprovalProfilePAM = adp.CreateParameter();\r\nApprovalProfilePAM.ParameterName = \"ApprovalProfile\";\r\nApprovalProfilePAM.Value = dto._code;\r\nadp.Parameters.Add(ApprovalProfilePAM);\r\n\r\nvar ApprovalProfileNamePAM = adp.CreateParameter();\r\nApprovalProfileNamePAM.ParameterName = \"ApprovalProfileName\";\r\nApprovalProfileNamePAM.Value = string.IsNullOrEmpty(dto._name) ? \"\" : dto._name;\r\nadp.Parameters.Add(ApprovalProfileNamePAM);\r\n\r\nvar ApproverPAM = adp.CreateParameter();\r\nApproverPAM.ParameterName = \"Approver\";\r\nApproverPAM.Value = string.IsNullOrEmpty(dto.Approver) ? \"\" : dto.Approver;\r\nadp.Parameters.Add(ApproverPAM);\r\n\r\nvar ApproverNamePAM = adp.CreateParameter();\r\nApproverNamePAM.ParameterName = \"ApproverName\";\r\nApproverNamePAM.Value = string.IsNullOrEmpty(dto._name) ? \"\" : dto._name;\r\nadp.Parameters.Add(ApproverNamePAM);\r\n\r\nadp.ExecuteNonQuery();\r\n\r\n\r\nreturn new Dictionary<string, object>()\r\n            {\r\n                {\"message\", \"sucesso\" }\r\n            };\r\n\t\t\t\r\n\r\nErpBS GetEmpresaPrimavera(string company)\r\n{\r\n\tDictionary<string, object> arguments = new Dictionary<string, object>();\r\n\targuments.Add(\"Company\", company);\r\n\t// Execute Application Behaviour to Get Empresa Primavera\r\n\tIDictionary<string, object> erpBsResponse = PrimaveraApplicationBehaviours.Primavera_OpenCompany(arguments, context);\r\n\tif (erpBsResponse.ContainsKey(\"ErpBS\"))\r\n\t{\r\n\t\treturn (ErpBS)erpBsResponse[\"ErpBS\"];\r\n\t}\r\n\telse\r\n\t{\r\n\t\tvar message = PrimaveraApplicationBehaviours.Primavera_GetText(new Dictionary<string, object> { { \"name\", \"OpenErpCompanyError\" }, { \"language\", context.Operation.Language } });\r\n\t\tthrow new Exception(message[\"text\"]?.ToString());\r\n\t}\r\n}\r\n",
  "description": "",
  "executionLocation": "External",
  "behaviourNamespaces": [
    {
      "name": "ErpBS100",
      "description": "",
      "executionLocation": "External",
      "fullyQualifiedName": "ErpBS100"
    },
    {
      "name": "SystemNetHttp",
      "description": "",
      "executionLocation": "External",
      "fullyQualifiedName": "System.Net.Http"
    }
  ]
}