{
  "name": "CloseERPRequisition",
  "dataSource": "Primavera",
  "expression": "RequisitionsDto dto;\r\n\r\n            Dictionary<string, object> results = new Dictionary<string, object>();\r\n\r\n            ErpBS erpBS = null;\r\n\r\n            bool transactionOpened = false;\r\n\r\n            try\r\n            {\r\n                dto = JsonConvert.DeserializeObject<RequisitionsDto>(JsonConvert.SerializeObject(args[\"requisitions\"]));\r\n\r\n                if (dto == null)\r\n                    throw new Exception(PrimaveraApplicationBehaviours.Primavera_GetText(new Dictionary<string, object>{\r\n                        {\"name\",\"ErrorDTOConvert\"},\r\n                        {\"language\",context.Operation.Language},\r\n                        {\"parameters\",new object[]{\"RequisitionsDto\"}}\r\n                    })[\"text\"].ToString());\r\n\r\n                if (string.IsNullOrEmpty(dto.DocumentoERP))\r\n                    throw new Exception(PrimaveraApplicationBehaviours.Primavera_GetText(new Dictionary<string, object>{\r\n                        {\"name\",\"ErrorERPDocumentRequire\"},\r\n                        {\"language\",context.Operation.Language},\r\n                        {\"parameters\",new object[]{dto._code}}\r\n                    })[\"text\"].ToString());\r\n\r\n                string[] documentoERP = dto.DocumentoERP.Split('.').ToArray();\r\n\r\n                //Abrir Empresa\r\n                erpBS = GetErpBs();\r\n\r\n                \r\n\r\n                IntBEDocumentoInterno documentoInterno = erpBS.Internos.Documentos.Edita(documentoERP[0], Convert.ToInt32(documentoERP[2]), documentoERP[1], \"000\");\r\n\r\n                if (documentoInterno == null)\r\n                    throw new Exception(PrimaveraApplicationBehaviours.Primavera_GetText(new Dictionary<string, object>{\r\n                        {\"name\",\"DocumentoERPNotFound\"},\r\n                        {\"language\",context.Operation.Language},\r\n                        {\"parameters\",new object[]{dto.DocumentoERP}}\r\n                    })[\"text\"].ToString());\r\n                    \r\n                if (documentoInterno.Estado != \"F\")\r\n                {\r\n                    erpBS.IniciaTransaccao();\r\n                    transactionOpened = true;\r\n\r\n                    documentoInterno.Fechado = true;\r\n\r\n                    erpBS.Internos.Documentos.Actualiza(documentoInterno);\r\n\r\n                    erpBS.TerminaTransaccao();\r\n                    transactionOpened = false;\r\n                }\r\n\r\n            }\r\n            catch (Exception ex)\r\n            {\r\n                if (transactionOpened)\r\n                    erpBS.DesfazTransaccao();\r\n\r\n                var message = Primavera_GetText(new Dictionary<string, object>{\r\n                                    {\"name\",\"ErpIntegrationFailed\"},\r\n                                    {\"language\",context.Operation.Language},\r\n                                       {\"parameters\",new object[]{ ex.Message }}\r\n    });\r\n\r\n                throw new Exception(message[\"text\"]?.ToString());\r\n            }\r\n\r\n            return results;\r\n\r\n            ErpBS GetErpBs()\r\n            {\r\n                Dictionary<string, object> arguments = new Dictionary<string, object>() { { \"Company\", context.Operation.DataSource } };\r\n                IDictionary<string, object> openCompanyResult = PrimaveraApplicationBehaviours.Primavera_OpenCompany(arguments, context);\r\n                if (!openCompanyResult.ContainsKey(\"ErpBS\"))\r\n                {\r\n                    SendError(\"OpenErpCompanyError\");\r\n                }\r\n\r\n                return (ErpBS)openCompanyResult[\"ErpBS\"];\r\n            }\r\n\r\n            string GetText(string translation, object[] parameters = null)\r\n            {\r\n                var translationParameters = new Dictionary<string, object> { { \"name\", translation }, { \"language\", context.Operation.Language } };\r\n\r\n                if (parameters != null)\r\n                    translationParameters.Add(\"parameters\", parameters);\r\n\r\n                var exceptionMessageText = Primavera_GetText(translationParameters);\r\n\r\n                return exceptionMessageText[\"text\"]?.ToString();\r\n            }\r\n\r\n            void SendError(string translation, object[] parameters = null) => throw new Exception(GetText(translation, parameters));",
  "description": "",
  "executionLocation": "External",
  "behaviourNamespaces": [
    {
      "name": "ErpBS100",
      "description": "",
      "executionLocation": "External",
      "fullyQualifiedName": "ErpBS100"
    },
    {
      "name": "IntBE100",
      "description": "",
      "executionLocation": "External",
      "fullyQualifiedName": "IntBE100"
    }
  ]
}