{
  "name": "CompanyUpdateERP",
  "dataSource": "Primavera",
  "expression": "if (!args.ContainsKey(\"entity\"))\r\n    throw new Exception(PrimaveraApplicationBehaviours.Primavera_GetText(new Dictionary<string, object>{\r\n            {\"name\",\"ArgumentNotSpecified\"},\r\n            {\"language\",context.Operation.Language},\r\n            {\"parameters\",new object[]{\"entity\"}}\r\n        })[\"text\"].ToString());\r\n    \r\nvar dto = JsonConvert.DeserializeObject<CompanyDto>(JsonConvert.SerializeObject(args[\"entity\"]));\r\n\r\nif(dto == null)\r\n\tthrow new Exception(PrimaveraApplicationBehaviours.Primavera_GetText(new Dictionary<string, object>{\r\n            {\"name\",\"ErrorDTOConvert\"},\r\n            {\"language\",context.Operation.Language},\r\n            {\"parameters\",new object[]{\"CompanyDto\"}}\r\n        })[\"text\"].ToString());\r\n\r\nvar httpClient = context.CreateApplicationHttpClient();\r\n\r\nvar getSettingsResult = httpClient.PostAsJsonAsync($\"behaviours/Default/System_GetSettings\", new { }).GetAwaiter().GetResult();\r\n\r\nPrimavera_EnsureSuccessApiResult(new Dictionary<string, object>\r\n    {\r\n        { \"requestResult\", getSettingsResult }\r\n    }, context);\r\n\r\nvar settingsDictionary = JsonConvert.DeserializeObject<Dictionary<string, object>>(getSettingsResult.Content.ReadAsStringAsync().GetAwaiter().GetResult());\r\nif (!settingsDictionary.ContainsKey(\"settingsList\"))\r\n{\r\n    throw new Exception(\"Missing 'settingsList'!\");\r\n}\r\nvar settingsDto = JsonConvert.DeserializeObject<SettingsDto>(settingsDictionary[\"settingsList\"].ToString());\r\n\r\nvar database = \"OMNIA_\" + settingsDto.DatabaseSuffix;\r\n\r\nvar sql =\"\";\r\n\r\nif (args.ContainsKey(\"delete\"))\r\n    sql = \"Delete from \" + database + @\".dbo.PortalComprasCompanies where Company = @Company\";\r\nelse\r\n    sql =@\"\r\n            if Exists(Select Company from \" + database + @\".dbo.PortalComprasCompanies where Company = @Company)\r\n            begin\r\n                Update \" + database + @\".dbo.PortalComprasCompanies\r\n                    set Primavera = @Primavera\r\n                        ,PurchasingManager = @PurchasingManager\r\n                        ,PurchasingManagerName = @PurchasingManagerName\r\n                where Company = @Company\r\n            end\r\n            else\r\n            begin\r\n                insert into \" + database + @\".dbo.PortalComprasCompanies(Company,Primavera,PurchasingManager,PurchasingManagerName) values(@Company,@Primavera,@PurchasingManager,@PurchasingManagerName)\r\n            end\r\n    \";\r\n\r\nErpBS erpBs = GetEmpresaPrimavera(context.Operation.DataSource);\r\nvar adp = erpBs.DSO.BDAPL.CreateCommand();\r\nadp.CommandText = sql;\r\nvar Pam1 = adp.CreateParameter();\r\nPam1.ParameterName = \"Company\";\r\nPam1.Value = dto._code;\r\nadp.Parameters.Add(Pam1);\r\nvar Pam2 = adp.CreateParameter();\r\nPam2.ParameterName = \"Primavera\";\r\nPam2.Value = string.IsNullOrEmpty(dto.Primavera) ? \"\" : dto.Primavera;\r\nadp.Parameters.Add(Pam2);\r\nvar Pam3 = adp.CreateParameter();\r\nPam3.ParameterName = \"PurchasingManager\";\r\nPam3.Value = string.IsNullOrEmpty(dto.PurchasingManager) ? \"\" : dto.PurchasingManager;\r\nadp.Parameters.Add(Pam3);\r\nvar Pam4 = adp.CreateParameter();\r\nPam4.ParameterName = \"PurchasingManagerName\";\r\nPam4.Value = string.IsNullOrEmpty(dto.PurchasingManagerName) ? \"\" : dto.PurchasingManagerName;\r\nadp.Parameters.Add(Pam4);\r\nadp.ExecuteNonQuery();\r\n\r\n\r\nreturn new Dictionary<string, object>()\r\n            {\r\n                {\"message\", \"sucesso\" }\r\n            };\r\n\t\t\t\r\n\r\nErpBS GetEmpresaPrimavera(string company)\r\n{\r\n\tDictionary<string, object> arguments = new Dictionary<string, object>();\r\n\targuments.Add(\"Company\", company);\r\n\t// Execute Application Behaviour to Get Empresa Primavera\r\n\tIDictionary<string, object> erpBsResponse = PrimaveraApplicationBehaviours.Primavera_OpenCompany(arguments, context);\r\n\tif (erpBsResponse.ContainsKey(\"ErpBS\"))\r\n\t{\r\n\t\treturn (ErpBS)erpBsResponse[\"ErpBS\"];\r\n\t}\r\n\telse\r\n\t{\r\n\t\tvar message = PrimaveraApplicationBehaviours.Primavera_GetText(new Dictionary<string, object> { { \"name\", \"OpenErpCompanyError\" }, { \"language\", context.Operation.Language } });\r\n\t\tthrow new Exception(message[\"text\"]?.ToString());\r\n\t}\r\n}\r\n",
  "description": "",
  "executionLocation": "External",
  "behaviourNamespaces": [
    {
      "name": "ErpBS100",
      "description": "",
      "executionLocation": "External",
      "fullyQualifiedName": "ErpBS100"
    },
    {
      "name": "SystemNetHttp",
      "description": "",
      "executionLocation": "External",
      "fullyQualifiedName": "System.Net.Http"
    }
  ]
}