{
  "name": "GetActiveSerie",
  "dataSource": "System",
  "expression": "if (args == null || !args.ContainsKey(\"definition\"))\r\n    return new Dictionary<string, object>() { { \"serie\", \"\" } };\r\n\r\nvar definition = args[\"definition\"].ToString();\r\n\r\n// Get first active serie to definition\r\nvar httpClient = context.CreateApplicationHttpClient();\r\nvar serieRequestResult = httpClient.PostAsJsonAsync($\"Queries/{definition}SerieQuery/Default?Page=1&PageSize=1\",\r\n    new\r\n    {\r\n        Filter = new { Property = \"_inactive\", Value = false }\r\n    }).Result;\r\n\r\nSystemApplicationBehaviours.EnsureSuccessApiResult(new Dictionary<string, object> { { \"requestResult\", serieRequestResult } }, context);\r\n\r\nvar serieResult = serieRequestResult.Content.ReadAsAsync<List<Dictionary<string, object>>>().Result?.FirstOrDefault();\r\n\r\nif (serieResult == null)\r\n{\r\n    return new Dictionary<string, object>() { { \"serie\", \"\" } };\r\n}\r\n\r\nreturn new Dictionary<string, object>() { { \"serie\", serieResult[\"_code\"].ToString() } };",
  "description": "",
  "executionLocation": "Internal",
  "behaviourNamespaces": [
    {
      "name": "NetHttp",
      "description": "",
      "executionLocation": "Internal",
      "fullyQualifiedName": "System.Net.Http"
    }
  ]
}