{
  "name": "GetEmployeeCodeByDataSourceType",
  "dataSource": "Primavera",
  "expression": "            var httpClient = context.CreateApplicationHttpClient();\r\n            var requestResult = httpClient.PostAsJsonAsync(\"Queries/GetEmployeeCodeByDataSource/Default?page=1&pageSize=1\", new\r\n            {\r\n            Parameters = new List<object>{new\r\n            {\r\n            Name = \"datasource\", Value = context.Operation.DataSource\r\n            }\r\n            }}\r\n\r\n            ).GetAwaiter().GetResult();\r\n            if (!requestResult.IsSuccessStatusCode)\r\n                throw new Exception(PrimaveraApplicationBehaviours.Primavera_GetText(new Dictionary<string, object>{\r\n                    {\"name\",\"QueryExecuteErrorStatus\"},\r\n                    {\"language\",context.Operation.Language},\r\n                    {\"parameters\",new object[]{\"GetEmployeeCodeByDataSource\",requestResult.StatusCode,requestResult.Content.ReadAsStringAsync().GetAwaiter().GetResult()}}\r\n                })[\"text\"].ToString());\r\n                \r\n            var result = requestResult?.Content?.ReadAsAsync<List<Dictionary<string, object>>>().GetAwaiter().GetResult();\r\n            if (result == null || result.Count == 0)\r\n            {\r\n                var message = PrimaveraApplicationBehaviours.Primavera_GetText(new Dictionary<string,object>{\r\n                    {\"name\",\"EmployeeNotFound\"},\r\n                    {\"language\",context.Operation.Language}\r\n                });\r\n                throw new Exception(message[\"text\"]?.ToString());\r\n            }\r\n            return result[0];",
  "description": "",
  "executionLocation": "External",
  "behaviourNamespaces": [
    {
      "name": "SystemNetHttp",
      "description": "",
      "executionLocation": "External",
      "fullyQualifiedName": "System.Net.Http"
    }
  ]
}