{
  "name": "GetMyEmployeeCodesString",
  "dataSource": "Primavera",
  "expression": "var cache = context.CreateCacheClient();\r\nvar CachKey = $\"GetMyEmployeeCodesString{context.Authentication.Username}\";\r\nvar ListaCach = cache.GetAsync<IDictionary<string, object>>($\"Lista{CachKey}\").GetAwaiter().GetResult();\r\nvar DateCach = cache.GetAsync<DateTime>($\"Date{CachKey}\").GetAwaiter().GetResult(); \r\n\r\nif (ListaCach != null  && DateCach > DateTime.Now)\r\n{\r\n    return ListaCach;\r\n}\r\n            \r\nvar httpClient = context.CreateApplicationHttpClient();\r\nvar requestResult = httpClient.PostAsJsonAsync(\"Queries/GetMyEmployeeCodes/Default\", new\r\n{\r\n    Parameters = new List<object>\r\n    {\r\n            new\r\n                {\r\n                Name = \"datasource\", Value = context.Operation.DataSource\r\n                }\r\n    }\r\n\r\n}).GetAwaiter().GetResult();\r\n            \r\nif (!requestResult.IsSuccessStatusCode)\r\n    throw new Exception(PrimaveraApplicationBehaviours.Primavera_GetText(new Dictionary<string, object>{\r\n            {\"name\",\"QueryExecuteErrorStatus\"},\r\n            {\"language\",context.Operation.Language},\r\n            {\"parameters\",new object[]{\"GetMyEmployeeCodes\",requestResult.StatusCode,requestResult.Content.ReadAsStringAsync().GetAwaiter().GetResult()}}\r\n        })[\"text\"].ToString());\r\n    \r\nvar result = requestResult?.Content?.ReadAsAsync<List<Dictionary<string, object>>>().GetAwaiter().GetResult();\r\nif (result == null || result.Count == 0)\r\n{\r\n    return new Dictionary<string,object>();\r\n}\r\n\r\nvar codigos = \"'\"  + string.Join(\"','\",(from x in result select x[\"code\"].ToString()).Distinct().ToList()) + \"'\";\r\n\r\nvar lstResult = new Dictionary<string, object>();\r\nlstResult.Add(\"lista\", codigos);\r\nListaCach = lstResult;\r\ncache.SetAsync($\"Lista{CachKey}\", ListaCach).GetAwaiter().GetResult();\r\ncache.SetAsync($\"Date{CachKey}\", DateTime.Now.AddSeconds(300)).GetAwaiter().GetResult();\t\r\nreturn ListaCach;",
  "description": "",
  "executionLocation": "External",
  "behaviourNamespaces": [
    {
      "name": "SystemNetHttp",
      "description": "",
      "executionLocation": "External",
      "fullyQualifiedName": "System.Net.Http"
    }
  ]
}