{
  "name": "GetUsernameOUString",
  "dataSource": "Primavera",
  "expression": "var httpClient = context.CreateApplicationHttpClient();\r\nvar requestResult = httpClient.PostAsJsonAsync(\"Queries/OUManagerByMeQuery/Default\", new\r\n{\r\n    Parameters = new List<object>\r\n    {\r\n            new\r\n                {\r\n                Name = \"datasource\", Value = context.Operation.DataSource\r\n                }\r\n    }\r\n\r\n}).GetAwaiter().GetResult();\r\n            \r\nif (!requestResult.IsSuccessStatusCode)\r\n    throw new Exception(PrimaveraApplicationBehaviours.Primavera_GetText(new Dictionary<string, object>{\r\n        {\"name\",\"QueryExecuteErrorStatus\"},\r\n        {\"language\",context.Operation.Language},\r\n        {\"parameters\",new object[]{\"OUManagerByMeQuery\",requestResult.StatusCode,requestResult.Content.ReadAsStringAsync().GetAwaiter().GetResult()}}\r\n    })[\"text\"].ToString());\r\n    \r\nvar result = requestResult?.Content?.ReadAsAsync<List<Dictionary<string, object>>>().GetAwaiter().GetResult();\r\nif (result == null || result.Count == 0)\r\n{\r\n    return new Dictionary<string,object>();\r\n}\r\n\r\nvar lista = (from x in result select x[\"_code\"].ToString()).ToList();\r\n\r\nvar lstResult = new Dictionary<string, object>();\r\nlstResult.Add(\"lista\",\"'\" + string.Join(\"','\" , lista) + \"'\");\r\nreturn lstResult;",
  "description": "Devolve uma string com a lista dos códigos das unidades organizacionais separados por \",\" para ser utilizado nas querys de consulta à base de dados.",
  "executionLocation": "External",
  "behaviourNamespaces": [
    {
      "name": "SystemNetHttp",
      "description": "",
      "executionLocation": "External",
      "fullyQualifiedName": "System.Net.Http"
    }
  ]
}