{
  "name": "NewFinancialDocumentNotification",
  "dataSource": "Primavera",
  "expression": "validateArg(\"code\");\r\nvalidateArg(\"entidade\");\r\nvalidateArg(\"organizationalunit\");\r\nvalidateArg(\"data\");\r\nvalidateArg(\"author\");\r\nvalidateArg(\"approver\");\r\n\r\nvar httpClient = context.CreateApplicationHttpClient();\r\nvar dataSource = \"Default\";\r\nvar Approver = args[\"approver\"].ToString();\r\nvar Username = \"\";\r\nvar ContactEmail = \"\";\r\nvar Entidade = args[\"entidade\"].ToString();\r\nvar Code = args[\"code\"].ToString();\r\nvar CDU_OrganizationalUnit = args[\"organizationalunit\"].ToString();\r\nvar DataDoc = args[\"data\"].ToString();\r\nvar CDU_Autor = args[\"author\"].ToString();\r\nvar CDU_Comment = \"\";\r\nvar To = \"\";\r\nvar Body = \"\";\r\nvar Subject = \"\";\r\nvar returnMessage = \"\";\r\n\r\nvar requestEmployeeResult = httpClient.PostAsJsonAsync(\"Queries/EmployeeContactEmail/Default?page=1&pageSize=1\", new { Filter = new { property = \"_code\", Value = Approver} }).GetAwaiter().GetResult();\r\n\r\nif (!requestEmployeeResult.IsSuccessStatusCode)\r\n    throw new Exception(PrimaveraApplicationBehaviours.Primavera_GetText(new Dictionary<string, object>{\r\n            {\"name\",\"QueryExecuteErrorStatus\"},\r\n            {\"language\",context.Operation.Language},\r\n            {\"parameters\",new object[]{\"EmployeeContactEmail\",requestEmployeeResult.StatusCode,requestEmployeeResult.Content.ReadAsStringAsync().GetAwaiter().GetResult()}}\r\n        })[\"text\"].ToString());\r\n\r\nvar resultEmployee = requestEmployeeResult?.Content?.ReadAsAsync<List<Dictionary<string, object>>>().GetAwaiter().GetResult();\r\nif (resultEmployee != null && resultEmployee.Count > 0)\r\n{\r\n    ContactEmail = resultEmployee.First()[\"contactemail\"].ToString();\r\n    Username = resultEmployee.First()[\"username\"].ToString();\r\n}\r\n\r\n\r\n//*********************************************************************\r\n//Gerar e enviar email\r\nTo = string.IsNullOrEmpty(ContactEmail) ? Username : ContactEmail;\r\n\r\nif (!string.IsNullOrEmpty(To))\r\n{\r\n    var language = context.Operation.Language;\r\n    language = context.Operation.Language == \"en-US\" ? \"EN\" : \"PT\";\r\n    var Template = \"FinancialDocWaitMyVal\";\r\n    var dto = $@\"\r\n                {{\r\n                    \"\"_code\"\": \"\"{Code}\"\",\r\n                    \"\"Supplier\"\": \"\"{Entidade}\"\",\r\n                    \"\"OrganizationalUnit\"\": \"\"{CDU_OrganizationalUnit}\"\",\r\n                    \"\"Date\"\": \"\"{DataDoc}\"\",\r\n                    \"\"Author\"\": \"\"{CDU_Autor}\"\",\r\n                    \"\"Note\"\": \"\"{CDU_Comment}\"\"\r\n                }}\r\n                \";\r\n    var RequestTemplateResult = httpClient.PostAsync($\"TextTemplates/{Template}Body{language}\", JsonConvert.DeserializeObject(dto)).GetAwaiter().GetResult();\r\n    if (!RequestTemplateResult.IsSuccessStatusCode) \r\n        throw new Exception(PrimaveraApplicationBehaviours.Primavera_GetText(new Dictionary<string, object>{\r\n        \t{\"name\",\"TransformTemplateError\"},\r\n        \t{\"language\",context.Operation.Language},\r\n        \t{\"parameters\",new object[]{$\"{Template}Body{language}\"}}\r\n        })[\"text\"].ToString());\r\n    Body = RequestTemplateResult.Content.ReadAsStringAsync().GetAwaiter().GetResult();\r\n\r\n    RequestTemplateResult = httpClient.PostAsync($\"TextTemplates/{Template}Subject{language}\", JsonConvert.DeserializeObject(dto)).GetAwaiter().GetResult();\r\n    if (!RequestTemplateResult.IsSuccessStatusCode) \r\n        throw new Exception(PrimaveraApplicationBehaviours.Primavera_GetText(new Dictionary<string, object>{\r\n        \t{\"name\",\"TransformTemplateError\"},\r\n        \t{\"language\",context.Operation.Language},\r\n        \t{\"parameters\",new object[]{$\"{Template}Subject{language}\"}}\r\n        })[\"text\"].ToString());\r\n        \r\n    Subject = RequestTemplateResult.Content.ReadAsStringAsync().GetAwaiter().GetResult();\r\n\r\n\r\n    (bool notificationSendResult, string notificationSendDetails) = SendEmail(To, Subject, Body);\r\n\r\n    if (notificationSendResult)\r\n    {\r\n        if (!string.IsNullOrEmpty(notificationSendDetails))\r\n            returnMessage += Environment.NewLine + notificationSendDetails;\r\n    }\r\n    else\r\n        returnMessage += Environment.NewLine + PrimaveraApplicationBehaviours.Primavera_GetText(new Dictionary<string, object>{\r\n            {\"name\",\"CantSendEmails\"},\r\n            {\"language\",context.Operation.Language},\r\n            {\"parameters\",new object[]{notificationSendDetails}}\r\n        })[\"text\"].ToString();\r\n}else\r\n    throw new Exception(PrimaveraApplicationBehaviours.Primavera_GetText(new Dictionary<string, object>{\r\n        {\"name\",\"EmailNotSent\"},\r\n        {\"language\",context.Operation.Language}\r\n    })[\"text\"].ToString());\r\n\r\n\r\n(bool, string) SendEmail(string sendTo, string subject, string body)\r\n{\r\n    if (!string.IsNullOrEmpty(sendTo))\r\n    {\r\n        var emailArguments = new Dictionary<string, object>\r\n                {\r\n                {\"Email\", sendTo}, {\"Subject\", subject}, {\"Body\", body}\r\n                };\r\n        try\r\n        {\r\n            var resultEmail = httpClient.PostAsJsonAsync($\"behaviours/{dataSource}/SendEmailNotification\", emailArguments).GetAwaiter().GetResult();\r\n\r\n            if (resultEmail == null)\r\n                throw new Exception(PrimaveraApplicationBehaviours.Primavera_GetText(new Dictionary<string, object>{\r\n                    {\"name\",\"ErrorBehaviourCall\"},\r\n                    {\"language\",context.Operation.Language},\r\n                    {\"parameters\",new object[]{\"SendEmailNotification\"}}\r\n                })[\"text\"].ToString());\r\n                \r\n            var data = new Dictionary<string, object>()\r\n                {\r\n                    { \"requestResult\", resultEmail }\r\n                };\r\n\r\n            PrimaveraApplicationBehaviours.Primavera_EnsureSuccessApiResult(data, context);\r\n\r\n            return (true,\r\n                PrimaveraApplicationBehaviours.Primavera_GetText(new Dictionary<string, object>{\r\n                            {\"name\",\"EmailSent\"},\r\n                            {\"language\",context.Operation.Language}\r\n                                                                        })[\"text\"].ToString());\r\n        }\r\n        catch (Exception ex)\r\n        {\r\n            return (false, ex.Message);\r\n        }\r\n    }\r\n    return (false,\r\n        PrimaveraApplicationBehaviours.Primavera_GetText(new Dictionary<string, object>{\r\n                                        {\"name\",\"EmailNotSent\"},\r\n                                    {\"language\",context.Operation.Language}\r\n                                    })[\"text\"].ToString());\r\n}\r\n//*********************************************************************\r\n\r\nvoid validateArg(string arg)\r\n{\r\n    if (args == null || !args.ContainsKey(arg))\r\n        throw new Exception(PrimaveraApplicationBehaviours.Primavera_GetText(new Dictionary<string, object>{\r\n            {\"name\",\"ArgumentNotSpecified\"},\r\n            {\"language\",context.Operation.Language},\r\n            {\"parameters\",new object[]{arg}}\r\n        })[\"text\"].ToString());\r\n}\r\n\r\nDictionary<string, object> results = new Dictionary<string, object>();\r\n\r\nreturn results;",
  "description": "",
  "executionLocation": "External",
  "behaviourNamespaces": [
    {
      "name": "SystemNetMail",
      "description": "",
      "executionLocation": "External",
      "fullyQualifiedName": "System.Net.Mail"
    },
    {
      "name": "SystemNet",
      "description": "",
      "executionLocation": "External",
      "fullyQualifiedName": "System.Net"
    },
    {
      "name": "SystemNetHttp",
      "description": "",
      "executionLocation": "External",
      "fullyQualifiedName": "System.Net.Http"
    }
  ]
}