{
  "name": "NewQuoteRequestNotification",
  "dataSource": "Primavera",
  "expression": "if (!args.ContainsKey(\"quoterequests\") || string.IsNullOrEmpty(args[\"quoterequests\"].ToString()))\r\n    throw new Exception(PrimaveraApplicationBehaviours.Primavera_GetText(new Dictionary<string, object>{\r\n            {\"name\",\"ArgumentNotSpecified\"},\r\n            {\"language\",context.Operation.Language},\r\n            {\"parameters\",new object[]{\"QuoteRequests\"}}\r\n        })[\"text\"].ToString());\r\n\r\nstring quoterequests = args[\"quoterequests\"].ToString();\r\nstring suppliercode = \"\";\r\n\r\n\r\nif (args.ContainsKey(\"supplier\"))\r\n    suppliercode = args[\"supplier\"].ToString();\r\n\r\nvar httpClient = context.CreateApplicationHttpClient();\r\nvar dataSource = \"Default\";\r\nHttpResponseMessage requestResult = null;\r\nif (string.IsNullOrEmpty(suppliercode))\r\n{\r\n    requestResult = httpClient.PostAsJsonAsync($\"Queries/ExternalUsersCompaniesQuery/{dataSource}?pageSize=100\",\r\n       new { \r\n           Parameters = new List<object> { \r\n               new { Name = \"type\", Value = \"Supplier\" },\r\n               new { Name = \"datasource\", Value = context.Operation.DataSource } \r\n               \r\n           } \r\n       }\r\n   ).GetAwaiter().GetResult();\r\n}\r\nelse\r\n{\r\n    requestResult = httpClient.PostAsJsonAsync($\"Queries/ExternalUsersCompaniesQuery/{dataSource}?pageSize=100\",\r\n       new\r\n       {\r\n           Filter = new { Property = \"erpcode\", Value = suppliercode },\r\n           Parameters = new List<object> { \r\n               new { Name = \"type\", Value = \"Supplier\" },\r\n               new { Name = \"datasource\", Value = context.Operation.DataSource } }\r\n       }\r\n   ).GetAwaiter().GetResult();\r\n}\r\n\r\n\r\nif (!requestResult.IsSuccessStatusCode)\r\n    throw new Exception(PrimaveraApplicationBehaviours.Primavera_GetText(new Dictionary<string, object>{\r\n            {\"name\",\"QueryExecuteError\"},\r\n            {\"language\",context.Operation.Language},\r\n            {\"parameters\",new object[]{\"ExternalUsersCompaniesQuery\"}}\r\n        })[\"text\"].ToString());\r\n\r\nvar result = requestResult.Content.ReadAsAsync<List<Dictionary<string, object>>>().GetAwaiter().GetResult();\r\n\r\nvar To = \"\";\r\nvar Subject = quoterequests;\r\nvar Body = quoterequests;\r\nif (result != null && result.Count > 0)\r\n    result.ForEach(supplier =>\r\n    {\r\n        To = string.IsNullOrEmpty(supplier[\"contactemail\"].ToString()) ? supplier[\"username\"].ToString()  : supplier[\"contactemail\"].ToString();\r\n        var language = context.Operation.Language;\r\n        language = context.Operation.Language == \"en-US\" ? \"EN\" : \"PT\";\r\n        language = \"PT\";\r\n\r\n        var Template = \"NewQuoteRequests\";\r\n        var dto = $@\"\r\n                    {{\r\n                        \"\"_code\"\": \"\"{quoterequests}.{suppliercode}\"\",\r\n                        \"\"DataSource\"\": \"\"{context.Operation.DataSource}\"\"\r\n                    }}\r\n                    \";\r\n        var RequestTemplateResult = httpClient.PostAsync($\"TextTemplates/{Template}Body{language}\", JsonConvert.DeserializeObject(dto)).GetAwaiter().GetResult();\r\n        if (!RequestTemplateResult.IsSuccessStatusCode) \r\n            throw new Exception(PrimaveraApplicationBehaviours.Primavera_GetText(new Dictionary<string, object>{\r\n        \t    {\"name\",\"TransformTemplateError\"},\r\n        \t    {\"language\",context.Operation.Language},\r\n        \t    {\"parameters\",new object[]{$\"{Template}Body{language}\"}}\r\n            })[\"text\"].ToString());\r\n        \r\n        Body = RequestTemplateResult.Content.ReadAsStringAsync().GetAwaiter().GetResult();\r\n\r\n        RequestTemplateResult = httpClient.PostAsync($\"TextTemplates/{Template}Subject{language}\", JsonConvert.DeserializeObject(dto)).GetAwaiter().GetResult();\r\n        if (!RequestTemplateResult.IsSuccessStatusCode)\r\n            throw new Exception(PrimaveraApplicationBehaviours.Primavera_GetText(new Dictionary<string, object>{\r\n        \t    {\"name\",\"TransformTemplateError\"},\r\n        \t    {\"language\",context.Operation.Language},\r\n        \t    {\"parameters\",new object[]{$\"{Template}Subject{language}\"}}\r\n            })[\"text\"].ToString());\r\n        \r\n        Subject = RequestTemplateResult.Content.ReadAsStringAsync().GetAwaiter().GetResult();\r\n\r\n\r\n        (bool notificationSendResult, string notificationSendDetails) = SendEmail(To, Subject, Body);\r\n\r\n        if (!notificationSendResult)\r\n            throw new Exception(PrimaveraApplicationBehaviours.Primavera_GetText(new Dictionary<string, object> { { \"name\", \"CantSendEmails\" }, { \"language\", context.Operation.Language }, { \"parameters\", new object[] { notificationSendDetails } } })[\"text\"].ToString());\r\n    });\r\n\r\n\r\nreturn new Dictionary<string, object>();\r\n\r\n (bool, string) SendEmail(string sendTo, string subject, string body)\r\n{\r\n    if (!string.IsNullOrEmpty(sendTo))\r\n    {\r\n        var emailArguments = new Dictionary<string, object> { { \"Email\", sendTo }, { \"Subject\", subject }, { \"Body\", body } };\r\n        try\r\n        {\r\n            var resultEmail = httpClient.PostAsJsonAsync($\"behaviours/{dataSource}/SendEmailNotification\", emailArguments).GetAwaiter().GetResult();\r\n\r\n            if (resultEmail == null)\r\n                throw new Exception(PrimaveraApplicationBehaviours.Primavera_GetText(new Dictionary<string, object>{\r\n                    {\"name\",\"ErrorBehaviourCall\"},\r\n                    {\"language\",context.Operation.Language},\r\n                    {\"parameters\",new object[]{\"SendEmailNotification\"}}\r\n                })[\"text\"].ToString());\r\n\r\n            var data = new Dictionary<string, object>() { { \"requestResult\", resultEmail } };\r\n\r\n            PrimaveraApplicationBehaviours.Primavera_EnsureSuccessApiResult(data, context);\r\n\r\n            return (true, PrimaveraApplicationBehaviours.Primavera_GetText(new Dictionary<string, object> { { \"name\", \"EmailSent\" }, { \"language\", context.Operation.Language } })[\"text\"].ToString());\r\n        }\r\n        catch (Exception ex)\r\n        {\r\n            return (false, ex.Message);\r\n        }\r\n    }\r\n    return (false,\r\n        PrimaveraApplicationBehaviours.Primavera_GetText(new Dictionary<string, object> { { \"name\", \"EmailNotSent\" }, { \"language\", context.Operation.Language } })[\"text\"].ToString());\r\n}",
  "description": "",
  "executionLocation": "External",
  "behaviourNamespaces": [
    {
      "name": "SystemNetHttp",
      "description": "",
      "executionLocation": "External",
      "fullyQualifiedName": "System.Net.Http"
    }
  ]
}