{
  "name": "Primavera_OpenCompany",
  "dataSource": "Primavera",
  "expression": "string erpCompany = string.Empty;\r\n\r\nif (context.Operation.DataSourceType.Equals(\"Primavera\", StringComparison.InvariantCultureIgnoreCase))\r\n    erpCompany = context.Operation.DataSource;\r\nelse\r\n{\r\n    if (!args.ContainsKey(\"Company\"))\r\n        throw new Exception(PrimaveraApplicationBehaviours.Primavera_GetText(new Dictionary<string, object>{\r\n            {\"name\",\"ArgumentNotSpecified\"},\r\n            {\"language\",context.Operation.Language},\r\n            {\"parameters\",new object[]{\"Company\"}}\r\n        })[\"text\"].ToString());\r\n    else\r\n        erpCompany = args[\"Company\"].ToString();\r\n}\r\n\r\ntry\r\n{\r\n    return new Dictionary<string, object>() { { \"ErpBS\", ERP.ErpBSFactory.Instance.GetErpBS(erpCompany, context) } };\r\n}\r\ncatch (Exception ex)\r\n{\r\n    var message = PrimaveraApplicationBehaviours.Primavera_GetText(new Dictionary<string, object>{\r\n        {\"name\",\"ErrorOpeningCompany\"},\r\n        {\"language\",context.Operation.Language},\r\n        {\"parameters\",new object[]{ $\"{erpCompany} - {ex.Message}\" }}\r\n    });\r\n    throw new Exception(message[\"text\"]?.ToString());\r\n}",
  "description": "Opens ERP Company and returns ErpBS object to be used on other behaviours",
  "executionLocation": "External",
  "behaviourNamespaces": []
}