{
  "name": "Primavera_GetReqQuotations",
  "dataSource": "Primavera",
  "expression": "Dictionary<string, object> resultReturn = new Dictionary<string, object>();\r\n            List<RequisitionQuotationItemDto> listItemsDto = new List<RequisitionQuotationItemDto>();\r\n\r\n            ErpBS bsERP = new ErpBS();\r\n            string company = string.Empty;\r\n            string omniaCode = string.Empty;\r\n\r\n            try\r\n            {\r\n                var httpClient = context.CreateApplicationHttpClient();\r\n\r\n                if (!args.ContainsKey(\"company\"))\r\n                    throw new Exception(PrimaveraApplicationBehaviours.Primavera_GetText(new Dictionary<string, object>{\r\n                        {\"name\",\"ArgumentNotSpecified\"},\r\n                        {\"language\",context.Operation.Language},\r\n                        {\"parameters\",new object[]{\"company\"}}\r\n                    })[\"text\"].ToString());\r\n                else\r\n                    company = args[\"company\"].ToString();\r\n\r\n                if (!args.ContainsKey(\"omniaCode\"))\r\n                    throw new Exception(PrimaveraApplicationBehaviours.Primavera_GetText(new Dictionary<string, object>{\r\n                        {\"name\",\"ArgumentNotSpecified\"},\r\n                        {\"language\",context.Operation.Language},\r\n                        {\"parameters\",new object[]{\"omniaCode\"}}\r\n                    })[\"text\"].ToString());\r\n                else\r\n                    omniaCode = args[\"omniaCode\"].ToString();\r\n\r\n                Dictionary<string, object> arguments = new Dictionary<string, object>\r\n                {\r\n                    { \"Company\", company }\r\n                };\r\n\r\n                IDictionary<string, object> erpBs = PrimaveraApplicationBehaviours.Primavera_OpenCompany(arguments, context);\r\n\r\n                if (erpBs.ContainsKey(\"ErpBS\"))\r\n                {\r\n                    bsERP = (ErpBS)erpBs[\"ErpBS\"];\r\n                }\r\n\r\n                StdBELista requisitionQuoteRequest = bsERP.Consulta($@\"\r\n                    SELECT \r\n\t\t\t\t\t\tCONCAT(CC.TipoDoc,'.',CC.Serie,'.',CC.NumDoc) as Documento, ISNULL(CC.Entidade, ' ') as Entidade, \r\n\t\t\t\t\t\tF.Nome, \r\n\t\t\t\t\t\tCC.Filial,\r\n\t\t\t\t\t\tCount(DISTINCT LC.Id) as TotalItems,\r\n\t\t\t\t\t\tCC.TotalMerc - CC.TotalDesc + CC.TotalIva Total\r\n                    FROM CabecCompras CC \r\n\t\t\t\t\t\tINNER JOIN DocumentosCompra DC WITH(NOLOCK) ON DC.Documento = CC.TipoDoc \r\n\t\t\t\t\t\tINNER JOIN LinhasCompras LC ON CC.Id = LC.IdCabecCompras\r\n\t\t\t\t\t\tLEFT JOIN Fornecedores F ON F.Fornecedor = CC.Entidade \r\n\t\t\t\t\tWHERE DC.TipoDocumento = 1 AND CC.CDU_CodOmnia = '{omniaCode}' \r\n\t\t\t\t\tgroup by CONCAT(CC.TipoDoc,'.',CC.Serie,'.',CC.NumDoc), \r\n\t\t\t\t\t\tISNULL(CC.Entidade, ' '), \r\n\t\t\t\t\t\tF.Nome, \r\n\t\t\t\t\t\tCC.Filial,\r\n\t\t\t\t\t\tCC.TotalMerc - CC.TotalDesc + CC.TotalIva\r\n                    \");\r\n                List<object> erpRequisitionQuoteRequets = new List<object>();\r\n\r\n                if (requisitionQuoteRequest != null)\r\n                {\r\n                    if (!requisitionQuoteRequest.Vazia())\r\n                    {\r\n                        while (!requisitionQuoteRequest.NoFim())\r\n                        {\r\n                            RequisitionQuotationItemDto reqItemsDto = new RequisitionQuotationItemDto()\r\n                            {\r\n                                _code = requisitionQuoteRequest.Valor(\"Documento\").ToString(),\r\n                                _name = requisitionQuoteRequest.Valor(\"Entidade\").ToString(),\r\n                                _description = requisitionQuoteRequest.Valor(\"Nome\").ToString(),\r\n                                Filial = requisitionQuoteRequest.Valor(\"Filial\").ToString(),\r\n                                TotalItems = Convert.ToDecimal(requisitionQuoteRequest.Valor(\"TotalItems\")),\r\n                                Total = Convert.ToDecimal(requisitionQuoteRequest.Valor(\"Total\"))\r\n                            };\r\n\r\n                            listItemsDto.Add(reqItemsDto);\r\n\r\n                            requisitionQuoteRequest.Seguinte();\r\n                        }\r\n                    }\r\n                }\r\n\r\n                resultReturn.Add(\"reqQuotations\", listItemsDto);\r\n            }\r\n            catch (Exception e)\r\n            {\r\n                var cantGetEmployeeHolidaysMessage = Primavera_GetText(new Dictionary<string, object>{\r\n                    {\"name\",\"CantGetReqInternalQuotes\"},\r\n                    {\"language\",context.Operation.Language},\r\n                    {\"parameters\",new object[]{omniaCode, e.Message}}\r\n                    });\r\n\r\n                throw new Exception(cantGetEmployeeHolidaysMessage[\"text\"]?.ToString());\r\n            }\r\n\r\n            return resultReturn;",
  "description": "",
  "executionLocation": "External",
  "behaviourNamespaces": [
    {
      "name": "ErpBS100",
      "description": "",
      "executionLocation": "External",
      "fullyQualifiedName": "ErpBS100"
    },
    {
      "name": "StdBE100",
      "description": "",
      "executionLocation": "External",
      "fullyQualifiedName": "StdBE100"
    }
  ]
}