{
  "name": "Primavera_OpenPlatform",
  "dataSource": "Primavera",
  "expression": "string erpCompany = string.Empty;\r\nstring module = string.Empty;\r\n\r\nif (context.Operation.DataSourceType.Equals(\"Primavera\", StringComparison.InvariantCultureIgnoreCase))\r\n    erpCompany = context.Operation.DataSource;\r\nelse\r\n{\r\n    if (!args.ContainsKey(\"Company\"))\r\n        throw new Exception(PrimaveraApplicationBehaviours.Primavera_GetText(new Dictionary<string, object>{\r\n            {\"name\",\"ArgumentNotSpecified\"},\r\n            {\"language\",context.Operation.Language},\r\n            {\"parameters\",new object[]{\"Company\"}}\r\n        })[\"text\"].ToString());\r\n    erpCompany = args[\"Company\"].ToString();\r\n}\r\n\r\nif (!args.ContainsKey(\"Module\"))\r\n    throw new Exception(PrimaveraApplicationBehaviours.Primavera_GetText(new Dictionary<string, object>{\r\n        {\"name\",\"ArgumentNotSpecified\"},\r\n        {\"language\",context.Operation.Language},\r\n        {\"parameters\",new object[]{\"Module\"}}\r\n    })[\"text\"].ToString());\r\nmodule = args[\"Module\"].ToString();\r\n\r\ntry\r\n{\r\n    return new Dictionary<string, object>() { { \"StdPlatBS\", ERP.ErpBSFactory.Instance.GetStdPlatBS(erpCompany, module, context) } };\r\n}\r\ncatch (Exception ex)\r\n{\r\n    var message = PrimaveraApplicationBehaviours.Primavera_GetText(new Dictionary<string, object>{\r\n        {\"name\",\"ErrorOpeningPlatform\"},\r\n        {\"language\",context.Operation.Language},\r\n        {\"parameters\",new object[]{ ex.Message }}\r\n    });\r\n    throw new Exception(message[\"text\"]?.ToString());\r\n}",
  "description": "",
  "executionLocation": "External",
  "behaviourNamespaces": []
}