{
  "name": "Primavera_DownloadInternalReq",
  "dataSource": "Primavera",
  "expression": "ErpBS bsERP = null;\r\n\r\nList<string> stringSplit = new List<string>();\r\nstring filial, tipoDoc, serieDoc, documentoERP, primavera;\r\nint numDoc = -1;\r\n\r\nif (args.ContainsKey(\"primavera\"))\r\n    primavera = args[\"primavera\"].ToString();\r\nelse\r\n    throw new Exception(PrimaveraApplicationBehaviours.Primavera_GetText(new Dictionary<string, object>{\r\n            {\"name\",\"ArgumentNotSpecified\"},\r\n            {\"language\",context.Operation.Language},\r\n            {\"parameters\",new object[]{\"primavera\"}}\r\n        })[\"text\"].ToString());\r\n    \r\nif (args.ContainsKey(\"documentoERP\"))\r\n    documentoERP = args[\"documentoERP\"].ToString();\r\nelse\r\n    throw new Exception(PrimaveraApplicationBehaviours.Primavera_GetText(new Dictionary<string, object>{\r\n            {\"name\",\"ArgumentNotSpecified\"},\r\n            {\"language\",context.Operation.Language},\r\n            {\"parameters\",new object[]{\"documentoERP\"}}\r\n        })[\"text\"].ToString());\r\n\r\nif (args.ContainsKey(\"filial\"))\r\n    filial = args[\"filial\"].ToString();\r\nelse\r\n    throw new Exception(PrimaveraApplicationBehaviours.Primavera_GetText(new Dictionary<string, object>{\r\n            {\"name\",\"ArgumentNotSpecified\"},\r\n            {\"language\",context.Operation.Language},\r\n            {\"parameters\",new object[]{\"filial\"}}\r\n        })[\"text\"].ToString());\r\n\r\nDictionary<string, object> arguments = new Dictionary<string, object>\r\n    {\r\n        { \"Company\", primavera }\r\n    };\r\n\r\nIDictionary<string, object> erpBs = Primavera_OpenCompany(arguments, context);\r\n\r\nif (erpBs.ContainsKey(\"ErpBS\"))\r\n    bsERP = (ErpBS)erpBs[\"ErpBS\"];\r\nelse\r\n{\r\n    var message = Primavera_GetText(new Dictionary<string, object>{\r\n{\"name\",\"OpenErpCompanyError\"},\r\n{\"language\",context.Operation.Language}\r\n});\r\n\r\n    throw new Exception(message[\"text\"]?.ToString());\r\n}\r\n\r\nstringSplit = documentoERP.Split('.').ToList();\r\n\r\ntipoDoc = stringSplit[0];\r\nserieDoc = stringSplit[1];\r\nnumDoc = Convert.ToInt32(stringSplit[2]);\r\n\r\nif (!bsERP.Internos.Documentos.Existe(tipoDoc, numDoc, serieDoc, filial))\r\n{\r\n    var message = PrimaveraApplicationBehaviours.Primavera_GetText(new Dictionary<string, object>{\r\n    {\"name\",\"InternalRequisitionDocumentNotFound\"},\r\n    {\"language\",context.Operation.Language},\r\n    {\"parameters\",new object[]{ tipoDoc, serieDoc, numDoc, filial }}\r\n    });\r\n\r\n    throw new Exception(message[\"text\"]?.ToString());\r\n}\r\n\r\nstring tempFolderPath = Path.GetTempPath();\r\nstring nomeFicheiro = \"DOC_\" + filial + \"_\" + tipoDoc + \"_\" + serieDoc + \"_\" + numDoc.ToString() + \".pdf\";\r\nstring caminhoFicheiro = Path.Combine(tempFolderPath, nomeFicheiro);\r\n\r\nTask.Run(() => { bsERP.Internos.Documentos.ImprimeDocumento(tipoDoc, serieDoc, numDoc, filial, 1, \"\", false, caminhoFicheiro); }).Wait(20000); \r\n\r\nif (!File.Exists(caminhoFicheiro))\r\n{\r\n    var message = Primavera_GetText(new Dictionary<string, object>{\r\n        {\"name\",\"PurchaseDocumentPrintError\"},\r\n        {\"language\",context.Operation.Language}\r\n    });\r\n\r\n    throw new Exception(message[\"text\"]?.ToString());\r\n}\r\n\r\nusing (var content = new MultipartFormDataContent())\r\n{\r\n    content.Add(new StreamContent(File.OpenRead(caminhoFicheiro))\r\n    {\r\n        Headers =\r\n        {\r\n            ContentLength = new FileInfo(caminhoFicheiro).Length,\r\n            ContentType = new MediaTypeHeaderValue(\"application/pdf\")\r\n        }\r\n    }, \"File\", nomeFicheiro);\r\n\r\n    var httpClient = context.CreateApplicationHttpClient();\r\n    var result = httpClient.PostAsync($\"tempfiles\", content).GetAwaiter().GetResult();\r\n}\r\n\r\nreturn new Dictionary<string, object> { { \"filename\", nomeFicheiro } };",
  "description": "",
  "executionLocation": "External",
  "behaviourNamespaces": [
    {
      "name": "ErpBS100",
      "description": "",
      "executionLocation": "External",
      "fullyQualifiedName": "ErpBS100"
    },
    {
      "name": "SystemIO",
      "description": "",
      "executionLocation": "External",
      "fullyQualifiedName": "System.IO"
    },
    {
      "name": "HTTP",
      "description": "",
      "executionLocation": "External",
      "fullyQualifiedName": "System.Net.Http"
    },
    {
      "name": "HTTPHeaders",
      "description": "",
      "executionLocation": "External",
      "fullyQualifiedName": "System.Net.Http.Headers"
    }
  ]
}