{
  "name": "Primavera_DownloadPurchaseDoc",
  "dataSource": "Primavera",
  "expression": "ErpBS bsERP = null;\r\n\r\n            List<string> stringSplit = new List<string>();\r\n            string filial, tipoDoc, serieDoc, documentoERP, primavera;\r\n            int numDoc = -1;\r\n\r\n\r\n            if (args.ContainsKey(\"primavera\"))\r\n                primavera = args[\"primavera\"].ToString();\r\n            else\r\n                primavera = context.Operation.DataSource;\r\n                \r\n            if (args.ContainsKey(\"documentoERP\"))\r\n                documentoERP = args[\"documentoERP\"].ToString();\r\n            else\r\n                throw new Exception(PrimaveraApplicationBehaviours.Primavera_GetText(new Dictionary<string, object>{\r\n                    {\"name\",\"ArgumentNotSpecified\"},\r\n                    {\"language\",context.Operation.Language},\r\n                    {\"parameters\",new object[]{\"documentoERP\"}}\r\n                })[\"text\"].ToString());\r\n\r\n            if (args.ContainsKey(\"filial\"))\r\n                filial = args[\"filial\"].ToString();\r\n            else\r\n                throw new Exception(PrimaveraApplicationBehaviours.Primavera_GetText(new Dictionary<string, object>{\r\n                    {\"name\",\"ArgumentNotSpecified\"},\r\n                    {\"language\",context.Operation.Language},\r\n                    {\"parameters\",new object[]{\"filial\"}}\r\n                })[\"text\"].ToString());\r\n\r\n            Dictionary<string, object> arguments = new Dictionary<string, object>\r\n                {\r\n                    { \"Company\", primavera }\r\n                };\r\n\r\n            IDictionary<string, object> erpBs = Primavera_OpenCompany(arguments, context);\r\n\r\n            if (erpBs.ContainsKey(\"ErpBS\"))\r\n                bsERP = (ErpBS)erpBs[\"ErpBS\"];\r\n            else\r\n            {\r\n                var message = Primavera_GetText(new Dictionary<string, object>{\r\n        {\"name\",\"OpenErpCompanyError\"},\r\n        {\"language\",context.Operation.Language}\r\n    });\r\n\r\n                throw new Exception(message[\"text\"]?.ToString());\r\n            }\r\n\r\n            stringSplit = documentoERP.Split('.').ToList();\r\n\r\n            tipoDoc = stringSplit[0];\r\n            serieDoc = stringSplit[1];\r\n            numDoc = Convert.ToInt32(stringSplit[2]);\r\n\r\n            if (!bsERP.Compras.Documentos.Existe(filial, tipoDoc, serieDoc, numDoc))\r\n            {\r\n                var message = PrimaveraApplicationBehaviours.Primavera_GetText(new Dictionary<string, object>{\r\n        {\"name\",\"PurchaseDocumentNotFound\"},\r\n        {\"language\",context.Operation.Language},\r\n        {\"parameters\",new object[]{ tipoDoc, serieDoc, numDoc, filial }}\r\n    });\r\n\r\n                throw new Exception(message[\"text\"]?.ToString());\r\n            }\r\n\r\n            string tempFolderPath = Path.GetTempPath();\r\n            string nomeFicheiro = \"DOC_\" + filial + \"_\" + tipoDoc + \"_\" + serieDoc + \"_\" + numDoc.ToString() + \".pdf\";\r\n            string caminhoFicheiro = Path.Combine(tempFolderPath, nomeFicheiro);\r\n            \r\n            Task.Run(() => { bsERP.Compras.Documentos.ImprimeDocumento(tipoDoc, serieDoc, numDoc, filial, 1, \"\", false, caminhoFicheiro); }).Wait(20000);\r\n            \r\n            if (!File.Exists(caminhoFicheiro))\r\n            {\r\n                var message = Primavera_GetText(new Dictionary<string, object>{\r\n                    {\"name\",\"PurchaseDocumentPrintError\"},\r\n                    {\"language\",context.Operation.Language}\r\n                });\r\n\r\n                throw new Exception(message[\"text\"]?.ToString());\r\n            }\r\n            \r\n            using (var content = new MultipartFormDataContent())\r\n            {\r\n                content.Add(new StreamContent(File.OpenRead(caminhoFicheiro))\r\n                {\r\n                    Headers =\r\n                    {\r\n                        ContentLength = new FileInfo(caminhoFicheiro).Length,\r\n                        ContentType = new MediaTypeHeaderValue(\"application/pdf\")\r\n                    }\r\n                }, \"File\", nomeFicheiro);\r\n\r\n                var httpClient = context.CreateApplicationHttpClient();\r\n                var result = httpClient.PostAsync($\"tempfiles\", content).GetAwaiter().GetResult();\r\n            }\r\n            \r\n\r\n            return new Dictionary<string, object> { { \"filename\", nomeFicheiro } };",
  "description": "",
  "executionLocation": "External",
  "behaviourNamespaces": [
    {
      "name": "ErpBS100",
      "description": "",
      "executionLocation": "External",
      "fullyQualifiedName": "ErpBS100"
    },
    {
      "name": "SystemIO",
      "description": "",
      "executionLocation": "External",
      "fullyQualifiedName": "System.IO"
    },
    {
      "name": "HTTP",
      "description": "",
      "executionLocation": "External",
      "fullyQualifiedName": "System.Net.Http"
    },
    {
      "name": "HTTPHeaders",
      "description": "",
      "executionLocation": "External",
      "fullyQualifiedName": "System.Net.Http.Headers"
    }
  ]
}