{
  "name": "Primavera_SetupDataBase",
  "dataSource": "Primavera",
  "expression": "ErpBS erpBs = GetEmpresaPrimavera(context.Operation.DataSource);\r\n\r\nvar httpClient = context.CreateApplicationHttpClient();\r\n\r\nvar getSettingsResult = httpClient.PostAsJsonAsync($\"behaviours/Default/System_GetSettings\", new { }).GetAwaiter().GetResult();\r\n\r\nPrimavera_EnsureSuccessApiResult(new Dictionary<string, object>\r\n    {\r\n        { \"requestResult\", getSettingsResult }\r\n    }, context);\r\n\r\nvar settingsDictionary = JsonConvert.DeserializeObject<Dictionary<string, object>>(getSettingsResult.Content.ReadAsStringAsync().GetAwaiter().GetResult());\r\nif (!settingsDictionary.ContainsKey(\"settingsList\"))\r\n{\r\n    throw new Exception(\"Missing 'settingsList'!\");\r\n}\r\nvar settingsDto = JsonConvert.DeserializeObject<SettingsDto>(settingsDictionary[\"settingsList\"].ToString());\r\n\r\nvar sql = $@\"\";\r\n\r\nRegex.Split(sql, \"GO\\r\\n\").ToList().ForEach(linha =>\r\n{\r\n    if (!string.IsNullOrEmpty(linha))\r\n    {\r\n        using (var trans = erpBs.DSO.BDAPL.BeginTransaction())\r\n        {\r\n            try\r\n            {\r\n                var adp = erpBs.DSO.BDAPL.CreateCommand();\r\n                adp.CommandText = linha;\r\n                adp.Transaction = trans;\r\n                adp.ExecuteNonQuery();\r\n                trans.Commit();\r\n            }\r\n            catch (Exception ex)\r\n            {\r\n                if (trans != null)\r\n                    trans.Rollback();\r\n                throw ex;\r\n            }\r\n        }\r\n\r\n    }\r\n});\r\n\r\nreturn new Dictionary<string, object>()\r\n{\r\n    {\"message\", \"sucesso\" }\r\n};\r\n\r\nErpBS GetEmpresaPrimavera(string company)\r\n{\r\n    Dictionary<string, object> arguments = new Dictionary<string, object>();\r\n    arguments.Add(\"Company\", company);\r\n    IDictionary<string, object> erpBsResponse = PrimaveraApplicationBehaviours.Primavera_OpenCompany(arguments, context);\r\n    if (erpBsResponse.ContainsKey(\"ErpBS\"))\r\n    {\r\n        return (ErpBS)erpBsResponse[\"ErpBS\"];\r\n    }\r\n    else\r\n    {\r\n        var message = PrimaveraApplicationBehaviours.Primavera_GetText(new Dictionary<string, object> { { \"name\", \"OpenErpCompanyError\" }, { \"language\", context.Operation.Language } });\r\n        throw new Exception(message[\"text\"]?.ToString());\r\n    }\r\n}",
  "description": "",
  "executionLocation": "External",
  "behaviourNamespaces": [
    {
      "name": "ErpBS100",
      "description": "",
      "executionLocation": "External",
      "fullyQualifiedName": "ErpBS100"
    },
    {
      "name": "SystemTextRegularExpressions",
      "description": "",
      "executionLocation": "External",
      "fullyQualifiedName": "System.Text.RegularExpressions"
    },
    {
      "name": "SystemNetHttp",
      "description": "",
      "executionLocation": "External",
      "fullyQualifiedName": "System.Net.Http"
    }
  ]
}