{
  "name": "SendEmailNotification",
  "dataSource": "System",
  "expression": "var httpClient = context.CreateApplicationHttpClient();\r\nvar requestResult = httpClient.GetAsync<Dictionary<string, object>>(\"Settings/Default/SMTP\").GetAwaiter().GetResult();\r\nif (requestResult == null)\r\n{\r\n    var emailRequestData = new\r\n    {\r\n        To = new [] { new { Address = args[\"Email\"]!= null ? args[\"Email\"].ToString() : string.Empty } },\r\n        Subject = new { Text = args[\"Subject\"].ToString() },\r\n        Body = new { Text = args[\"Body\"].ToString() }\r\n    };\r\n    \r\n    var requestEmailResult = httpClient.PostAsync(\"Email\", emailRequestData).GetAwaiter().GetResult();\r\n    \r\n    if (!requestEmailResult.IsSuccessStatusCode)\r\n        throw new Exception(SystemApplicationBehaviours.System_GetText(new Dictionary<string, object>{\r\n            {\"name\",\"CantSendEmails\"},\r\n            {\"language\",context.Operation.Language},\r\n            {\"parameters\",new object[]{requestEmailResult.Content.ReadAsStringAsync().GetAwaiter().GetResult()}}\r\n        })[\"text\"].ToString());\r\n\r\n    return new Dictionary<string, object>();\r\n}\r\nelse{\r\n    string host = requestResult[\"host\"].ToString();\r\n    int port = Int32.Parse(requestResult[\"port\"].ToString());\r\n    string username = requestResult[\"username\"].ToString();\r\n    \r\n    if(requestResult[\"from\"] == null)\r\n    {\r\n        var message = SystemApplicationBehaviours.System_GetText(new Dictionary<string,object>{\r\n            {\"name\",\"MissingAddressAtSMTPConfig\"},\r\n            {\"language\",context.Operation.Language}\r\n        });\r\n        throw new Exception(message[\"text\"]?.ToString());\r\n    }\r\n    string from = requestResult[\"from\"].ToString();\r\n    bool enableSsl = bool.Parse(requestResult[\"enableSsl\"].ToString());\r\n    string password = requestResult[\"password\"]!= null ? requestResult[\"password\"].ToString() : string.Empty;\r\n    var decryptArgs = new Dictionary<string, object>{{\"EncryptedText\", password}};\r\n    var decrypted = SystemApplicationBehaviours.Decrypt(decryptArgs);\r\n    using (var client = new SmtpClient())\r\n    {\r\n        client.Timeout = 5000;\r\n        client.Port = port;\r\n        client.DeliveryMethod = SmtpDeliveryMethod.Network;\r\n        client.UseDefaultCredentials = false;\r\n        client.Credentials = new NetworkCredential(username, decrypted[\"DecryptedText\"].ToString());\r\n        client.EnableSsl = enableSsl;\r\n        client.Host = host;\r\n        MailMessage mail = new MailMessage(from, args[\"Email\"]!= null ? args[\"Email\"].ToString(): string.Empty);\r\n        mail.Subject = args[\"Subject\"].ToString();\r\n        mail.Body = args[\"Body\"].ToString();\r\n        mail.IsBodyHtml = true;\r\n        try\r\n        {\r\n            client.Send(mail);\r\n        }\r\n        catch (SmtpException) {\r\n            throw;\r\n        }\r\n        return new Dictionary<string, object>();\r\n    }\r\n}",
  "description": "",
  "executionLocation": "Internal",
  "behaviourNamespaces": [
    {
      "name": "SystemNetMail",
      "description": "",
      "executionLocation": "Internal",
      "fullyQualifiedName": "System.Net.Mail"
    }
  ]
}