{
  "name": "System_GetCurrentUserEmployee",
  "dataSource": "System",
  "expression": "            var employee = Cache.ActiveEmployeeDataCache.Instance.GetEntry(context.Authentication.Username, context);\r\n\r\n            if (employee == null)\r\n            {\r\n                var message = SystemApplicationBehaviours.System_GetText(new Dictionary<string, object>{\r\n        {\"name\",\"UserWithoutEmployee\"},\r\n        {\"language\",context.Operation.Language}\r\n    });\r\n                throw new Exception(message[\"text\"]?.ToString());\r\n            }\r\n\r\n            return new Dictionary<string, object>()\r\n{\r\n    { \"_code\", employee._code },\r\n    { \"_name\", employee._name },\r\n    { \"_inactive\", employee._inactive },\r\n    { \"defaultcompany\", employee.DefaultCompany },\r\n    { \"company\", employee.Company },\r\n    { \"manager\", employee.Manager },\r\n    { \"expensesmanager\", employee.ExpensesManager },\r\n    { \"username\", employee.Username },\r\n    { \"contactemail\", employee.ContactEmail },\r\n    { \"erpcode\", employee.ErpCode },\r\n    { \"substitutemanager\", employee.SubstituteManager },\r\n};",
  "description": "Get Employee associated to the logged user",
  "executionLocation": "Internal",
  "behaviourNamespaces": [
    {
      "name": "NetHttp",
      "description": "",
      "executionLocation": "Internal",
      "fullyQualifiedName": "System.Net.Http"
    }
  ]
}