{
  "name": "System_GetSettings",
  "dataSource": "System",
  "expression": "Dictionary<string, object> result = new Dictionary<string, object>();\r\ntry\r\n{\r\n    var settingsCache = Cache.SettingsCache.Instance;\r\n    var listCache = settingsCache.GetEntry(\"ERPPrimavera\", context);\r\n\r\n    if (listCache != null)\r\n    {\r\n\r\n        result.Add(\"SettingsList\", JsonConvert.SerializeObject(listCache));\r\n    }\r\n    else\r\n    {\r\n        throw new Exception(\"No Settings Found\");\r\n    }\r\n}\r\ncatch (Exception ex)\r\n{\r\n    throw ex;\r\n}\r\n\r\nreturn result;",
  "description": "Settings Cache Dictionary to return the Database Suffix",
  "executionLocation": "Internal",
  "behaviourNamespaces": []
}