{
  "name": "System_CallConnectorBehaviour",
  "dataSource": "System",
  "expression": "string behaviour = string.Empty;\r\nobject dto = null;\r\nDictionary<string, object> results = new Dictionary<string, object>();\r\n\r\nif (args.Keys.Contains(\"behaviour\"))\r\n    behaviour = args[\"behaviour\"].ToString();\r\nelse\r\n    throw new Exception(SystemApplicationBehaviours.System_GetText(new Dictionary<string, object>{\r\n    \t{\"name\",\"ArgumentNotSpecified\"},\r\n    \t{\"language\",context.Operation.Language},\r\n    \t{\"parameters\",new object[]{\"behaviour\"}}\r\n    })[\"text\"].ToString());\r\n\r\nif (args.Keys.Contains(\"dto\"))\r\n    dto = args[\"dto\"];\r\nelse\r\n    throw new Exception(SystemApplicationBehaviours.System_GetText(new Dictionary<string, object>{\r\n    \t{\"name\",\"ArgumentNotSpecified\"},\r\n    \t{\"language\",context.Operation.Language},\r\n    \t{\"parameters\",new object[]{\"dto\"}}\r\n    })[\"text\"].ToString());\r\n\r\nresults = OMNIA.CallConnectorBehaviour.Execute(context, behaviour, dto);\r\n\r\nreturn results;",
  "description": "",
  "executionLocation": "Internal",
  "behaviourNamespaces": []
}