{
  "name": "System_SetupOMNIADataBase",
  "dataSource": "System",
  "expression": "var httpClient = context.CreateApplicationHttpClient();\r\nvar dataSource = \"Default\";\r\nvar requestCompanyResult = httpClient.PostAsJsonAsync($\"Queries/PrimaveraQuery/{dataSource}?pageSize=1\", new {}).GetAwaiter().GetResult();\r\n\r\nif (!requestCompanyResult.IsSuccessStatusCode)\r\n     throw new Exception(SystemApplicationBehaviours.System_GetText(new Dictionary<string, object>{\r\n    \t{\"name\",\"QueryExecuteError\"},\r\n    \t{\"language\",context.Operation.Language},\r\n    \t{\"parameters\",new object[]{\"CompanyQuery\"}}\r\n    })[\"text\"].ToString());\r\n\r\nvar resultPRIMAVERA = requestCompanyResult.Content.ReadAsAsync<List<Dictionary<string, object>>>().GetAwaiter().GetResult();\r\n\r\nif (resultPRIMAVERA.Count > 0 && resultPRIMAVERA.Where(row => Convert.ToBoolean(row[\"_inactive\"] = true)).Any())\r\n{\r\nvar primavera = resultPRIMAVERA.Where(row => Convert.ToBoolean(row[\"_inactive\"] = true)).First()[\"_code\"].ToString();\r\n\r\nvar request = httpClient.PostAsJsonAsync($\"Behaviours/{primavera}/Primavera_SetupOMNIADataBase\", new { }).GetAwaiter().GetResult();\r\n\r\nSystemApplicationBehaviours.EnsureSuccessApiResult(new Dictionary<string, object> { { \"requestResult\", request } }, context);\r\n\r\nvar result =  request.Content.ReadAsAsync<Dictionary<string, object>>()\r\n     .GetAwaiter().GetResult();\r\n     \r\n     \r\nreturn new Dictionary<string, object>()\r\n{\r\n    {\"message\", \"sucesso\" }\r\n};\r\n}\r\nelse\r\n throw new Exception(SystemApplicationBehaviours.System_GetText(new Dictionary<string, object>{\r\n    \t{\"name\",\"QueryExecuteError\"},\r\n    \t{\"language\",context.Operation.Language},\r\n    \t{\"parameters\",new object[]{\"PrimaveraQuery\"}}\r\n    })[\"text\"].ToString());\r\n",
  "description": "",
  "executionLocation": "Internal",
  "behaviourNamespaces": [
    {
      "name": "SystemNetHttp",
      "description": "",
      "executionLocation": "Internal",
      "fullyQualifiedName": "System.Net.Http"
    }
  ]
}