{
  "name": "ValidateRequisition",
  "dataSource": "System",
  "expression": "            var logger = context.Services.GetService<ILogger<Context>>();\r\n            logger.LogInformation(\"ValidateRequisition\");\r\n            Dictionary<string, object> results = new Dictionary<string, object>();\r\n            List<Dictionary<string, object>> updateAttributes = new List<Dictionary<string, object>>();\r\n\r\n            string _omniaCode = string.Empty;\r\n\r\n            int _operation = -1;\r\n            string _decision = string.Empty;\r\n\r\n            try\r\n            {\r\n                if (args.ContainsKey(\"omniaCode\"))\r\n                    _omniaCode = args[\"omniaCode\"].ToString();\r\n                else\r\n                    throw new Exception(SystemApplicationBehaviours.System_GetText(new Dictionary<string, object>{\r\n                    \t{\"name\",\"ArgumentNotSpecified\"},\r\n                    \t{\"language\",context.Operation.Language},\r\n                    \t{\"parameters\",new object[]{\"omniaCode\"}}\r\n                    })[\"text\"].ToString());\r\n\r\n                if (args.ContainsKey(\"operation\"))\r\n                    _operation = Convert.ToInt32(args[\"operation\"]);\r\n                else\r\n                    throw new Exception(SystemApplicationBehaviours.System_GetText(new Dictionary<string, object>{\r\n                    \t{\"name\",\"ArgumentNotSpecified\"},\r\n                    \t{\"language\",context.Operation.Language},\r\n                    \t{\"parameters\",new object[]{\"operation\"}}\r\n                    })[\"text\"].ToString());\r\n\r\n                logger.LogInformation($\"ValidateRequisition: Code '{_omniaCode}' - Operation '{_operation}'\");\r\n                \r\n                switch (_operation)\r\n                {\r\n                    case 0:\r\n                        _decision = nameof(RequisitionsStateMachinePendingDecisions.Submit);\r\n                        break;\r\n                    case 1:\r\n                        _decision = nameof(RequisitionsStateMachinePendingDecisions.Close);\r\n                        break;\r\n                    case 2:\r\n                        _decision = nameof(RequisitionsStateMachinePendingDecisions.Satisfied);\r\n                        break;\r\n                    case 3:\r\n                        updateAttributes.Add(new Dictionary<string, object>() { { \"op\", \"replace\" }, { \"path\", \"terminou\" }, { \"value\", true } });\r\n                        break;\r\n                }\r\n\r\n                var client = context.CreateApplicationHttpClient();\r\n                \r\n                logger.LogInformation($\"ValidateRequisition: GetAsync\");\r\n                var requestResult = client.GetAsync($\"Requisitions/Default/{_omniaCode}\").GetAwaiter().GetResult();\r\n                \r\n                if (requestResult.IsSuccessStatusCode)\r\n                {\r\n                    var data = requestResult.Content.ReadAsStringAsync().GetAwaiter().GetResult();\r\n\r\n                    RequisitionsDto dto = JsonConvert.DeserializeObject<RequisitionsDto>(data);\r\n                    \r\n                    logger.LogInformation($\"ValidateRequisition: DTO State {dto._state}\");\r\n\r\n                    if (dto._state == RequisitionsStateMachineStates.Pending)\r\n                    {\r\n                        UpdateRequisitionDocument(client, _decision, dto._code, updateAttributes);\r\n                        if (string.IsNullOrEmpty(_decision))\r\n                            _decision = \"orderCompleted\";\r\n                        results.Add(_decision, true);\r\n                    }\r\n                }\r\n                else\r\n                {\r\n                    logger.LogInformation($\"ValidateRequisition: statusCode '{requestResult.StatusCode.ToString()}'\");\r\n                    results.Add(\"statusCode\", requestResult.StatusCode.ToString());\r\n                }\r\n            }\r\n            catch (Exception ex)\r\n            {\r\n                throw new Exception(SystemApplicationBehaviours.System_GetText(new Dictionary<string, object>{\r\n                \t{\"name\",\"ErrorValidateRequisition\"},\r\n                \t{\"language\",context.Operation.Language},\r\n                \t{\"parameters\",new object[]{ex.Message}}\r\n                })[\"text\"].ToString());\r\n            }\r\n\r\n            return results;\r\n\r\n            void UpdateRequisitionDocument(HttpClient client, string decision, string dtoCode, List<Dictionary<string,object>> body)\r\n            {\r\n                logger.LogInformation($\"ValidateRequisition: Pacth\");\r\n                var saveResult = client.PatchAsync($\"Requisitions/Default/{dtoCode}?decision={decision}&comment=\", body).Result;\r\n\r\n                SystemApplicationBehaviours.EnsureSuccessApiResult(new Dictionary<string, object>\r\n                        {\r\n                            {\"requestResult\", saveResult},\r\n                            {\"message\",\r\n                            SystemApplicationBehaviours.System_GetText(new Dictionary<string, object>{\r\n                            {\"name\",\"FailureOnUpdate\"},\r\n                            {\"language\",context.Operation.Language}\r\n                            })[\"text\"].ToString()}\r\n                        }, context);\r\n                logger.LogInformation($\"ValidateRequisition: Pacth Success\");\r\n            }",
  "description": "",
  "executionLocation": "Internal",
  "behaviourNamespaces": [
    {
      "name": "HTTP",
      "description": "",
      "executionLocation": "Internal",
      "fullyQualifiedName": "System.Net.Http"
    },
    {
      "name": "MicrosoftExtensionsLogging",
      "description": "",
      "executionLocation": "Internal",
      "fullyQualifiedName": "Microsoft.Extensions.Logging"
    }
  ]
}