{
  "name": "MyOURequisitionsList",
  "type": "List",
  "label": "My OU Requisitions",
  "query": "MyOURequisitionsQuery",
  "elements": [
    {
      "row": 0,
      "name": "_code",
      "size": 1,
      "type": "ListColumn",
      "label": "${Texts.Code}",
      "column": 1,
      "elements": [],
      "helpText": null,
      "isHidden": false,
      "attributes": [
        {
          "key": "formattingType",
          "value": "Text"
        }
      ],
      "behaviours": [],
      "description": null,
      "visibleFrom": null
    },
    {
      "row": 0,
      "name": "_date",
      "size": 1,
      "type": "ListColumn",
      "label": "${Texts.DateText}",
      "column": 4,
      "elements": [],
      "helpText": null,
      "isHidden": false,
      "attributes": [
        {
          "key": "formattingType",
          "value": "Date"
        }
      ],
      "behaviours": [],
      "description": null,
      "visibleFrom": null
    },
    {
      "row": 0,
      "name": "documentType",
      "size": 2,
      "type": "ListColumn",
      "label": "${Texts.DocumentType}",
      "column": 2,
      "elements": [],
      "helpText": "",
      "isHidden": false,
      "attributes": [
        {
          "key": "formattingType",
          "value": "Enumeration"
        },
        {
          "key": "enumeration",
          "value": "RequisitionTypes"
        }
      ],
      "behaviours": [],
      "description": null,
      "visibleFrom": "Mobile"
    },
    {
      "row": 0,
      "name": "_state",
      "size": 2,
      "type": "ListColumn",
      "label": "${Texts.ApprovalStage}",
      "column": 14,
      "elements": [],
      "helpText": "",
      "isHidden": false,
      "attributes": [
        {
          "key": "formattingType",
          "value": "Enumeration"
        },
        {
          "key": "enumeration",
          "value": "RequisitionsStateMachineStates"
        }
      ],
      "behaviours": [],
      "description": null,
      "visibleFrom": "Mobile"
    },
    {
      "row": 1,
      "name": "DocumentDownload",
      "size": 1,
      "type": "WebComponent",
      "label": "${Texts.Download}",
      "column": 20,
      "elements": [],
      "helpText": "",
      "isHidden": false,
      "attributes": [
        {
          "key": "webComponentName",
          "value": "OmniaErpDownload"
        },
        {
          "key": "customElementName",
          "value": "omnia-erp-download"
        }
      ],
      "behaviours": [],
      "description": null,
      "visibleFrom": "Mobile"
    },
    {
      "row": 0,
      "name": "documentoERP",
      "size": 1,
      "type": "ListColumn",
      "label": "${Texts.ERPDOC}",
      "column": 18,
      "elements": [],
      "helpText": "",
      "isHidden": false,
      "attributes": [
        {
          "key": "formattingType",
          "value": "Text"
        }
      ],
      "behaviours": [],
      "description": null,
      "visibleFrom": "Mobile"
    },
    {
      "row": 0,
      "name": "primavera",
      "size": 1,
      "type": "ListColumn",
      "label": "Primavera",
      "column": 1,
      "elements": [],
      "helpText": "",
      "isHidden": true,
      "attributes": [
        {
          "key": "formattingType",
          "value": "Text"
        }
      ],
      "behaviours": [],
      "description": null,
      "visibleFrom": "Mobile"
    },
    {
      "row": 0,
      "name": "filial",
      "size": 1,
      "type": "ListColumn",
      "label": "Filial",
      "column": 1,
      "elements": [],
      "helpText": "",
      "isHidden": true,
      "attributes": [
        {
          "key": "formattingType",
          "value": "Text"
        }
      ],
      "behaviours": [],
      "description": null,
      "visibleFrom": "Mobile"
    },
    {
      "row": 0,
      "name": "AssignedName",
      "size": 2,
      "type": "ListColumn",
      "label": "${Texts.Approver}",
      "column": 5,
      "elements": [],
      "helpText": "",
      "isHidden": false,
      "attributes": [
        {
          "key": "formattingType",
          "value": "Text"
        }
      ],
      "behaviours": [],
      "description": null,
      "visibleFrom": "Mobile"
    },
    {
      "row": 0,
      "name": "Etapa",
      "size": 2,
      "type": "ListColumn",
      "label": "${Texts.Phase}",
      "column": 16,
      "elements": [],
      "helpText": "",
      "isHidden": false,
      "attributes": [
        {
          "key": "formattingType",
          "value": "Text"
        }
      ],
      "behaviours": [],
      "description": null,
      "visibleFrom": "Mobile"
    },
    {
      "row": 0,
      "name": "EmployeeName",
      "size": 2,
      "type": "ListColumn",
      "label": "${Texts.Author}",
      "column": 6,
      "elements": [],
      "helpText": "",
      "isHidden": false,
      "attributes": [
        {
          "key": "formattingType",
          "value": "Text"
        }
      ],
      "behaviours": [],
      "description": null,
      "visibleFrom": "Mobile"
    }
  ],
  "helpText": null,
  "attributes": [
    {
      "key": "queryTableDefinition",
      "value": "Requisitions"
    }
  ],
  "behaviours": [],
  "dataSource": "System",
  "description": null
}