{
  "name": "QuotationLinesERPList",
  "type": "List",
  "label": "Quotation Lines ERP",
  "query": "QuotationLinesERPQuery",
  "elements": [
    {
      "row": 0,
      "name": "_code",
      "size": 1,
      "type": "ListColumn",
      "label": "${Texts.Code}",
      "column": 1,
      "elements": [],
      "helpText": "",
      "isHidden": false,
      "attributes": [
        {
          "key": "formattingType",
          "value": "Text"
        }
      ],
      "behaviours": [],
      "description": null,
      "visibleFrom": "Mobile"
    },
    {
      "row": 0,
      "name": "unitPrice",
      "size": 1,
      "type": "ListColumn",
      "label": "${Texts.UnitValue}",
      "column": 3,
      "elements": [],
      "helpText": "",
      "isHidden": false,
      "attributes": [
        {
          "key": "formattingType",
          "value": "Decimal"
        }
      ],
      "behaviours": [],
      "description": null,
      "visibleFrom": "Mobile"
    },
    {
      "row": 0,
      "name": "deliveryDate",
      "size": 2,
      "type": "ListColumn",
      "label": "${Texts.DeliveryDate}",
      "column": 4,
      "elements": [],
      "helpText": "",
      "isHidden": false,
      "attributes": [
        {
          "key": "formattingType",
          "value": "Date"
        }
      ],
      "behaviours": [],
      "description": null,
      "visibleFrom": "Mobile"
    },
    {
      "row": 0,
      "name": "supplier",
      "size": 1,
      "type": "ListColumn",
      "label": "${Texts.Supplier}",
      "column": 5,
      "elements": [],
      "helpText": "",
      "isHidden": false,
      "attributes": [
        {
          "key": "formattingType",
          "value": "Text"
        }
      ],
      "behaviours": [],
      "description": null,
      "visibleFrom": "Mobile"
    },
    {
      "row": 0,
      "name": "supplierName",
      "size": 3,
      "type": "ListColumn",
      "label": "${Texts.SupplierNameText}",
      "column": 6,
      "elements": [],
      "helpText": "",
      "isHidden": false,
      "attributes": [
        {
          "key": "formattingType",
          "value": "Text"
        }
      ],
      "behaviours": [],
      "description": null,
      "visibleFrom": "Mobile"
    }
  ],
  "helpText": null,
  "attributes": [
    {
      "key": "queryTableDefinition",
      "value": "QuotationLinesERP"
    }
  ],
  "behaviours": [],
  "dataSource": "Primavera",
  "description": null
}