{
  "name": "QuotationLinesERPByItemReqList",
  "type": "List",
  "label": "${Texts.EmptyString}",
  "query": "QuotationLinesERPByItemReqQuery",
  "elements": [
    {
      "row": 0,
      "name": "_code",
      "size": 1,
      "type": "ListColumn",
      "label": "${Texts.Item}",
      "column": 1,
      "elements": [],
      "helpText": "",
      "isHidden": false,
      "attributes": [
        {
          "key": "formattingType",
          "value": "Text"
        }
      ],
      "behaviours": [],
      "description": null,
      "visibleFrom": "Mobile"
    },
    {
      "row": 0,
      "name": "deliveryDate",
      "size": 1,
      "type": "ListColumn",
      "label": "${Texts.DeliveryDateSupplierText}",
      "column": 9,
      "elements": [],
      "helpText": "",
      "isHidden": false,
      "attributes": [
        {
          "key": "formattingType",
          "value": "Date"
        }
      ],
      "behaviours": [],
      "description": null,
      "visibleFrom": "Mobile"
    },
    {
      "row": 0,
      "name": "supplier",
      "size": 1,
      "type": "ListColumn",
      "label": "${Texts.Supplier}",
      "column": 7,
      "elements": [],
      "helpText": "",
      "isHidden": false,
      "attributes": [
        {
          "key": "formattingType",
          "value": "Text"
        }
      ],
      "behaviours": [],
      "description": null,
      "visibleFrom": "Mobile"
    },
    {
      "row": 0,
      "name": "supplierName",
      "size": 2,
      "type": "ListColumn",
      "label": "${Texts.SupplierNameText}",
      "column": 8,
      "elements": [],
      "helpText": "",
      "isHidden": false,
      "attributes": [
        {
          "key": "formattingType",
          "value": "Text"
        }
      ],
      "behaviours": [],
      "description": null,
      "visibleFrom": "Mobile"
    },
    {
      "row": 0,
      "name": "quantity",
      "size": 1,
      "type": "ListColumn",
      "label": "${Texts.Quantity}",
      "column": 2,
      "elements": [],
      "helpText": "",
      "isHidden": false,
      "attributes": [
        {
          "key": "formattingType",
          "value": "Integer"
        }
      ],
      "behaviours": [],
      "description": null,
      "visibleFrom": "Mobile"
    },
    {
      "row": 0,
      "name": "unitPrice",
      "size": 1,
      "type": "ListColumn",
      "label": "${Texts.UnitPriceText}",
      "column": 10,
      "elements": [],
      "helpText": "",
      "isHidden": false,
      "attributes": [
        {
          "key": "formattingType",
          "value": "Decimal"
        }
      ],
      "behaviours": [],
      "description": null,
      "visibleFrom": "Mobile"
    },
    {
      "row": 0,
      "name": "discount",
      "size": 1,
      "type": "ListColumn",
      "label": "${Texts.DiscountText}",
      "column": 11,
      "elements": [],
      "helpText": "",
      "isHidden": false,
      "attributes": [
        {
          "key": "formattingType",
          "value": "Integer"
        }
      ],
      "behaviours": [],
      "description": null,
      "visibleFrom": "Mobile"
    },
    {
      "row": 0,
      "name": "total",
      "size": 1,
      "type": "ListColumn",
      "label": "Total",
      "column": 12,
      "elements": [],
      "helpText": "",
      "isHidden": false,
      "attributes": [
        {
          "key": "formattingType",
          "value": "Decimal"
        }
      ],
      "behaviours": [],
      "description": null,
      "visibleFrom": "Mobile"
    }
  ],
  "helpText": "",
  "attributes": [
    {
      "key": "queryTableDefinition",
      "value": "QuotationLinesERP"
    }
  ],
  "behaviours": [],
  "dataSource": "Primavera",
  "description": ""
}