{
  "name": "SettingsList",
  "type": "List",
  "label": "${Texts.Settings}",
  "query": "SettingsQuery",
  "elements": [
    {
      "row": 0,
      "name": "_code",
      "size": 0,
      "type": "ListColumn",
      "label": "${Texts.Code}",
      "column": 0,
      "elements": [],
      "helpText": null,
      "isHidden": false,
      "attributes": [
        {
          "key": "formattingType",
          "value": "Text"
        }
      ],
      "behaviours": [],
      "description": null
    },
    {
      "row": 0,
      "name": "_name",
      "size": 0,
      "type": "ListColumn",
      "label": "${Texts.Name}",
      "column": 0,
      "elements": [],
      "helpText": null,
      "isHidden": false,
      "attributes": [
        {
          "key": "formattingType",
          "value": "Text"
        }
      ],
      "behaviours": [],
      "description": null
    },
    {
      "row": 0,
      "name": "_description",
      "size": 0,
      "type": "ListColumn",
      "label": "${Texts.Description}",
      "column": 0,
      "elements": [],
      "helpText": null,
      "isHidden": false,
      "attributes": [
        {
          "key": "formattingType",
          "value": "Text"
        }
      ],
      "behaviours": [],
      "description": null
    },
    {
      "row": 0,
      "name": "_inactive",
      "size": 0,
      "type": "ListColumn",
      "label": "${Texts.Inactive}",
      "column": 0,
      "elements": [],
      "helpText": null,
      "isHidden": false,
      "attributes": [
        {
          "key": "formattingType",
          "value": "Boolean"
        }
      ],
      "behaviours": [],
      "description": null
    }
  ],
  "helpText": null,
  "attributes": [],
  "behaviours": [],
  "dataSource": "System",
  "description": null
}