{
  "name": "EmployeeDashboard",
  "type": "Dashboard",
  "label": "${Texts.Employee}",
  "elements": [
    {
      "row": 1,
      "name": "EmployeeList",
      "size": 12,
      "type": "List",
      "label": "${Texts.Employee}",
      "column": 1,
      "elements": [],
      "helpText": null,
      "isHidden": false,
      "attributes": [
        {
          "key": "listCode",
          "value": "EmployeeList"
        }
      ],
      "behaviours": [],
      "description": null,
      "visibleFrom": null
    },
    {
      "row": 2,
      "name": "Outofoffice",
      "size": 12,
      "type": "List",
      "label": "${Texts.OutofOffice}",
      "column": 1,
      "elements": [],
      "helpText": "",
      "isHidden": false,
      "attributes": [
        {
          "key": "listCode",
          "value": "EmployeeOutOfOfficeList"
        }
      ],
      "behaviours": [],
      "description": "",
      "visibleFrom": null
    }
  ],
  "helpText": null,
  "attributes": [],
  "behaviours": [
    {
      "name": "Initializer",
      "type": "Initialize",
      "expression": "if(!(this._context.authentication.userIsInRole('Approver') || this._context.authentication.userIsInRole('HRApprover')  || this._context.authentication.userIsInRole('Administration'))){\n    delete this._metadata.elements.outofoffice;\n    this._metadata.attributes.addNewOption = 'hidden';\n}",
      "description": ""
    }
  ],
  "description": null
}