{
  "name": "FinancialDocumentERPDashboard",
  "type": "Dashboard",
  "label": "Financial Document ERP",
  "elements": [
    {
      "row": 1,
      "name": "FDWaitMyValidationContainer",
      "size": 12,
      "type": "Container",
      "label": "${Texts.FinancialDocumentsWaitMyValidation}",
      "column": 1,
      "elements": [
        {
          "row": 1,
          "name": "FDWaitMyValidationList",
          "size": 12,
          "type": "List",
          "label": "${Texts.EmptyString}",
          "column": 1,
          "elements": [],
          "helpText": "",
          "isHidden": false,
          "attributes": [
            {
              "key": "listCode",
              "value": "FDWaitMyValidationList"
            },
            {
              "key": "pageSize",
              "value": "10"
            }
          ],
          "behaviours": [
            {
              "name": "OnFDWaitMyValidationListChange",
              "type": "Change",
              "expression": "const translator = this._context.getLanguageTranslator();\r\nif (newValue) {\r\n    for (var i in newValue) {\r\n        newValue[i].behaviour = \"Primavera_DownloadPurchaseDoc\";\r\n        newValue[i].args =\r\n            {\r\n                documentoERP: newValue[i]._code\r\n                ,filial: newValue[i].filial\r\n                ,link_entidade: 'Requisitions'\r\n                ,link_code: newValue[i].cdU_CodOmnia\r\n                ,link_datasource: 'Default'\r\n            };\r\n        newValue[i].downloadTitle = translator.translateToApplication('${Texts.DownloadERPDocument}');\r\n        newValue[i].linkTitle = translator.translateToApplication('${Texts.ConsultRequest}');\r\n    }\r\n    let value = translator.translateToApplication('${Texts.FinancialDocumentsWaitMyValidation}');\r\n    this._metadata.elements.fdWaitMyValidationContainer.label = value + \" (\" + newValue.length + \")\";\r\n    this._metadata.elements.fdWaitMyValidationContainer.attributes.isOpen = newValue.length > 0;\r\n}",
              "description": ""
            }
          ],
          "description": null,
          "visibleFrom": "Mobile"
        }
      ],
      "helpText": "",
      "isHidden": false,
      "attributes": [],
      "behaviours": [],
      "description": null,
      "visibleFrom": "Mobile"
    },
    {
      "row": 5,
      "name": "MyFinancialDocumentContainer",
      "size": 12,
      "type": "Container",
      "label": "${Texts.MyFinancialDocuments}",
      "column": 1,
      "elements": [
        {
          "row": 1,
          "name": "MyFinancialDocumentList",
          "size": 12,
          "type": "List",
          "label": "${Texts.EmptyString}",
          "column": 1,
          "elements": [],
          "helpText": "",
          "isHidden": false,
          "attributes": [
            {
              "key": "listCode",
              "value": "MyFinancialDocumentList"
            },
            {
              "key": "pageSize",
              "value": "10"
            }
          ],
          "behaviours": [
            {
              "name": "OnMyFinancialDocumentListChange",
              "type": "Change",
              "expression": "const translator = this._context.getLanguageTranslator();\r\nif (newValue) {\r\n    for (var i in newValue) {\r\n        newValue[i].behaviour = \"Primavera_DownloadPurchaseDoc\";\r\n        newValue[i].args =\r\n            {\r\n                documentoERP: newValue[i]._code\r\n                ,filial: newValue[i].filial\r\n                ,link_entidade: 'Requisitions'\r\n                ,link_code: newValue[i].cdU_CodOmnia\r\n                ,link_datasource: 'Default'\r\n            };\r\n        newValue[i].downloadTitle = translator.translateToApplication('${Texts.DownloadERPDocument}');\r\n        newValue[i].linkTitle = translator.translateToApplication('${Texts.ConsultRequest}');\r\n    }\r\n    let value = translator.translateToApplication('${Texts.MyFinancialDocuments}');\r\n    this._metadata.elements.myFinancialDocumentContainer.label = value + \" (\" + newValue.length + \")\"; \r\n    this._metadata.elements.myFinancialDocumentContainer.attributes.isOpen = false;\r\n}",
              "description": ""
            }
          ],
          "description": null,
          "visibleFrom": "Mobile"
        }
      ],
      "helpText": "",
      "isHidden": false,
      "attributes": [],
      "behaviours": [],
      "description": null,
      "visibleFrom": "Mobile"
    },
    {
      "row": 20,
      "name": "FinancialDocumentERPContainer",
      "size": 12,
      "type": "Container",
      "label": "${Texts.FinancialDocuments}",
      "column": 1,
      "elements": [
        {
          "row": 1,
          "name": "MyFinancialDocumentHistoryList",
          "size": 12,
          "type": "List",
          "label": "${Texts.EmptyString}",
          "column": 1,
          "elements": [],
          "helpText": "",
          "isHidden": false,
          "attributes": [
            {
              "key": "listCode",
              "value": "MyFinancialDocumentHistoryList"
            },
            {
              "key": "pageSize",
              "value": "25"
            }
          ],
          "behaviours": [
            {
              "name": "OnMyFinancialDocumentHistoryListChange",
              "type": "Change",
              "expression": "const translator = this._context.getLanguageTranslator();\r\nif (newValue) {\r\n    for (var i in newValue) {\r\n        newValue[i].behaviour = \"Primavera_DownloadPurchaseDoc\";\r\n        newValue[i].args =\r\n            {\r\n                documentoERP: newValue[i]._code\r\n                ,filial: newValue[i].filial\r\n                ,link_entidade: 'Requisitions'\r\n                ,link_code: newValue[i].cdU_CodOmnia\r\n                ,link_datasource: 'Default'\r\n            };\r\n        newValue[i].downloadTitle = translator.translateToApplication('${Texts.DownloadERPDocument}');\r\n        newValue[i].linkTitle = translator.translateToApplication('${Texts.ConsultRequest}');\r\n    }\r\n    let value = translator.translateToApplication('${Texts.FinancialDocuments}');\r\n    this._metadata.elements.financialDocumentERPContainer.label = value + \" (\" + newValue.length + \")\"; \r\n    this._metadata.elements.financialDocumentERPContainer.attributes.isOpen = false;\r\n}",
              "description": ""
            }
          ],
          "description": null,
          "visibleFrom": "Mobile"
        }
      ],
      "helpText": "",
      "isHidden": false,
      "attributes": [],
      "behaviours": [],
      "description": null,
      "visibleFrom": "Mobile"
    },
    {
      "row": 15,
      "name": "MyOUFinancialDocumentContainer",
      "size": 12,
      "type": "Container",
      "label": "${Texts.MyOUFinancialDocument}",
      "column": 1,
      "elements": [
        {
          "row": 1,
          "name": "MyOUFinancialDocumentList",
          "size": 12,
          "type": "List",
          "label": "${Texts.EmptyString}",
          "column": 1,
          "elements": [],
          "helpText": "",
          "isHidden": false,
          "attributes": [
            {
              "key": "listCode",
              "value": "MyOUFinancialDocumentList"
            },
            {
              "key": "pageSize",
              "value": "25"
            }
          ],
          "behaviours": [
            {
              "name": "OnMyOUFinancialDocumentListChange",
              "type": "Change",
              "expression": "const translator = this._context.getLanguageTranslator();\r\nif (newValue) {\r\n    for (var i in newValue) {\r\n        newValue[i].behaviour = \"Primavera_DownloadPurchaseDoc\";\r\n        newValue[i].args =\r\n            {\r\n                documentoERP: newValue[i]._code\r\n                ,filial: newValue[i].filial\r\n                ,link_entidade: 'Requisitions'\r\n                ,link_code: newValue[i].cdU_CodOmnia\r\n                ,link_datasource: 'Default'\r\n            };\r\n        newValue[i].downloadTitle = translator.translateToApplication('${Texts.DownloadERPDocument}');\r\n        newValue[i].linkTitle = translator.translateToApplication('${Texts.ConsultRequest}');\r\n    }\r\n    let value = translator.translateToApplication('${Texts.MyOUFinancialDocument}');\r\n    this._metadata.elements.myOUFinancialDocumentContainer.label = value + \" (\" + newValue.length + \")\"; \r\n    this._metadata.elements.myOUFinancialDocumentContainer.attributes.isOpen = false;\r\n}",
              "description": ""
            }
          ],
          "description": null,
          "visibleFrom": "Mobile"
        }
      ],
      "helpText": "",
      "isHidden": true,
      "attributes": [],
      "behaviours": [],
      "description": null,
      "visibleFrom": "Mobile"
    }
  ],
  "helpText": null,
  "attributes": [],
  "behaviours": [
    {
      "name": "Initialize",
      "type": "Initialize",
      "expression": "this._metadata.elements.fdWaitMyValidationContainer.attributes.isOpen = true;\nthis._metadata.elements.myFinancialDocumentContainer.attributes.isOpen = true;\nthis._metadata.elements.financialDocumentERPContainer.attributes.isOpen = true;\nthis._metadata.elements.myOUFinancialDocumentContainer.attributes.isOpen = true;\n\nif(!this._context.authentication.userIsInRole('Contributor'))\n    delete this._metadata.elements[\"myFinancialDocumentContainer\"];\n\n\nthis._metadata.attributes.addNewOption = 'hidden';\n\nconst apiClient = this._context.createApiHttpClient();\nvar dataSource = \"Default\";\nreturn apiClient\n.doPost(`/api/v1/${this._context.tenant.code}/${this._context.tenant.environmentCode}/application/queries/OUManagerByMeQuery/${dataSource}?page=1&pageSize=1`, \n{}).then(response => {\n    this._metadata.elements.myOUFinancialDocumentContainer.isHidden = response.data === null  || response.data.length === 0;\n});",
      "description": ""
    }
  ],
  "description": null
}