{
  "name": "Home",
  "type": "Dashboard",
  "label": "${Texts.Homepage}",
  "elements": [
    {
      "row": 2,
      "name": "RequisitionsWaitMyValidationList",
      "size": 12,
      "type": "List",
      "label": "${Texts.RequisitionsWaitMyValidation}",
      "column": 1,
      "elements": [],
      "helpText": "",
      "isHidden": false,
      "attributes": [
        {
          "key": "listCode",
          "value": "RequisitionsWaitMyValidationList"
        },
        {
          "key": "pageSize",
          "value": "25"
        }
      ],
      "behaviours": [
        {
          "name": "OnRequisitionsWaitMyValidationListChange",
          "type": "Change",
          "expression": "if (newValue) {\r\n            for (var i in newValue) {\r\n                if (newValue[i].documenttype == \"InternalRequisition\") {\r\n                    newValue[i].behaviour = \"Primavera_DownloadInternalReq\";\r\n                }\r\n                else\r\n                {\r\n                    newValue[i].behaviour = \"Primavera_DownloadPurchaseDoc\";\r\n                }\r\n                newValue[i].args =\r\n                    {\r\n                        documentoERP: newValue[i].documentoerp,\r\n                        filial: newValue[i].filial,\r\n                        primavera: newValue[i].primavera\r\n                    };\r\n            }\r\n        }",
          "description": ""
        }
      ],
      "description": null,
      "visibleFrom": "Mobile"
    },
    {
      "row": 10,
      "name": "FDWaitMyValidationList",
      "size": 12,
      "type": "List",
      "label": "${Texts.FinancialDocumentsWaitMyValidation}",
      "column": 1,
      "elements": [],
      "helpText": "",
      "isHidden": false,
      "attributes": [
        {
          "key": "listCode",
          "value": "FDWaitMyValidationList"
        },
        {
          "key": "pageSize",
          "value": "25"
        }
      ],
      "behaviours": [
        {
          "name": "OnFDWaitMyValidationListChange",
          "type": "Change",
          "expression": "if (newValue) {\r\n    for (var i in newValue) {\r\n        newValue[i].behaviour = \"Primavera_DownloadPurchaseDoc\";\r\n        newValue[i].args =\r\n            {\r\n                documentoERP: newValue[i]._code\r\n                ,filial: newValue[i].filial\r\n                ,link_entidade: 'Requisitions'\r\n                ,link_code: newValue[i].cdU_CodOmnia\r\n                ,link_datasource: 'Default'\r\n            };\r\n        newValue[i].downloadTitle = translator.translateToApplication('${Texts.DownloadERPDocument}');\r\n        newValue[i].linkTitle = translator.translateToApplication('${Texts.ConsultRequest}');\r\n    }\r\n}",
          "description": ""
        }
      ],
      "description": null,
      "visibleFrom": "Mobile"
    },
    {
      "row": 20,
      "name": "QuoteRequestList",
      "size": 12,
      "type": "List",
      "label": "${Texts.PendingQuoteRequests}",
      "column": 1,
      "elements": [],
      "helpText": "",
      "isHidden": false,
      "attributes": [
        {
          "key": "listCode",
          "value": "QuoteRequestQuotationList"
        },
        {
          "key": "pageSize",
          "value": "25"
        }
      ],
      "behaviours": [],
      "description": null,
      "visibleFrom": "Mobile"
    },
    {
      "row": 1,
      "name": "NewRequisitionsTile",
      "size": 4,
      "type": "WebComponent",
      "label": "${Texts.EmptyString}",
      "column": 1,
      "elements": [],
      "helpText": "",
      "isHidden": true,
      "attributes": [
        {
          "key": "webComponentName",
          "value": "Tile"
        },
        {
          "key": "customElementName",
          "value": "omnia-tile"
        }
      ],
      "behaviours": [],
      "description": null,
      "visibleFrom": "Mobile"
    },
    {
      "row": 1,
      "name": "MyPendingRequisitions",
      "size": 4,
      "type": "WebComponent",
      "label": "${Texts.EmptyString}",
      "column": 5,
      "elements": [],
      "helpText": "",
      "isHidden": true,
      "attributes": [
        {
          "key": "webComponentName",
          "value": "Tile"
        },
        {
          "key": "customElementName",
          "value": "omnia-tile"
        }
      ],
      "behaviours": [],
      "description": null,
      "visibleFrom": "Mobile"
    },
    {
      "row": 1,
      "name": "MyPendingFinancialDocuments",
      "size": 4,
      "type": "WebComponent",
      "label": "${Texts.EmptyString}",
      "column": 9,
      "elements": [],
      "helpText": "",
      "isHidden": true,
      "attributes": [
        {
          "key": "webComponentName",
          "value": "Tile"
        },
        {
          "key": "customElementName",
          "value": "omnia-tile"
        }
      ],
      "behaviours": [],
      "description": null,
      "visibleFrom": "Mobile"
    }
  ],
  "helpText": "",
  "attributes": [],
  "behaviours": [
    {
      "name": "Initialize",
      "type": "Initialize",
      "expression": "if(this._context.authentication.userIsInRole(\"Contributor\"))\r\n{\r\n\tif(!this._context.authentication.userIsInRole(\"Approver\") \r\n\t&& !this._context.authentication.userIsInRole(\"FinancialAdministration\") \r\n\t&& !this._context.authentication.userIsInRole(\"Administration\"))\r\n\t{\r\n\t\tthis._metadata.elements.requisitionsWaitMyValidationList.isHidden = true;\r\n\t\tthis._metadata.elements.fdWaitMyValidationList.isHidden = true;\r\n\t\tthis._metadata.elements.quoteRequestList.isHidden = true;\r\n\t\tthis._metadata.elements.myPendingFinancialDocuments.isHidden = true\r\n\r\n\t\tthis._metadata.elements.newRequisitionsTile.size = 6;\r\n\t\tthis._metadata.elements.myPendingRequisitions.size = 6;\r\n\t}\r\n\telse\r\n\t{\r\n\t\tthis._metadata.elements.myPendingFinancialDocuments.isHidden = false;\r\n\t}\r\n\r\n     this._metadata.elements.newRequisitionsTile.isHidden = false;\r\n     this._metadata.elements.myPendingRequisitions.isHidden = false;\r\n     \r\n     \r\n    const apiClient = this._context.createApiHttpClient();\r\n    const translator = this._context.getLanguageTranslator();\r\n\r\n    const initializeTile = (tile, title, icon, iconColor, textColor, backgroundColor, value, isLoading) => {\r\n    \ttile.title = title;\r\n    \ttile.icon = icon;\r\n    \tif(iconColor) tile.iconColor = iconColor;\r\n    \tif(textColor) tile.textColor = textColor;\r\n    \tif(backgroundColor) tile.backgroundColor = backgroundColor;\r\n    \ttile.value = value || '';\r\n    \ttile.isLoading = isLoading === true;\r\n    };\r\n    \r\n    const loadTileValue = (tile, query, queryParameters = {}, dataSource = 'Default', valueProperty = 'count') => {\r\n    \ttile.isLoading = true;\r\n    \treturn apiClient\r\n    \t\t\t.doPost(`/api/v1/${this._context.tenant.code}/${this._context.tenant.environmentCode}/Application/Queries/${query}/${dataSource || 'Default'}`, queryParameters || {})\r\n    \t\t\t.then(\r\n    \t\t\t\tresponse => {\r\n    \t\t\t\t\tlet value = 0;\r\n    \t\t\t\t\t\r\n    \t\t\t\t\tif(response && Array.isArray(response.data) && response.data[0])\r\n    \t\t\t\t\t\tvalue = response.data[0][valueProperty] || 0;\r\n    \t\t\t\t\t\r\n    \t\t\t\t\ttile.value = value;\r\n    \t\t\t\t\ttile.isLoading = false;\r\n    \t\t\t\t\t\r\n    \t\t\t\t\treturn value;\r\n    \t\t\t\t},\r\n    \t\t\t\terror => {\r\n    \t\t\t\t\ttile.value = '-';\r\n    \t\t\t\t\ttile.isLoading = false;\r\n    \t\t\t\t}\r\n    \t\t\t);\r\n    };\r\n    \r\n    initializeTile(this.newRequisitionsTile, translator.translateToApplication('${Texts.Requisitions}'), 'file-text-o', 'white', 'white', '#28a745', translator.translateToApplication('${Texts.AddNewRecordButton}'));\r\n    initializeTile(this.myPendingRequisitions, translator.translateToApplication('${Texts.MyPendingRequisitions}'), 'file-text-o', '#17a2b8', '#17a2b8', 'white', '', true);\r\n    initializeTile(this.myPendingFinancialDocuments, translator.translateToApplication('${Texts.MyPendingFinancialDocuments}'), 'check-square-o', '#ffc107', '#ffc107', 'white', '', false);\r\n\r\n    this.newRequisitionsTile.onClick = () => this._context.redirectToApplicationAddress(`Requisitions/Default/Create`);\r\n    this.myPendingRequisitions.onClick = () => this._context.redirectToApplicationAddress(`Requisitions/Default`);\r\n    this.myPendingFinancialDocuments.onClick = () => this._context.redirectToApplicationAddress(`FinancialDocumentERP/Default`);\r\n\r\n    loadTileValue(this.myPendingRequisitions, 'MyPendingRequisitionsCountQuery');\r\n\r\n    return apiClient\r\n    \t.doPost(`/api/v1/${this._context.tenant.code}/${this._context.tenant.environmentCode}/Application/Queries/PrimaveraQuery/Default?PageSize=1`, {})\r\n    \t.then(response => {\r\n    \t    const dataSource = response.data[0]._code;\r\n    \t    \r\n            loadTileValue(this.myPendingFinancialDocuments, 'PendingFinancialDocsCountQuery',{},dataSource);\r\n    \t})\r\n}\r\n\r\n\r\nlet elementsToRemove = [];\t\r\nif(!(this._context.authentication.userIsInRole(\"Administration\") || this._context.authentication.userIsInRole(\"FinancialAdministration\") || this._context.authentication.userIsInRole(\"Contributor\"))){\t\r\n\telementsToRemove.push(\"requisitionsWaitMyValidationList\");\r\n\telementsToRemove.push(\"fdWaitMyValidationList\");\r\n}\r\n\r\nif(!(this._context.authentication.userIsInRole(\"Administration\") || this._context.authentication.userIsInRole(\"FinancialAdministration\") || this._context.authentication.userIsInRole(\"Supplier\"))){\t\r\n\telementsToRemove.push(\"quoteRequestsList\");\r\n}\r\n\r\n\r\nfor(const elementToRemove of elementsToRemove)\r\n\tdelete this._metadata.elements[elementToRemove];\r\n",
      "description": ""
    }
  ],
  "description": ""
}