{
  "name": "OrderSupplierTypesDashboard",
  "type": "Dashboard",
  "label": "Order Supplier Types",
  "elements": [
    {
      "row": 1,
      "name": "OrderSupplierTypesList",
      "size": 12,
      "type": "List",
      "label": "Order Supplier Types",
      "column": 1,
      "elements": [],
      "helpText": null,
      "isHidden": false,
      "attributes": [
        {
          "key": "listCode",
          "value": "OrderSupplierTypesList"
        }
      ],
      "behaviours": [],
      "description": null,
      "visibleFrom": null
    }
  ],
  "helpText": null,
  "attributes": [],
  "behaviours": [],
  "description": null
}