{
  "name": "QuoteRequestsDashboard",
  "type": "Dashboard",
  "label": "Quote Requests",
  "elements": [
    {
      "row": 1,
      "name": "quoteRequestQuotationList",
      "size": 12,
      "type": "List",
      "label": "${Texts.PendingQuoteRequests}",
      "column": 1,
      "elements": [],
      "helpText": "",
      "isHidden": true,
      "attributes": [
        {
          "key": "listCode",
          "value": "QuoteRequestQuotationList"
        },
        {
          "key": "pageSize",
          "value": "25"
        }
      ],
      "behaviours": [],
      "description": null,
      "visibleFrom": "Mobile"
    },
    {
      "row": 11,
      "name": "quoteRequestHistoryList",
      "size": 12,
      "type": "List",
      "label": "${Texts.QuoteRequestHistory}",
      "column": 1,
      "elements": [],
      "helpText": "",
      "isHidden": false,
      "attributes": [
        {
          "key": "listCode",
          "value": "QuoteRequestHistoryList"
        },
        {
          "key": "pageSize",
          "value": "25"
        }
      ],
      "behaviours": [],
      "description": null,
      "visibleFrom": "Mobile"
    },
    {
      "row": 5,
      "name": "FinancQuoteRequestQuotationList",
      "size": 12,
      "type": "List",
      "label": "${Texts.PendingQuoteRequests}",
      "column": 1,
      "elements": [],
      "helpText": "",
      "isHidden": true,
      "attributes": [
        {
          "key": "listCode",
          "value": "FinancQuoteRequestQuotationList"
        },
        {
          "key": "pageSize",
          "value": "25"
        }
      ],
      "behaviours": [],
      "description": null,
      "visibleFrom": "Mobile"
    },
    {
      "row": 10,
      "name": "QuoteRequestsOpenList",
      "size": 12,
      "type": "List",
      "label": "${Texts.QuoteRequestOpen}",
      "column": 1,
      "elements": [],
      "helpText": null,
      "isHidden": false,
      "attributes": [
        {
          "key": "isEditable",
          "value": "false"
        },
        {
          "key": "listCode",
          "value": "QuoteRequestsOpenList"
        },
        {
          "key": "pageSize",
          "value": "25"
        },
        {
          "key": "disableFilters",
          "value": "false"
        },
        {
          "key": "disableSorting",
          "value": "false"
        },
        {
          "key": "disableDataSourceSelection",
          "value": "false"
        },
        {
          "key": "disableLoad",
          "value": "false"
        },
        {
          "key": "disablePaginationButtons",
          "value": "false"
        },
        {
          "key": "disableRefreshButton",
          "value": "false"
        },
        {
          "key": "disableOptionMenu",
          "value": "false"
        }
      ],
      "behaviours": [],
      "description": null,
      "visibleFrom": "Mobile"
    },
    {
      "row": 12,
      "name": "QuotationHistoryList",
      "size": 12,
      "type": "List",
      "label": "${Texts.QuotationHistoryList}",
      "column": 1,
      "elements": [],
      "helpText": null,
      "isHidden": false,
      "attributes": [
        {
          "key": "isEditable",
          "value": "false"
        },
        {
          "key": "listCode",
          "value": "QuotationHistoryList"
        },
        {
          "key": "pageSize",
          "value": "25"
        },
        {
          "key": "disableFilters",
          "value": "false"
        },
        {
          "key": "disableSorting",
          "value": "false"
        },
        {
          "key": "disableDataSourceSelection",
          "value": "false"
        },
        {
          "key": "disableLoad",
          "value": "false"
        },
        {
          "key": "disablePaginationButtons",
          "value": "false"
        },
        {
          "key": "disableRefreshButton",
          "value": "false"
        },
        {
          "key": "disableOptionMenu",
          "value": "false"
        }
      ],
      "behaviours": [],
      "description": null,
      "visibleFrom": "Mobile"
    }
  ],
  "helpText": null,
  "attributes": [],
  "behaviours": [
    {
      "name": "Initialize",
      "type": "Initialize",
      "expression": "if(this._context.authentication.userIsInRole('FinancialAdministration') || this._context.authentication.userIsInRole('Administration'))\n    this._metadata.elements.financQuoteRequestQuotationList.isHidden = false;\nelse if(this._context.authentication.userIsInRole('Supplier'))\n    this._metadata.elements.quoteRequestQuotationList.isHidden = false;\n\n// Remove all hidden elements\nconst hiddenElementsNames = Object.keys(this._metadata.elements)\n    .filter(elementKey => this._metadata.elements[elementKey].isHidden !== false);\n    \nfor(const elementToRemove of hiddenElementsNames)\n    delete this._metadata.elements[elementToRemove];\n    \n    \nthis._metadata.attributes.addNewOption = 'hidden';",
      "description": ""
    }
  ],
  "description": null
}