{
  "name": "QuotationLinesERPDashboard",
  "type": "Dashboard",
  "label": "Quotation Lines ERP",
  "elements": [
    {
      "row": 1,
      "name": "QuotationLinesERPList",
      "size": 12,
      "type": "List",
      "label": "${Texts.QuotationLines}",
      "column": 1,
      "elements": [],
      "helpText": null,
      "isHidden": false,
      "attributes": [
        {
          "key": "listCode",
          "value": "QuotationLinesERPList"
        }
      ],
      "behaviours": [],
      "description": null,
      "visibleFrom": null
    }
  ],
  "helpText": null,
  "attributes": [],
  "behaviours": [],
  "description": null
}