{
  "name": "RequisitionsApprovalDashboard",
  "type": "Dashboard",
  "label": "RequisitionsApprovalDashboard",
  "elements": [
    {
      "row": 3,
      "name": "QuotationAwaitingValidationContainer",
      "size": 12,
      "type": "Container",
      "label": "${Texts.QuotationAwaitingValidationList}",
      "column": 1,
      "elements": [
        {
          "row": 1,
          "name": "QuotationAwaitingValidationList",
          "size": 12,
          "type": "List",
          "label": "${Texts.EmptyString}",
          "column": 1,
          "elements": [],
          "helpText": "",
          "isHidden": false,
          "attributes": [
            {
              "key": "listCode",
              "value": "QuotationAwaitingValidationList"
            },
            {
              "key": "pageSize",
              "value": "25"
            }
          ],
          "behaviours": [],
          "description": null,
          "visibleFrom": "Mobile"
        }
      ],
      "helpText": null,
      "isHidden": false,
      "attributes": [
        {
          "key": "isOpen",
          "value": "true"
        }
      ],
      "behaviours": [],
      "description": null,
      "visibleFrom": "Mobile"
    },
    {
      "row": 2,
      "name": "QuotationAwaitingValidaColbContainer",
      "size": 12,
      "type": "Container",
      "label": "${Texts.QuotationAwaitingMyValidation}",
      "column": 1,
      "elements": [
        {
          "row": 1,
          "name": "QuotationAwaitingValidaColbList",
          "size": 12,
          "type": "List",
          "label": "${Texts.EmptyString}",
          "column": 1,
          "elements": [],
          "helpText": null,
          "isHidden": false,
          "attributes": [
            {
              "key": "isEditable",
              "value": "false"
            },
            {
              "key": "listCode",
              "value": "QuotationAwaitingValidaColbList"
            },
            {
              "key": "pageSize",
              "value": "25"
            },
            {
              "key": "disableFilters",
              "value": "false"
            },
            {
              "key": "disableSorting",
              "value": "false"
            },
            {
              "key": "disableDataSourceSelection",
              "value": "false"
            },
            {
              "key": "disableLoad",
              "value": "false"
            },
            {
              "key": "disablePaginationButtons",
              "value": "false"
            },
            {
              "key": "disableRefreshButton",
              "value": "false"
            },
            {
              "key": "disableOptionMenu",
              "value": "false"
            }
          ],
          "behaviours": [],
          "description": null,
          "visibleFrom": "Mobile"
        }
      ],
      "helpText": null,
      "isHidden": false,
      "attributes": [
        {
          "key": "isOpen",
          "value": "true"
        }
      ],
      "behaviours": [],
      "description": null,
      "visibleFrom": "Mobile"
    }
  ],
  "helpText": "",
  "attributes": [],
  "behaviours": [
    {
      "name": "Initialize",
      "type": "Initialize",
      "expression": "this._metadata.elements.quotationAwaitingValidaColbContainer.attributes.isOpen = true;\r\nthis._metadata.elements.quotationAwaitingValidationContainer.attributes.isOpen = true;\r\n\r\n\r\nif(this._context.authentication.userIsInRole(\"Contributor\") && !this._context.authentication.userIsInRole(\"FinancialAdministration\"))\r\n{\r\n    \tthis._metadata.elements.quotationAwaitingValidationContainer.isHidden = true\r\n}",
      "description": ""
    }
  ],
  "description": ""
}