{
  "name": "SupplierOrdersDashboard",
  "type": "Dashboard",
  "label": "SupplierOrdersDashboard",
  "elements": [
    {
      "row": 1,
      "name": "SupplierOrdersList",
      "size": 12,
      "type": "List",
      "label": "SupplierOrdersList",
      "column": 1,
      "elements": [],
      "helpText": "",
      "isHidden": false,
      "attributes": [
        {
          "key": "listCode",
          "value": "SupplierOrdersList"
        },
        {
          "key": "pageSize",
          "value": "25"
        }
      ],
      "behaviours": [],
      "description": null,
      "visibleFrom": "Mobile"
    }
  ],
  "helpText": "",
  "attributes": [],
  "behaviours": [],
  "description": ""
}