{
  "name": "TenantSetupDashboard",
  "type": "Dashboard",
  "label": "${Texts.TenantSetup}",
  "elements": [
    {
      "row": 1,
      "name": "SetupTile",
      "size": 4,
      "type": "WebComponent",
      "label": "${Texts.EmptyString}",
      "column": 4,
      "elements": [],
      "helpText": "",
      "isHidden": false,
      "attributes": [
        {
          "key": "webComponentName",
          "value": "Tile"
        },
        {
          "key": "customElementName",
          "value": "omnia-tile"
        }
      ],
      "behaviours": [],
      "description": null,
      "visibleFrom": "Mobile"
    }
  ],
  "helpText": "",
  "attributes": [],
  "behaviours": [
    {
      "name": "Initialize",
      "type": "Initialize",
      "expression": "// Tiles configuration\r\nconst apiClient = this._context.createApiHttpClient();\r\nconst translator = this._context.getLanguageTranslator();\r\n\r\nconst initializeTile = (tile, title, icon, iconColor, loaderColor, textColor, backgroundColor, value, isLoading) => {\r\n\ttile.title = title;\r\n\ttile.icon = icon;\r\n\tif(iconColor) tile.iconColor = iconColor;\r\n\tif(loaderColor) tile.loaderColor = loaderColor;\r\n\tif(textColor) tile.textColor = textColor;\r\n\tif(backgroundColor) tile.backgroundColor = backgroundColor;\r\n\ttile.value = value || '';\r\n\ttile.isLoading = isLoading === true;\r\n};\r\n\r\ninitializeTile(this.setupTile, translator.translateToApplication('${Texts.TenantSetup}'), 'cogs', 'white','#007bff', 'white', '#daa520', translator.translateToApplication('${Texts.TenantSetupERPMissing}'),true);\r\n\r\n//this.setupTile.onClick = () => { criarDados(this); };\r\n\r\nasync function criarDados(main) {\r\n    main.setupTile.isLoading = true;\r\n    try{\r\n        await configurarOMNIABD(main._context);\r\n        await criaPerfil(\"1\",\"Autor\",main._context);\r\n        await criaPerfil(\"2\",\"Responsável da Unidade Organizacional\",main._context);\r\n        await criaPerfil(\"3\",\"Responsável das Compras\",main._context);\r\n        await criaSerie(main._context);\r\n\r\n        await criaIncoterm(\"EXW\",\"Ex Works – Na Origem (local de entrega nomeado)​\",main._context);\r\n        await criaIncoterm(\"FCA\",\"Free Carrier – Livre No Transportador (local de entrega nomeado)​\",main._context);\r\n        await criaIncoterm(\"FAS\",\"Free Alongside Ship – Livre Ao Lado Do Navio (porto de embarque nomeado)​\",main._context);\r\n        await criaIncoterm(\"FOB\",\"Free On Board – Livre A Bordo (porto de embarque nomeado)\",main._context);\r\n        await criaIncoterm(\"CPT\",\"Carriage Paid To – Transporte Pago Até (local de destino nomeado)​\",main._context);\r\n        await criaIncoterm(\"CIP\",\"Carriage And Insurance Paid To – Transporte E Seguro Pagos Até (local de destino nomeado)​\",main._context);\r\n        await criaIncoterm(\"CFR\",\"Cost An-d Freight – Custo E Frete (porto de destino nomeado)\",main._context);\r\n        await criaIncoterm(\"CIF\",\"Cost Insurance And Freight – Custo, Seguro E Frete (porto de destino nomeado)​\",main._context);\r\n        await criaIncoterm(\"DAP\",\"Delivered At Place – Entregue No Local (local de destino nomeado)​\",main._context);\r\n        await criaIncoterm(\"DPU\",\"Delivered At Place Unloaded – Entregue No Local Desembarcado (Local de destino nomeado)​\",main._context);\r\n        await criaIncoterm(\"DDP\",\"Delivered Duty Paid – Entregue Com Direitos Pagos (local de destino nomeado)​\",main._context);\r\n   \r\n        main.setupTile.isLoading = false;\r\n        main.setupTile.value = translator.translateToApplication('${Texts.TenantSetupFinish}');\r\n        main.setupTile.backgroundColor = '#28a745';\r\n        main.setupTile.onClick = () => {};\r\n    }catch(erro){\r\n        main.setupTile.isLoading = false;\r\n        main.setupTile.value = translator.translateToApplication('${Texts.TenantSetupError}');\r\n        main.setupTile.backgroundColor = 'red';\r\n        console.log(`Erro na inicialização do tenant ${erro}`);\r\n    }\r\n}\r\n\r\nfunction criaIncoterm(codigo,nome,context){\r\n    return new Promise((resolve,reject) => {\r\n        apiClient.doGet(`/api/v1/${context.tenant.code}/${context.tenant.environmentCode}/application/Incoterms/default/` + codigo, {\r\n        }).then(response => {\r\n            resolve('');\r\n        }).catch(error => {\r\n            apiClient.doPost(`/api/v1/${context.tenant.code}/${context.tenant.environmentCode}/application/Incoterms/default`, {\r\n                  \"_code\": codigo,\r\n                  \"_name\": nome,  \r\n                }).then(response2 => {\r\n                    resolve('');\r\n                }).catch(error => {\r\n                    reject(error);\r\n                });\r\n        });       \r\n    });\r\n}\r\n\r\nfunction criaPerfil(codigo,nome,context){\r\n    return new Promise((resolve,reject) => {\r\n        apiClient.doGet(`/api/v1/${context.tenant.code}/${context.tenant.environmentCode}/application/ApprovalProfiles/default/` + codigo, {\r\n        }).then(response => {\r\n            resolve('');\r\n        }).catch(error => {\r\n            apiClient.doPost(`/api/v1/${context.tenant.code}/${context.tenant.environmentCode}/application/ApprovalProfiles/default`, {\r\n                  \"_code\": codigo,\r\n                  \"_name\": nome,\r\n                  \"System\": true\r\n                }).then(response2 => {\r\n                    resolve('');\r\n                }).catch(error => {\r\n                    reject(error);\r\n                });\r\n        });       \r\n    });\r\n \r\n}\r\nfunction criaSerie(context){\r\n    return new Promise((resolve,reject) => {\r\n        apiClient.doGet(`/api/v1/${context.tenant.code}/${context.tenant.environmentCode}/application/RequisitionsSerie/default/REQ`, {\r\n        }).then(response => {\r\n            resolve('');\r\n        }).catch(error => {\r\n            apiClient.doPost(`/api/v1/${context.tenant.code}/${context.tenant.environmentCode}/application/RequisitionsSerie/default`, {\r\n                  \"_code\": \"REQ\",\r\n                  \"_name\": \"Series Requisições\",\r\n                  \"_startingNumber\": \"1\"\r\n            }).then(response2 => {\r\n                    resolve('');\r\n            }).catch(error => {\r\n                    reject(error);\r\n            });\r\n        });     \r\n    });\r\n}\r\nfunction configurarOMNIABD(context){\r\n    return new Promise((resolve,reject) => {\r\n        apiClient.doPost(`/api/v1/${context.tenant.code}/${context.tenant.environmentCode}/application/behaviours/Default/System_SetupOMNIADataBase`, {}\r\n        ).then(response => {\r\n            resolve('');\r\n        }).catch(error => {\r\n            reject(error);\r\n        });     \r\n    });\r\n}\r\n\r\n\r\nasync function validarSeConfigurado(main) {\r\n\t try{\r\n\t \tmain.setupTile.isLoading = true;\r\n\t\tvar result = await new Promise((resolve,reject) => {\r\n\t\t\tapiClient.doPost(`/api/v1/${main._context.tenant.code}/${main._context.tenant.environmentCode}/application/queries/PrimaveraQuery/Default`, {}\r\n\t\t\t).then(response => {\r\n\t\t\t\tif(response.numberOfRecords>=1)\r\n\t\t\t\t\tresolve(\"existe\");\r\n\t\t\t\telse\r\n\t\t\t\t\tresolve('');\r\n\t\t\t}).catch(error => {\r\n\t\t\t\treject(error);\r\n\t\t\t});     \r\n\t\t});\r\n        if(result === 'existe'){\r\n            main.setupTile.backgroundColor = '#007bff';\r\n            main.setupTile.value = translator.translateToApplication('${Texts.TenantSetup}');\r\n            main.setupTile.onClick = () => { criarDados(main); };\r\n        }\r\n        main.setupTile.isLoading = false;\r\n    }catch(erro){\r\n\t\tmain.setupTile.value = translator.translateToApplication('${Texts.LoadTenantSetupError}');\r\n\t\tmain.setupTile.backgroundColor = 'red';\r\n        main.setupTile.isLoading = false;\r\n        console.log(erro);\r\n    }\r\n}\r\n\r\nvalidarSeConfigurado(this);",
      "description": ""
    }
  ],
  "description": "Scripts de inicialização do Tenant"
}