{
  "name": "ApprovalProfilesForm",
  "type": "Form",
  "label": "Approval Profiles",
  "entity": "ApprovalProfiles",
  "elements": [
    {
      "row": 1,
      "name": "_code",
      "size": 3,
      "type": "Input",
      "label": "${Texts.Code}",
      "column": 1,
      "elements": [],
      "helpText": null,
      "isHidden": false,
      "attributes": [
        {
          "key": "aggregationKind",
          "value": "None"
        },
        {
          "key": "isReadOnly",
          "value": "false"
        },
        {
          "key": "max",
          "value": "1"
        },
        {
          "key": "min",
          "value": "1"
        },
        {
          "key": "isSensitiveData",
          "value": "false"
        },
        {
          "key": "formattingType",
          "value": "Text"
        }
      ],
      "behaviours": [],
      "description": null,
      "visibleFrom": null
    },
    {
      "row": 2,
      "name": "_description",
      "size": 8,
      "type": "Input",
      "label": "${Texts.Name}",
      "column": 4,
      "elements": [],
      "helpText": null,
      "isHidden": false,
      "attributes": [
        {
          "key": "aggregationKind",
          "value": "None"
        },
        {
          "key": "isReadOnly",
          "value": "false"
        },
        {
          "key": "max",
          "value": "1"
        },
        {
          "key": "min",
          "value": "0"
        },
        {
          "key": "isSensitiveData",
          "value": "false"
        },
        {
          "key": "formattingType",
          "value": "Text"
        }
      ],
      "behaviours": [],
      "description": null,
      "visibleFrom": null
    },
    {
      "row": 1,
      "name": "_inactive",
      "size": 1,
      "type": "Input",
      "label": "${Texts.Inactive}",
      "column": 12,
      "elements": [],
      "helpText": null,
      "isHidden": false,
      "attributes": [
        {
          "key": "aggregationKind",
          "value": "None"
        },
        {
          "key": "isReadOnly",
          "value": "false"
        },
        {
          "key": "max",
          "value": "1"
        },
        {
          "key": "min",
          "value": "1"
        },
        {
          "key": "isSensitiveData",
          "value": "false"
        },
        {
          "key": "formattingType",
          "value": "Boolean"
        }
      ],
      "behaviours": [],
      "description": null,
      "visibleFrom": null
    },
    {
      "row": 1,
      "name": "_name",
      "size": 8,
      "type": "Input",
      "label": "${Texts.Description}",
      "column": 4,
      "elements": [],
      "helpText": null,
      "isHidden": false,
      "attributes": [
        {
          "key": "aggregationKind",
          "value": "None"
        },
        {
          "key": "isReadOnly",
          "value": "false"
        },
        {
          "key": "max",
          "value": "1"
        },
        {
          "key": "min",
          "value": "1"
        },
        {
          "key": "isSensitiveData",
          "value": "false"
        },
        {
          "key": "formattingType",
          "value": "Text"
        }
      ],
      "behaviours": [],
      "description": null,
      "visibleFrom": null
    },
    {
      "row": 2,
      "name": "Approver",
      "size": 3,
      "type": "ReferenceSelector",
      "label": "${Texts.Approver}",
      "column": 1,
      "elements": [],
      "helpText": null,
      "isHidden": false,
      "attributes": [
        {
          "key": "aggregationKind",
          "value": "Shared"
        },
        {
          "key": "isReadOnly",
          "value": "false"
        },
        {
          "key": "max",
          "value": "1"
        },
        {
          "key": "min",
          "value": "0"
        },
        {
          "key": "definition",
          "value": "Employee"
        }
      ],
      "behaviours": [],
      "description": null,
      "visibleFrom": null
    },
    {
      "row": 2,
      "name": "System",
      "size": 1,
      "type": "Input",
      "label": "${Texts.System}",
      "column": 12,
      "elements": [],
      "helpText": null,
      "isHidden": false,
      "attributes": [
        {
          "key": "aggregationKind",
          "value": "None"
        },
        {
          "key": "isReadOnly",
          "value": "true"
        },
        {
          "key": "max",
          "value": "1"
        },
        {
          "key": "min",
          "value": "1"
        },
        {
          "key": "isSensitiveData",
          "value": "false"
        },
        {
          "key": "formattingType",
          "value": "Boolean"
        }
      ],
      "behaviours": [],
      "description": null,
      "visibleFrom": null
    }
  ],
  "helpText": null,
  "attributes": [],
  "behaviours": [
    {
      "name": "Initialize",
      "type": "Initialize",
      "expression": "this._metadata.elements._description.attributes.isReadOnly = true;\n\nif(this.system === true)\n{\n    this._metadata.elements.approver.attributes.isReadOnly = true;\n    this._metadata.elements._code.attributes.isReadOnly = true;\n    this._metadata.elements._description.attributes.isReadOnly = true;\n    this._metadata.elements._inactive.attributes.isReadOnly = true;\n    this._metadata.attributes.saveOption = 'hidden';\n    this._metadata.attributes.deleteOption = 'hidden';\n}else{\n    this._metadata.elements.approver.attributes.min = 1;\n}\n\n\n\n",
      "description": ""
    }
  ],
  "dataSource": "System",
  "description": null
}