{
  "name": "CompanyForm",
  "type": "Form",
  "label": "${Texts.Company}",
  "entity": "Company",
  "elements": [
    {
      "row": 1,
      "name": "_code",
      "size": 6,
      "type": "Input",
      "label": "${Texts.Code}",
      "column": 1,
      "elements": [],
      "helpText": null,
      "isHidden": false,
      "attributes": [
        {
          "key": "aggregationKind",
          "value": "None"
        },
        {
          "key": "isReadOnly",
          "value": "false"
        },
        {
          "key": "max",
          "value": "1"
        },
        {
          "key": "min",
          "value": "1"
        },
        {
          "key": "isSensitiveData",
          "value": "false"
        },
        {
          "key": "formattingType",
          "value": "Text"
        },
        {
          "key": "minimumLength",
          "value": "0"
        },
        {
          "key": "maximumLength",
          "value": "null"
        }
      ],
      "behaviours": [],
      "description": null,
      "visibleFrom": null
    },
    {
      "row": 1,
      "name": "_name",
      "size": 6,
      "type": "Input",
      "label": "${Texts.Name}",
      "column": 7,
      "elements": [],
      "helpText": null,
      "isHidden": false,
      "attributes": [
        {
          "key": "aggregationKind",
          "value": "None"
        },
        {
          "key": "isReadOnly",
          "value": "false"
        },
        {
          "key": "max",
          "value": "1"
        },
        {
          "key": "min",
          "value": "1"
        },
        {
          "key": "isSensitiveData",
          "value": "false"
        },
        {
          "key": "formattingType",
          "value": "Text"
        },
        {
          "key": "minimumLength",
          "value": "0"
        },
        {
          "key": "maximumLength",
          "value": "null"
        }
      ],
      "behaviours": [],
      "description": null,
      "visibleFrom": null
    },
    {
      "row": 3,
      "name": "_description",
      "size": 6,
      "type": "Input",
      "label": "${Texts.Description}",
      "column": 1,
      "elements": [],
      "helpText": null,
      "isHidden": false,
      "attributes": [
        {
          "key": "aggregationKind",
          "value": "None"
        },
        {
          "key": "isReadOnly",
          "value": "false"
        },
        {
          "key": "max",
          "value": "1"
        },
        {
          "key": "min",
          "value": "0"
        },
        {
          "key": "isSensitiveData",
          "value": "false"
        },
        {
          "key": "formattingType",
          "value": "Text"
        },
        {
          "key": "minimumLength",
          "value": "0"
        },
        {
          "key": "maximumLength",
          "value": "null"
        }
      ],
      "behaviours": [],
      "description": null,
      "visibleFrom": null
    },
    {
      "row": 3,
      "name": "Primavera",
      "size": 4,
      "type": "ReferenceSelector",
      "label": "${Texts.Primavera}",
      "column": 7,
      "elements": [],
      "helpText": "",
      "isHidden": false,
      "attributes": [
        {
          "key": "aggregationKind",
          "value": "Shared"
        },
        {
          "key": "isReadOnly",
          "value": "false"
        },
        {
          "key": "max",
          "value": "1"
        },
        {
          "key": "min",
          "value": "0"
        },
        {
          "key": "definition",
          "value": "Primavera"
        }
      ],
      "behaviours": [
        {
          "name": "Change",
          "type": "Change",
          "expression": "this._metadata.elements.documentConfigContainer.attributes.isOpen = true;\r\n\r\nif (this.primavera == null || this.primavera == ''){\r\n\tthis._metadata.elements.documentConfigContainer.elements.documentERPRI.attributes.isReadOnly = true;\r\n\tthis._metadata.elements.documentConfigContainer.elements.useDefIntReqSerie.attributes.isReadOnly = true;\r\n\tthis._metadata.elements.documentConfigContainer.elements.intReqSeries.attributes.isReadOnly = true;\r\n\t\r\n\tthis._metadata.elements.documentConfigContainer.elements.documentERPECF.attributes.isReadOnly = true;\r\n\tthis._metadata.elements.documentConfigContainer.elements.useDefOrdSuppSerie.attributes.isReadOnly = true;\r\n\tthis._metadata.elements.documentConfigContainer.elements.supplierOrderSeries.attributes.isReadOnly = true;\r\n\r\n\tthis._metadata.elements.documentConfigContainer.elements.documentERPCF.attributes.isReadOnly = true;\r\n\tthis._metadata.elements.documentConfigContainer.elements.useDefQuotDocSerie.attributes.isReadOnly = true;\r\n\tthis._metadata.elements.documentConfigContainer.elements.quotationDocumentSeries.attributes.isReadOnly = true;\r\n\r\n\tthis._metadata.elements.documentConfigContainer.elements.liquidationDocType.attributes.isReadOnly = true;\r\n\tthis._metadata.elements.documentConfigContainer.elements.useDefLiqDocSerie.attributes.isReadOnly = true;\r\n\tthis._metadata.elements.documentConfigContainer.elements.treasuryDocSeries.attributes.isReadOnly = true;\r\n\t\r\n\tthis._metadata.elements.documentConfigContainer.elements.documentERPPCO.attributes.isReadOnly = true;\r\n\r\n\tthis._metadata.elements.documentConfigContainer.elements.requisitionPurchaseUsers.attributes.isReadOnly = true;\r\n\t\r\n\tthis._metadata.elements.currency.attributes.isReadOnly = true;\r\n\t\r\n\tthis.documentERPRI = '';\r\n\tthis.intReqSeries = '';\r\n\r\n\tthis.documentERPECF = '';\r\n\tthis.supplierOrderSeries = '';\r\n\r\n\tthis.documentERPCF = '';\r\n\tthis.quotationDocumentSeries = '';\r\n\t\r\n\tthis.liquidationDocType = '';\r\n\tthis.treasuryDocSeries = '';\r\n\r\n\r\n\tthis.documentERPPCO = '';\r\n\tthis.requisitionPurchaseUsers = '';\r\n\tthis.currency = '';\r\n\r\n}\r\nelse\r\n{\r\n    this._metadata.elements.documentConfigContainer.elements.documentERPRI.attributes.isReadOnly = false;\r\n\tthis._metadata.elements.documentConfigContainer.elements.documentERPECF.attributes.isReadOnly = false;\r\n\tthis._metadata.elements.documentConfigContainer.elements.documentERPCF.attributes.isReadOnly = false;\r\n\tthis._metadata.elements.documentConfigContainer.elements.liquidationDocType.attributes.isReadOnly = false;\r\n\tthis._metadata.elements.documentConfigContainer.elements.documentERPPCO.attributes.isReadOnly = false;\r\n\tthis._metadata.elements.documentConfigContainer.elements.requisitionPurchaseUsers.attributes.isReadOnly = false;\r\n\tthis._metadata.elements.currency.attributes.isReadOnly = false;\r\n\r\n\tthis.useDefIntReqSerie = true;\r\n\tthis.useDefOrdSuppSerie = true;\r\n\tthis.useDefQuotDocSerie = true;\r\n\tthis.useDefLiqDocSerie = true;\r\n\t\r\n}",
          "description": ""
        }
      ],
      "description": null,
      "visibleFrom": "Mobile"
    },
    {
      "row": 4,
      "name": "PurchasingManager",
      "size": 2,
      "type": "ReferenceSelector",
      "label": "${Texts.PurchasingManager}",
      "column": 1,
      "elements": [],
      "helpText": null,
      "isHidden": false,
      "attributes": [
        {
          "key": "aggregationKind",
          "value": "Shared"
        },
        {
          "key": "isReadOnly",
          "value": "false"
        },
        {
          "key": "max",
          "value": "1"
        },
        {
          "key": "min",
          "value": "0"
        },
        {
          "key": "definition",
          "value": "Employee"
        }
      ],
      "behaviours": [],
      "description": null,
      "visibleFrom": null
    },
    {
      "row": 4,
      "name": "PurchasingManagerName",
      "size": 4,
      "type": "Input",
      "label": "${Texts.Name}",
      "column": 2,
      "elements": [],
      "helpText": null,
      "isHidden": false,
      "attributes": [
        {
          "key": "aggregationKind",
          "value": "None"
        },
        {
          "key": "isReadOnly",
          "value": "true"
        },
        {
          "key": "max",
          "value": "1"
        },
        {
          "key": "min",
          "value": "0"
        },
        {
          "key": "isSensitiveData",
          "value": "false"
        },
        {
          "key": "formattingType",
          "value": "Text"
        },
        {
          "key": "minimumLength",
          "value": "0"
        },
        {
          "key": "maximumLength",
          "value": "null"
        }
      ],
      "behaviours": [],
      "description": null,
      "visibleFrom": null
    },
    {
      "row": 4,
      "name": "Currency",
      "size": 4,
      "type": "ReferenceSelector",
      "label": "${Texts.Currency}",
      "column": 7,
      "elements": [],
      "helpText": null,
      "isHidden": false,
      "attributes": [
        {
          "key": "aggregationKind",
          "value": "Shared"
        },
        {
          "key": "isReadOnly",
          "value": "false"
        },
        {
          "key": "min",
          "value": "1"
        },
        {
          "key": "max",
          "value": "1"
        },
        {
          "key": "isSensitiveData",
          "value": "false"
        },
        {
          "key": "definition",
          "value": "Currency"
        },
        {
          "key": "dependsOnAttribute",
          "value": "Primavera"
        }
      ],
      "behaviours": [],
      "description": null,
      "visibleFrom": null
    },
    {
      "row": 4,
      "name": "UseIncoterm",
      "size": 2,
      "type": "Input",
      "label": "${Texts.UseIncoterm}",
      "column": 11,
      "elements": [],
      "helpText": null,
      "isHidden": false,
      "attributes": [
        {
          "key": "aggregationKind",
          "value": "None"
        },
        {
          "key": "isReadOnly",
          "value": "false"
        },
        {
          "key": "min",
          "value": "0"
        },
        {
          "key": "max",
          "value": "1"
        },
        {
          "key": "isSensitiveData",
          "value": "false"
        },
        {
          "key": "formattingType",
          "value": "Boolean"
        }
      ],
      "behaviours": [],
      "description": null,
      "visibleFrom": null
    },
    {
      "row": 5,
      "name": "PurchaseTeam",
      "size": 6,
      "type": "List",
      "label": "${Texts.PurchaseTeam}",
      "column": 1,
      "elements": [
        {
          "row": 1,
          "name": "Employee",
          "size": 3,
          "type": "ReferenceSelector",
          "label": "${Texts.PurchaseTeam}",
          "column": 9,
          "elements": [],
          "helpText": null,
          "isHidden": false,
          "attributes": [
            {
              "key": "aggregationKind",
              "value": "Shared"
            },
            {
              "key": "isReadOnly",
              "value": "false"
            },
            {
              "key": "min",
              "value": "1"
            },
            {
              "key": "max",
              "value": "1"
            },
            {
              "key": "isSensitiveData",
              "value": "false"
            },
            {
              "key": "definition",
              "value": "Employee"
            }
          ],
          "behaviours": [],
          "description": null,
          "visibleFrom": null
        },
        {
          "row": 1,
          "name": "EmployeeName",
          "size": 3,
          "type": "Input",
          "label": "${Texts.Name}",
          "column": 11,
          "elements": [],
          "helpText": null,
          "isHidden": false,
          "attributes": [
            {
              "key": "aggregationKind",
              "value": "None"
            },
            {
              "key": "isReadOnly",
              "value": "true"
            },
            {
              "key": "min",
              "value": "1"
            },
            {
              "key": "max",
              "value": "1"
            },
            {
              "key": "isSensitiveData",
              "value": "false"
            },
            {
              "key": "formattingType",
              "value": "Text"
            },
            {
              "key": "minimumLength",
              "value": "0"
            },
            {
              "key": "maximumLength",
              "value": "null"
            }
          ],
          "behaviours": [],
          "description": null,
          "visibleFrom": null
        }
      ],
      "helpText": null,
      "isHidden": false,
      "attributes": [
        {
          "key": "aggregationKind",
          "value": "Composite"
        },
        {
          "key": "isReadOnly",
          "value": "false"
        },
        {
          "key": "min",
          "value": "0"
        },
        {
          "key": "max",
          "value": "100"
        },
        {
          "key": "isSensitiveData",
          "value": "false"
        },
        {
          "key": "isEditable",
          "value": "true"
        },
        {
          "key": "definition",
          "value": "PurchaseTeam"
        }
      ],
      "behaviours": [],
      "description": null,
      "visibleFrom": null
    },
    {
      "row": 11,
      "name": "documentConfigContainer",
      "size": 12,
      "type": "Container",
      "label": "${Texts.CompanyDocumentConfig}",
      "column": 1,
      "elements": [
        {
          "row": 3,
          "name": "DocumentERPRI",
          "size": 2,
          "type": "ReferenceSelector",
          "label": "${Texts.CompanyInternalReqDocument}",
          "column": 1,
          "elements": [],
          "helpText": "",
          "isHidden": false,
          "attributes": [
            {
              "key": "aggregationKind",
              "value": "Shared"
            },
            {
              "key": "isReadOnly",
              "value": "false"
            },
            {
              "key": "max",
              "value": "1"
            },
            {
              "key": "min",
              "value": "1"
            },
            {
              "key": "definition",
              "value": "InternalReqDocTypes"
            },
            {
              "key": "dependsOnAttribute",
              "value": "Primavera"
            }
          ],
          "behaviours": [
            {
              "name": "Change",
              "type": "Change",
              "expression": "if(this.documentERPRI)\r\n{\r\n    this._metadata.elements.documentConfigContainer.elements.useDefIntReqSerie.attributes.isReadOnly = false;    \r\n    this._metadata.elements.documentConfigContainer.elements.intReqSeries.attributes.isReadOnly = true;    \r\n}\r\nelse\r\n{\r\n    this._metadata.elements.documentConfigContainer.elements.useDefIntReqSerie.attributes.isReadOnly = true;\r\n    this._metadata.elements.documentConfigContainer.elements.intReqSeries.attributes.isReadOnly = true;\r\n}\r\n\r\nthis.intReqSeries = '';\r\nthis.useDefIntReqSerie = true",
              "description": ""
            }
          ],
          "description": null,
          "visibleFrom": "Mobile"
        },
        {
          "row": 3,
          "name": "UseDefIntReqSerie",
          "size": 2,
          "type": "Input",
          "label": "${Texts.UseDefaultSerie}",
          "column": 3,
          "elements": [],
          "helpText": null,
          "isHidden": false,
          "attributes": [
            {
              "key": "aggregationKind",
              "value": "None"
            },
            {
              "key": "isReadOnly",
              "value": "false"
            },
            {
              "key": "min",
              "value": "1"
            },
            {
              "key": "max",
              "value": "1"
            },
            {
              "key": "isSensitiveData",
              "value": "false"
            },
            {
              "key": "formattingType",
              "value": "Boolean"
            }
          ],
          "behaviours": [
            {
              "name": "Change",
              "type": "Change",
              "expression": "if(newValue === true && this.documentERPRI)\r\n{\r\n    this.intReqSeries = '';\r\n    this._metadata.elements.documentConfigContainer.elements.intReqSeries.attributes.isReadOnly = true;\r\n}\r\nelse\r\n{\r\n    this._metadata.elements.documentConfigContainer.elements.intReqSeries.attributes.isReadOnly = false;\r\n}\r\n\r\nif ((this.intReqSeries == '' || this.intReqSeries == null) && newValue === true)\r\n{\r\n    this._metadata.elements.documentConfigContainer.elements.intReqSeries.attributes.min = \"0\";\r\n}\r\nelse\r\n{\r\n    this._metadata.elements.documentConfigContainer.elements.intReqSeries.attributes.min = \"1\";\r\n}",
              "description": ""
            }
          ],
          "description": null,
          "visibleFrom": null
        },
        {
          "row": 3,
          "name": "IntReqSeries",
          "size": 2,
          "type": "ReferenceSelector",
          "label": "${Texts.Serie}",
          "column": 4,
          "elements": [],
          "helpText": null,
          "isHidden": false,
          "attributes": [
            {
              "key": "aggregationKind",
              "value": "Shared"
            },
            {
              "key": "isReadOnly",
              "value": "false"
            },
            {
              "key": "min",
              "value": "0"
            },
            {
              "key": "max",
              "value": "1"
            },
            {
              "key": "isSensitiveData",
              "value": "false"
            },
            {
              "key": "definition",
              "value": "IntReqSeries"
            },
            {
              "key": "dependsOnAttribute",
              "value": "Primavera"
            }
          ],
          "behaviours": [],
          "description": null,
          "visibleFrom": null
        },
        {
          "row": 3,
          "name": "DocumentERPCF",
          "size": 2,
          "type": "ReferenceSelector",
          "label": "${Texts.CompanyQuotationDocument}",
          "column": 7,
          "elements": [],
          "helpText": "",
          "isHidden": false,
          "attributes": [
            {
              "key": "aggregationKind",
              "value": "Shared"
            },
            {
              "key": "isReadOnly",
              "value": "false"
            },
            {
              "key": "max",
              "value": "1"
            },
            {
              "key": "min",
              "value": "1"
            },
            {
              "key": "definition",
              "value": "QuotationDocTypes"
            },
            {
              "key": "dependsOnAttribute",
              "value": "Primavera"
            }
          ],
          "behaviours": [
            {
              "name": "Change",
              "type": "Change",
              "expression": "if(this.documentERPCF)\r\n{\r\n\tthis._metadata.elements.documentConfigContainer.elements.useDefQuotDocSerie.attributes.isReadOnly = false;\r\n\tthis._metadata.elements.documentConfigContainer.elements.quotationDocumentSeries.attributes.isReadOnly = true;\r\n}\r\nelse\r\n{\r\n    this._metadata.elements.documentConfigContainer.elements.useDefQuotDocSerie.attributes.isReadOnly = true;\r\n\tthis._metadata.elements.documentConfigContainer.elements.quotationDocumentSeries.attributes.isReadOnly = true;\r\n}\r\n\r\nthis.useDefQuotDocSerie = true;\r\nthis.quotationDocumentSeries ='';",
              "description": ""
            }
          ],
          "description": null,
          "visibleFrom": "Mobile"
        },
        {
          "row": 3,
          "name": "UseDefQuotDocSerie",
          "size": 2,
          "type": "Input",
          "label": "${Texts.UseDefaultSerie}",
          "column": 9,
          "elements": [],
          "helpText": "",
          "isHidden": false,
          "attributes": [
            {
              "key": "min",
              "value": "1"
            },
            {
              "key": "max",
              "value": "1"
            },
            {
              "key": "aggregationKind",
              "value": "None"
            },
            {
              "key": "isSensitiveData",
              "value": "false"
            },
            {
              "key": "formattingType",
              "value": "Boolean"
            }
          ],
          "behaviours": [
            {
              "name": "Change",
              "type": "Change",
              "expression": "if(newValue === true && this.documentERPCF)\r\n{\r\n    this.quotationDocumentSeries = '';\r\n    this._metadata.elements.documentConfigContainer.elements.quotationDocumentSeries.attributes.isReadOnly = true;\r\n}\r\nelse\r\n{\r\n    this._metadata.elements.documentConfigContainer.elements.quotationDocumentSeries.attributes.isReadOnly = false;\r\n}\r\nif ((this.quotationDocumentSeries == '' || this.quotationDocumentSeries == null) && newValue === true)\r\n{\r\n    this._metadata.elements.documentConfigContainer.elements.quotationDocumentSeries.attributes.min = \"0\";\r\n}\r\nelse\r\n{\r\n    this._metadata.elements.documentConfigContainer.elements.quotationDocumentSeries.attributes.min = \"1\";\r\n}",
              "description": ""
            }
          ],
          "description": null,
          "visibleFrom": "Mobile"
        },
        {
          "row": 7,
          "name": "documentERPECF",
          "size": 2,
          "type": "ReferenceSelector",
          "label": "${Texts.CompanySupplierOrder}",
          "column": 1,
          "elements": [],
          "helpText": "",
          "isHidden": false,
          "attributes": [
            {
              "key": "aggregationKind",
              "value": "Shared"
            },
            {
              "key": "isReadOnly",
              "value": "false"
            },
            {
              "key": "max",
              "value": "1"
            },
            {
              "key": "min",
              "value": "1"
            },
            {
              "key": "definition",
              "value": "OrderSupplierTypes"
            },
            {
              "key": "dependsOnAttribute",
              "value": "Primavera"
            }
          ],
          "behaviours": [
            {
              "name": "Change",
              "type": "Change",
              "expression": "if(this.documentERPECF)\r\n{\r\n    this._metadata.elements.documentConfigContainer.elements.useDefOrdSuppSerie.attributes.isReadOnly = false;\r\n    this._metadata.elements.documentConfigContainer.elements.supplierOrderSeries.attributes.isReadOnly = true;\r\n\t\r\n}\r\nelse\r\n{\r\n    this._metadata.elements.documentConfigContainer.elements.useDefOrdSuppSerie.attributes.isReadOnly = true;\r\n    this._metadata.elements.documentConfigContainer.elements.supplierOrderSeries.attributes.isReadOnly = true;\r\n}\r\n\r\nthis.useDefOrdSuppSerie = true\r\nthis.supplierOrderSeries ='';",
              "description": ""
            }
          ],
          "description": null,
          "visibleFrom": "Mobile"
        },
        {
          "row": 7,
          "name": "UseDefOrdSuppSerie",
          "size": 2,
          "type": "Input",
          "label": "${Texts.UseDefaultSerie}",
          "column": 3,
          "elements": [],
          "helpText": null,
          "isHidden": false,
          "attributes": [
            {
              "key": "aggregationKind",
              "value": "None"
            },
            {
              "key": "isReadOnly",
              "value": "false"
            },
            {
              "key": "min",
              "value": "1"
            },
            {
              "key": "max",
              "value": "1"
            },
            {
              "key": "isSensitiveData",
              "value": "false"
            },
            {
              "key": "formattingType",
              "value": "Boolean"
            }
          ],
          "behaviours": [
            {
              "name": "Change",
              "type": "Change",
              "expression": "if(newValue === true && this.documentERPECF)\r\n{\r\n    this.supplierOrderSeries = '';\r\n    this._metadata.elements.documentConfigContainer.elements.supplierOrderSeries.attributes.isReadOnly = true;\r\n}\r\nelse\r\n{\r\n    this._metadata.elements.documentConfigContainer.elements.supplierOrderSeries.attributes.isReadOnly = false;\r\n}\r\n\r\nif((this.supplierOrderSeries == '' || this.supplierOrderSeries == null) && newValue === true)\r\n{\r\n    this._metadata.elements.documentConfigContainer.elements.supplierOrderSeries.attributes.min = \"0\";\r\n}\r\nelse\r\n{\r\n    this._metadata.elements.documentConfigContainer.elements.supplierOrderSeries.attributes.min = \"1\";\r\n}\r\n",
              "description": ""
            }
          ],
          "description": null,
          "visibleFrom": null
        },
        {
          "row": 7,
          "name": "SupplierOrderSeries",
          "size": 2,
          "type": "ReferenceSelector",
          "label": "${Texts.Serie}",
          "column": 5,
          "elements": [],
          "helpText": null,
          "isHidden": false,
          "attributes": [
            {
              "key": "aggregationKind",
              "value": "Shared"
            },
            {
              "key": "isReadOnly",
              "value": "false"
            },
            {
              "key": "min",
              "value": "0"
            },
            {
              "key": "max",
              "value": "1"
            },
            {
              "key": "isSensitiveData",
              "value": "false"
            },
            {
              "key": "definition",
              "value": "PurchasesDocSeries"
            },
            {
              "key": "dependsOnAttribute",
              "value": "Primavera"
            }
          ],
          "behaviours": [],
          "description": null,
          "visibleFrom": null
        },
        {
          "row": 7,
          "name": "LiquidationDocType",
          "size": 2,
          "type": "ReferenceSelector",
          "label": "${Texts.LiquidationDocType}",
          "column": 7,
          "elements": [],
          "helpText": "",
          "isHidden": false,
          "attributes": [
            {
              "key": "aggregationKind",
              "value": "Shared"
            },
            {
              "key": "isReadOnly",
              "value": "false"
            },
            {
              "key": "max",
              "value": "1"
            },
            {
              "key": "min",
              "value": "1"
            },
            {
              "key": "definition",
              "value": "LiquidationDocTypes"
            },
            {
              "key": "dependsOnAttribute",
              "value": "Primavera"
            }
          ],
          "behaviours": [
            {
              "name": "Change",
              "type": "Change",
              "expression": "if(this.liquidationDocType)\r\n{\r\n    this._metadata.elements.documentConfigContainer.elements.useDefLiqDocSerie.attributes.isReadOnly = false;\r\n    this._metadata.elements.documentConfigContainer.elements.treasuryDocSeries.attributes.isReadOnly = true;\r\n}\r\nelse\r\n{\r\n    this._metadata.elements.documentConfigContainer.elements.useDefLiqDocSerie.attributes.isReadOnly = true;\r\n    this._metadata.elements.documentConfigContainer.elements.treasuryDocSeries.attributes.isReadOnly = true;\r\n}\r\n\r\nthis.treasuryDocSeries = '';\r\nthis.useDefLiqDocSerie = true;",
              "description": ""
            }
          ],
          "description": null,
          "visibleFrom": "Mobile"
        },
        {
          "row": 7,
          "name": "UseDefLiqDocSerie",
          "size": 2,
          "type": "Input",
          "label": "${Texts.UseDefaultSerie}",
          "column": 9,
          "elements": [],
          "helpText": null,
          "isHidden": false,
          "attributes": [
            {
              "key": "aggregationKind",
              "value": "None"
            },
            {
              "key": "isReadOnly",
              "value": "false"
            },
            {
              "key": "min",
              "value": "1"
            },
            {
              "key": "max",
              "value": "1"
            },
            {
              "key": "isSensitiveData",
              "value": "false"
            },
            {
              "key": "formattingType",
              "value": "Boolean"
            }
          ],
          "behaviours": [
            {
              "name": "Change",
              "type": "Change",
              "expression": "if(newValue === true && this.liquidationDocType)\r\n{\r\n    this.treasuryDocSeries = '';\r\n    this._metadata.elements.documentConfigContainer.elements.treasuryDocSeries.attributes.isReadOnly = true;\r\n}\r\nelse\r\n{\r\n    this._metadata.elements.documentConfigContainer.elements.treasuryDocSeries.attributes.isReadOnly = false;\r\n}\r\n\r\nif ((this.treasuryDocSeries == '' || this.treasuryDocSeries == null) && newValue === true)\r\n{\r\n    this._metadata.elements.documentConfigContainer.elements.treasuryDocSeries.attributes.min = \"0\";\r\n}\r\nelse\r\n{\r\n    this._metadata.elements.documentConfigContainer.elements.treasuryDocSeries.attributes.min = \"1\";\r\n}",
              "description": ""
            }
          ],
          "description": null,
          "visibleFrom": null
        },
        {
          "row": 7,
          "name": "TreasuryDocSeries",
          "size": 2,
          "type": "ReferenceSelector",
          "label": "${Texts.Serie}",
          "column": 11,
          "elements": [],
          "helpText": null,
          "isHidden": false,
          "attributes": [
            {
              "key": "aggregationKind",
              "value": "Shared"
            },
            {
              "key": "isReadOnly",
              "value": "false"
            },
            {
              "key": "min",
              "value": "0"
            },
            {
              "key": "max",
              "value": "1"
            },
            {
              "key": "isSensitiveData",
              "value": "false"
            },
            {
              "key": "definition",
              "value": "TreasuryDocSeries"
            },
            {
              "key": "dependsOnAttribute",
              "value": "Primavera"
            }
          ],
          "behaviours": [],
          "description": null,
          "visibleFrom": null
        },
        {
          "row": 11,
          "name": "DocumentERPPCO",
          "size": 6,
          "type": "ReferenceSelector",
          "label": "${Texts.CompanyQuoteRequestDocument}",
          "column": 1,
          "elements": [],
          "helpText": "",
          "isHidden": false,
          "attributes": [
            {
              "key": "aggregationKind",
              "value": "Shared"
            },
            {
              "key": "isReadOnly",
              "value": "false"
            },
            {
              "key": "max",
              "value": "1"
            },
            {
              "key": "min",
              "value": "1"
            },
            {
              "key": "definition",
              "value": "QuotationReqDocTypes"
            },
            {
              "key": "dependsOnAttribute",
              "value": "Primavera"
            }
          ],
          "behaviours": [],
          "description": null,
          "visibleFrom": "Mobile"
        },
        {
          "row": 11,
          "name": "RequisitionPurchaseUsers",
          "size": 6,
          "type": "ReferenceSelector",
          "label": "${Texts.ERPUserGroup}",
          "column": 7,
          "elements": [],
          "helpText": "",
          "isHidden": false,
          "attributes": [
            {
              "key": "aggregationKind",
              "value": "Shared"
            },
            {
              "key": "isReadOnly",
              "value": "false"
            },
            {
              "key": "max",
              "value": "1"
            },
            {
              "key": "min",
              "value": "1"
            },
            {
              "key": "definition",
              "value": "RequisitionPurchaseUsers"
            },
            {
              "key": "dependsOnAttribute",
              "value": "Primavera"
            }
          ],
          "behaviours": [],
          "description": null,
          "visibleFrom": "Mobile"
        },
        {
          "row": 3,
          "name": "QuotationDocumentSeries",
          "size": 2,
          "type": "ReferenceSelector",
          "label": "${Texts.Serie}",
          "column": 11,
          "elements": [],
          "helpText": null,
          "isHidden": false,
          "attributes": [
            {
              "key": "aggregationKind",
              "value": "Shared"
            },
            {
              "key": "isReadOnly",
              "value": "false"
            },
            {
              "key": "min",
              "value": "0"
            },
            {
              "key": "max",
              "value": "1"
            },
            {
              "key": "isSensitiveData",
              "value": "false"
            },
            {
              "key": "definition",
              "value": "PurchasesDocSeries"
            },
            {
              "key": "dependsOnAttribute",
              "value": "Primavera"
            }
          ],
          "behaviours": [],
          "description": null,
          "visibleFrom": null
        }
      ],
      "helpText": "",
      "isHidden": false,
      "attributes": [],
      "behaviours": [],
      "description": null,
      "visibleFrom": "Mobile"
    },
    {
      "row": 12,
      "name": "DocTypePref",
      "size": 6,
      "type": "Selector",
      "label": "${Texts.docPref}",
      "column": 1,
      "elements": [],
      "helpText": null,
      "isHidden": false,
      "attributes": [
        {
          "key": "aggregationKind",
          "value": "None"
        },
        {
          "key": "isReadOnly",
          "value": "false"
        },
        {
          "key": "min",
          "value": "1"
        },
        {
          "key": "max",
          "value": "1"
        },
        {
          "key": "isSensitiveData",
          "value": "false"
        },
        {
          "key": "enumeration",
          "value": "RequisitionTypesChoose"
        }
      ],
      "behaviours": [],
      "description": null,
      "visibleFrom": null
    },
    {
      "row": 3,
      "name": "_inactive",
      "size": 2,
      "type": "Input",
      "label": "${Texts.Inactive}",
      "column": 11,
      "elements": [],
      "helpText": null,
      "isHidden": false,
      "attributes": [
        {
          "key": "aggregationKind",
          "value": "None"
        },
        {
          "key": "isReadOnly",
          "value": "false"
        },
        {
          "key": "max",
          "value": "1"
        },
        {
          "key": "min",
          "value": "1"
        },
        {
          "key": "isSensitiveData",
          "value": "false"
        },
        {
          "key": "formattingType",
          "value": "Boolean"
        }
      ],
      "behaviours": [],
      "description": null,
      "visibleFrom": null
    },
    {
      "row": 12,
      "name": "IntegrateReqFilesERP",
      "size": 3,
      "type": "Input",
      "label": "${Texts.IntegrateFiles}",
      "column": 1,
      "elements": [],
      "helpText": null,
      "isHidden": false,
      "attributes": [
        {
          "key": "aggregationKind",
          "value": "None"
        },
        {
          "key": "isReadOnly",
          "value": "false"
        },
        {
          "key": "min",
          "value": "1"
        },
        {
          "key": "max",
          "value": "1"
        },
        {
          "key": "isSensitiveData",
          "value": "false"
        },
        {
          "key": "formattingType",
          "value": "Boolean"
        }
      ],
      "behaviours": [],
      "description": null,
      "visibleFrom": null
    },
    {
      "row": 13,
      "name": "RISatisfactionBasedOnStkMovements",
      "size": 6,
      "type": "Input",
      "label": "${Texts.RISatisfactionBasedOnStkMovements}",
      "column": 1,
      "elements": [],
      "helpText": null,
      "isHidden": false,
      "attributes": [
        {
          "key": "aggregationKind",
          "value": "None"
        },
        {
          "key": "isReadOnly",
          "value": "false"
        },
        {
          "key": "min",
          "value": "1"
        },
        {
          "key": "max",
          "value": "1"
        },
        {
          "key": "isSensitiveData",
          "value": "false"
        },
        {
          "key": "formattingType",
          "value": "Boolean"
        }
      ],
      "behaviours": [],
      "description": null,
      "visibleFrom": null
    }
  ],
  "helpText": null,
  "attributes": [],
  "behaviours": [
    {
      "name": "AfterChange",
      "type": "AfterChange",
      "expression": "this._metadata.elements.documentConfigContainer.elements.intReqSeries.attributes.listParameters = { \r\n    DOCUMENT_TYPE: this.documentERPRI\r\n};\r\n\r\nthis._metadata.elements.documentConfigContainer.elements.supplierOrderSeries.attributes.listParameters = { \r\n    DOCUMENT_TYPE: this.documentERPECF\r\n};\r\n\r\nthis._metadata.elements.documentConfigContainer.elements.treasuryDocSeries.attributes.listParameters = { \r\n    DOCUMENT_TYPE: this.liquidationDocType\r\n};\r\n\r\nthis._metadata.elements.documentConfigContainer.elements.quotationDocumentSeries.attributes.listParameters = { \r\n    DOCUMENT_TYPE: this.documentERPCF\r\n};",
      "description": ""
    },
    {
      "name": "Initialize",
      "type": "Initialize",
      "expression": "if (this.primavera == null || this.primavera == ''){\r\n\tthis._metadata.elements.documentConfigContainer.elements.documentERPRI.attributes.isReadOnly = true;\r\n\tthis._metadata.elements.documentConfigContainer.elements.documentERPECF.attributes.isReadOnly = true;\r\n\tthis._metadata.elements.documentConfigContainer.elements.documentERPCF.attributes.isReadOnly = true;\r\n\tthis._metadata.elements.documentConfigContainer.elements.liquidationDocType.attributes.isReadOnly = true;\r\n\tthis._metadata.elements.documentConfigContainer.elements.documentERPPCO.attributes.isReadOnly = true;\r\n\tthis._metadata.elements.documentConfigContainer.elements.requisitionPurchaseUsers.attributes.isReadOnly = true;\r\n\t\r\n\tthis._metadata.elements.currency.attributes.isReadOnly = true;\r\n\t\r\n}\r\n\r\nif ((this.documentERPRI == null || this.documentERPRI == '')){\r\n\tthis._metadata.elements.documentConfigContainer.elements.intReqSeries.attributes.isReadOnly = true;\r\n\tthis._metadata.elements.documentConfigContainer.elements.useDefIntReqSerie.attributes.isReadOnly = true;\r\n}\r\n\r\nif ((this.documentERPRI == null || this.documentERPRI == '') || this.useDefIntReqSerie === true)\r\n    this._metadata.elements.documentConfigContainer.elements.intReqSeries.attributes.isReadOnly = true;\r\n\r\nif ((this.documentERPECF == null || this.documentERPECF == '') ){\r\n\tthis._metadata.elements.documentConfigContainer.elements.useDefOrdSuppSerie.attributes.isReadOnly = true;\r\n\tthis._metadata.elements.documentConfigContainer.elements.supplierOrderSeries.attributes.isReadOnly = true;\r\n}\r\n\r\nif ((this.documentERPECF == null || this.documentERPECF == '') || this.useDefOrdSuppSerie === true)\r\n    this._metadata.elements.documentConfigContainer.elements.supplierOrderSeries.attributes.isReadOnly = true;\r\n\r\nif ((this.documentERPCF == null || this.documentERPCF == '') ){\r\n\tthis._metadata.elements.documentConfigContainer.elements.useDefQuotDocSerie.attributes.isReadOnly = true;\r\n\tthis._metadata.elements.documentConfigContainer.elements.quotationDocumentSeries.attributes.isReadOnly = true;\r\n}\r\n\r\nif ((this.documentERPCF == null || this.documentERPCF == '') || this.useDefQuotDocSerie === true)\r\n    this._metadata.elements.documentConfigContainer.elements.quotationDocumentSeries.attributes.isReadOnly = true;\r\n\r\nif ((this.liquidationDocType == null || this.liquidationDocType == '') ){\r\n\tthis._metadata.elements.documentConfigContainer.elements.useDefLiqDocSerie.attributes.isReadOnly = true;\r\n\tthis._metadata.elements.documentConfigContainer.elements.treasuryDocSeries.attributes.isReadOnly = true;\r\n}\r\n\r\nif ((this.liquidationDocType == null || this.liquidationDocType == '') || this.useDefLiqDocSerie === true)\r\n    this._metadata.elements.documentConfigContainer.elements.treasuryDocSeries.attributes.isReadOnly = true;\r\n\r\n\r\nthis._metadata.elements.documentConfigContainer.elements.intReqSeries.attributes.listParameters = { \r\n    DOCUMENT_TYPE: this.documentERPRI\r\n};\r\n\r\nthis._metadata.elements.documentConfigContainer.elements.supplierOrderSeries.attributes.listParameters = { \r\n    DOCUMENT_TYPE: this.documentERPECF\r\n};\r\n\r\nthis._metadata.elements.documentConfigContainer.elements.treasuryDocSeries.attributes.listParameters = { \r\n    DOCUMENT_TYPE: this.liquidationDocType\r\n};\r\n\r\nthis._metadata.elements.documentConfigContainer.elements.quotationDocumentSeries.attributes.listParameters = { \r\n    DOCUMENT_TYPE: this.documentERPCF\r\n};",
      "description": ""
    }
  ],
  "dataSource": "System",
  "description": null
}