{
  "name": "DownloadTestForm",
  "type": "Form",
  "label": "Download Test",
  "entity": "DownloadTest",
  "elements": [
    {
      "row": 1,
      "name": "_code",
      "size": 6,
      "type": "Input",
      "label": "${Texts.Code}",
      "column": 1,
      "elements": [],
      "helpText": null,
      "isHidden": false,
      "attributes": [
        {
          "key": "aggregationKind",
          "value": "None"
        },
        {
          "key": "isReadOnly",
          "value": "false"
        },
        {
          "key": "max",
          "value": "1"
        },
        {
          "key": "min",
          "value": "1"
        },
        {
          "key": "formattingType",
          "value": "Text"
        }
      ],
      "behaviours": [],
      "description": null
    },
    {
      "row": 1,
      "name": "_name",
      "size": 6,
      "type": "Input",
      "label": "${Texts.Name}",
      "column": 7,
      "elements": [],
      "helpText": null,
      "isHidden": false,
      "attributes": [
        {
          "key": "aggregationKind",
          "value": "None"
        },
        {
          "key": "isReadOnly",
          "value": "false"
        },
        {
          "key": "max",
          "value": "1"
        },
        {
          "key": "min",
          "value": "1"
        },
        {
          "key": "formattingType",
          "value": "Text"
        }
      ],
      "behaviours": [],
      "description": null
    },
    {
      "row": 2,
      "name": "_description",
      "size": 6,
      "type": "Input",
      "label": "${Texts.Description}",
      "column": 1,
      "elements": [],
      "helpText": null,
      "isHidden": false,
      "attributes": [
        {
          "key": "aggregationKind",
          "value": "None"
        },
        {
          "key": "isReadOnly",
          "value": "false"
        },
        {
          "key": "max",
          "value": "1"
        },
        {
          "key": "min",
          "value": "0"
        },
        {
          "key": "formattingType",
          "value": "Text"
        }
      ],
      "behaviours": [],
      "description": null
    },
    {
      "row": 2,
      "name": "_inactive",
      "size": 6,
      "type": "Input",
      "label": "${Texts.Inactive}",
      "column": 7,
      "elements": [],
      "helpText": null,
      "isHidden": false,
      "attributes": [
        {
          "key": "aggregationKind",
          "value": "None"
        },
        {
          "key": "isReadOnly",
          "value": "false"
        },
        {
          "key": "max",
          "value": "1"
        },
        {
          "key": "min",
          "value": "1"
        },
        {
          "key": "formattingType",
          "value": "Boolean"
        }
      ],
      "behaviours": [],
      "description": null
    },
    {
      "row": 3,
      "name": "down",
      "size": 6,
      "type": "WebComponent",
      "label": "${Texts.Download}",
      "column": 1,
      "elements": [],
      "helpText": "",
      "isHidden": false,
      "attributes": [
        {
          "key": "webComponentName",
          "value": "OmniaErpDownload"
        },
        {
          "key": "customElementName",
          "value": "omnia-erp-download"
        },
        {
          "key": "mapping",
          "value": "Download"
        }
      ],
      "behaviours": [],
      "description": null
    }
  ],
  "helpText": null,
  "attributes": [],
  "behaviours": [],
  "dataSource": "System",
  "description": null
}