{
  "name": "EmployeeForm",
  "type": "Form",
  "label": "${Texts.Employee}",
  "entity": "Employee",
  "elements": [
    {
      "row": 1,
      "name": "_code",
      "size": 4,
      "type": "Input",
      "label": "${Texts.Code}",
      "column": 1,
      "elements": [],
      "helpText": null,
      "isHidden": false,
      "attributes": [
        {
          "key": "aggregationKind",
          "value": "None"
        },
        {
          "key": "isReadOnly",
          "value": "false"
        },
        {
          "key": "max",
          "value": "1"
        },
        {
          "key": "min",
          "value": "1"
        },
        {
          "key": "isSensitiveData",
          "value": "false"
        },
        {
          "key": "formattingType",
          "value": "Text"
        },
        {
          "key": "minimumLength",
          "value": "0"
        },
        {
          "key": "maximumLength",
          "value": "null"
        }
      ],
      "behaviours": [],
      "description": null,
      "visibleFrom": null
    },
    {
      "row": 1,
      "name": "_name",
      "size": 8,
      "type": "Input",
      "label": "${Texts.Name}",
      "column": 5,
      "elements": [],
      "helpText": null,
      "isHidden": false,
      "attributes": [
        {
          "key": "aggregationKind",
          "value": "None"
        },
        {
          "key": "isReadOnly",
          "value": "false"
        },
        {
          "key": "max",
          "value": "1"
        },
        {
          "key": "min",
          "value": "1"
        },
        {
          "key": "isSensitiveData",
          "value": "true"
        },
        {
          "key": "formattingType",
          "value": "Text"
        },
        {
          "key": "minimumLength",
          "value": "0"
        },
        {
          "key": "maximumLength",
          "value": "null"
        }
      ],
      "behaviours": [],
      "description": null,
      "visibleFrom": null
    },
    {
      "row": 2,
      "name": "Username",
      "size": 4,
      "type": "Input",
      "label": "${Texts.Username}",
      "column": 1,
      "elements": [],
      "helpText": "",
      "isHidden": false,
      "attributes": [
        {
          "key": "aggregationKind",
          "value": "None"
        },
        {
          "key": "isReadOnly",
          "value": "false"
        },
        {
          "key": "max",
          "value": "1"
        },
        {
          "key": "min",
          "value": "0"
        },
        {
          "key": "isSensitiveData",
          "value": "false"
        },
        {
          "key": "formattingType",
          "value": "Text"
        },
        {
          "key": "minimumLength",
          "value": "0"
        },
        {
          "key": "maximumLength",
          "value": "null"
        }
      ],
      "behaviours": [],
      "description": null,
      "visibleFrom": "Mobile"
    },
    {
      "row": 2,
      "name": "ContactEmail",
      "size": 4,
      "type": "Input",
      "label": "${Texts.ContactEmail}",
      "column": 5,
      "elements": [],
      "helpText": "",
      "isHidden": false,
      "attributes": [
        {
          "key": "aggregationKind",
          "value": "None"
        },
        {
          "key": "isReadOnly",
          "value": "false"
        },
        {
          "key": "max",
          "value": "1"
        },
        {
          "key": "min",
          "value": "0"
        },
        {
          "key": "isSensitiveData",
          "value": "false"
        },
        {
          "key": "formattingType",
          "value": "Text"
        },
        {
          "key": "minimumLength",
          "value": "0"
        },
        {
          "key": "maximumLength",
          "value": "null"
        }
      ],
      "behaviours": [],
      "description": null,
      "visibleFrom": "Mobile"
    },
    {
      "row": 2,
      "name": "OutOfOffice",
      "size": 2,
      "type": "Input",
      "label": "${Texts.OutofOffice}",
      "column": 9,
      "elements": [],
      "helpText": null,
      "isHidden": false,
      "attributes": [
        {
          "key": "aggregationKind",
          "value": "None"
        },
        {
          "key": "isReadOnly",
          "value": "false"
        },
        {
          "key": "max",
          "value": "1"
        },
        {
          "key": "min",
          "value": "0"
        },
        {
          "key": "isSensitiveData",
          "value": "false"
        },
        {
          "key": "formattingType",
          "value": "Boolean"
        }
      ],
      "behaviours": [
        {
          "name": "OnChange_OutOfOffice",
          "type": "Change",
          "expression": "if(this.outOfOffice === true){\n    this._metadata.elements.outOfOfficeSubstitute.attributes.min = 1;    \n}else{\n    this._metadata.elements.outOfOfficeSubstitute.attributes.min = 0;\n}\n\n",
          "description": ""
        }
      ],
      "description": null,
      "visibleFrom": null
    },
    {
      "row": 2,
      "name": "OutOfOfficeSubstitute",
      "size": 2,
      "type": "ReferenceSelector",
      "label": "${Texts.Substitute}",
      "column": 11,
      "elements": [],
      "helpText": "${Texts.OutOfOfficeSubstitute}",
      "isHidden": false,
      "attributes": [
        {
          "key": "aggregationKind",
          "value": "Shared"
        },
        {
          "key": "isReadOnly",
          "value": "false"
        },
        {
          "key": "max",
          "value": "1"
        },
        {
          "key": "min",
          "value": "0"
        },
        {
          "key": "definition",
          "value": "Employee"
        }
      ],
      "behaviours": [],
      "description": null,
      "visibleFrom": null
    },
    {
      "row": 3,
      "name": "_inactive",
      "size": 2,
      "type": "Input",
      "label": "${Texts.Inactive}",
      "column": 5,
      "elements": [],
      "helpText": null,
      "isHidden": false,
      "attributes": [
        {
          "key": "aggregationKind",
          "value": "None"
        },
        {
          "key": "isReadOnly",
          "value": "false"
        },
        {
          "key": "max",
          "value": "1"
        },
        {
          "key": "min",
          "value": "1"
        },
        {
          "key": "isSensitiveData",
          "value": "false"
        },
        {
          "key": "formattingType",
          "value": "Boolean"
        }
      ],
      "behaviours": [],
      "description": null,
      "visibleFrom": null
    },
    {
      "row": 4,
      "name": "DefaultCompany",
      "size": 4,
      "type": "ReferenceSelector",
      "label": "${Texts.DefaultCompany}",
      "column": 1,
      "elements": [],
      "helpText": "",
      "isHidden": false,
      "attributes": [
        {
          "key": "aggregationKind",
          "value": "Shared"
        },
        {
          "key": "isReadOnly",
          "value": "false"
        },
        {
          "key": "max",
          "value": "1"
        },
        {
          "key": "min",
          "value": "1"
        },
        {
          "key": "definition",
          "value": "Company"
        }
      ],
      "behaviours": [],
      "description": null,
      "visibleFrom": "Mobile"
    },
    {
      "row": 5,
      "name": "Companies",
      "size": 6,
      "type": "ReferenceSelector",
      "label": "${Texts.Companies}",
      "column": 1,
      "elements": [],
      "helpText": null,
      "isHidden": false,
      "attributes": [
        {
          "key": "aggregationKind",
          "value": "Shared"
        },
        {
          "key": "isReadOnly",
          "value": "false"
        },
        {
          "key": "max",
          "value": "10"
        },
        {
          "key": "min",
          "value": "1"
        },
        {
          "key": "definition",
          "value": "Company"
        }
      ],
      "behaviours": [
        {
          "name": "Change",
          "type": "Change",
          "expression": " var companyString = \"\";\r\n var count = 0;\r\n\r\nfor(const line of this.companies)\r\n{\r\n    if (count > 0){ companyString+=  \",\"; }\r\n    \r\n    companyString+=  line;\r\n    count += 1;\r\n}\r\n \r\n \r\n this._metadata.elements.organizationalUnits.attributes.listParameters = {\r\n        employeeCompanies: companyString\r\n    };",
          "description": ""
        }
      ],
      "description": null,
      "visibleFrom": null
    },
    {
      "row": 5,
      "name": "OrganizationalUnits",
      "size": 6,
      "type": "ReferenceSelector",
      "label": "${Texts.OrganizationalUnits}",
      "column": 7,
      "elements": [],
      "helpText": null,
      "isHidden": false,
      "attributes": [
        {
          "key": "aggregationKind",
          "value": "Shared"
        },
        {
          "key": "isReadOnly",
          "value": "false"
        },
        {
          "key": "max",
          "value": "50"
        },
        {
          "key": "min",
          "value": "0"
        },
        {
          "key": "definition",
          "value": "OrganizationalUnit"
        },
        {
          "key": "list",
          "value": "OrgUnitByCompanyList"
        }
      ],
      "behaviours": [
        {
          "name": "Change",
          "type": "Change",
          "expression": " \r\n var companyString = \"\";\r\n var count = 0;\r\n\r\nfor(const line of this.companies)\r\n{\r\n    if (count > 0){ companyString+=  \",\"; }\r\n    \r\n    companyString+=  line;\r\n    count += 1;\r\n}\r\n \r\n \r\n this._metadata.elements.organizationalUnits.attributes.listParameters = {\r\n        employeeCompanies: companyString\r\n    };",
          "description": ""
        }
      ],
      "description": null,
      "visibleFrom": null
    },
    {
      "row": 3,
      "name": "NotificationLanguage",
      "size": 4,
      "type": "Selector",
      "label": "${Texts.NotificationLanguage}",
      "column": 1,
      "elements": [],
      "helpText": null,
      "isHidden": false,
      "attributes": [
        {
          "key": "aggregationKind",
          "value": "None"
        },
        {
          "key": "isReadOnly",
          "value": "false"
        },
        {
          "key": "min",
          "value": "0"
        },
        {
          "key": "max",
          "value": "1"
        },
        {
          "key": "isSensitiveData",
          "value": "false"
        },
        {
          "key": "enumeration",
          "value": "NotificationLanguages"
        }
      ],
      "behaviours": [],
      "description": null,
      "visibleFrom": null
    }
  ],
  "helpText": null,
  "attributes": [],
  "behaviours": [
    {
      "name": "Initializer",
      "type": "Initialize",
      "expression": "if(!(this._context.authentication.userIsInRole('Approver') || \n        this._context.authentication.userIsInRole('Administration') ||\n        this._context.authentication.userIsInRole('HRApprover')) && \n        this._context.authentication.userIsInRole('Contributor')){\n    // Hide and disable all elements\n    for(const el of Object.values(this._metadata.elements)){\n        el.isHidden = true;\n        el.attributes.isReadOnly = true;\n    }\n    \n    // Show Code and Name\n    this._metadata.elements._code.isHidden = false;\n    this._metadata.elements._name.isHidden = false;\n    \n    // Show and enable OutOfOffice and Substitute\n    this._metadata.elements.outOfOffice.isHidden = false;\n    this._metadata.elements.outOfOffice.attributes.isReadOnly = false;\n    this._metadata.elements.outOfOfficeSubstitute.isHidden = false;\n    this._metadata.elements.outOfOfficeSubstitute.attributes.isReadOnly = false;\n}\n",
      "description": ""
    }
  ],
  "dataSource": "System",
  "description": null
}