{
  "name": "OUCompaniesForm",
  "type": "Form",
  "label": "OUCompanies",
  "entity": "OUCompanies",
  "elements": [
    {
      "row": 1,
      "name": "_code",
      "size": 6,
      "type": "Input",
      "label": "Code",
      "column": 1,
      "elements": [],
      "helpText": null,
      "isHidden": false,
      "attributes": [
        {
          "key": "aggregationKind",
          "value": "None"
        },
        {
          "key": "isReadOnly",
          "value": "false"
        },
        {
          "key": "min",
          "value": "1"
        },
        {
          "key": "max",
          "value": "1"
        },
        {
          "key": "formattingType",
          "value": "Text"
        },
        {
          "key": "isSensitiveData",
          "value": "false"
        },
        {
          "key": "minimumLength",
          "value": "0"
        },
        {
          "key": "maximumLength",
          "value": "null"
        }
      ],
      "behaviours": [],
      "description": null,
      "visibleFrom": null
    },
    {
      "row": 1,
      "name": "_name",
      "size": 6,
      "type": "Input",
      "label": "Name",
      "column": 7,
      "elements": [],
      "helpText": null,
      "isHidden": false,
      "attributes": [
        {
          "key": "aggregationKind",
          "value": "None"
        },
        {
          "key": "isReadOnly",
          "value": "false"
        },
        {
          "key": "min",
          "value": "1"
        },
        {
          "key": "max",
          "value": "1"
        },
        {
          "key": "formattingType",
          "value": "Text"
        },
        {
          "key": "isSensitiveData",
          "value": "false"
        },
        {
          "key": "minimumLength",
          "value": "0"
        },
        {
          "key": "maximumLength",
          "value": "null"
        }
      ],
      "behaviours": [],
      "description": null,
      "visibleFrom": null
    },
    {
      "row": 2,
      "name": "_description",
      "size": 6,
      "type": "Input",
      "label": "Description",
      "column": 1,
      "elements": [],
      "helpText": null,
      "isHidden": false,
      "attributes": [
        {
          "key": "aggregationKind",
          "value": "None"
        },
        {
          "key": "isReadOnly",
          "value": "false"
        },
        {
          "key": "min",
          "value": "0"
        },
        {
          "key": "max",
          "value": "1"
        },
        {
          "key": "formattingType",
          "value": "Text"
        },
        {
          "key": "isSensitiveData",
          "value": "false"
        },
        {
          "key": "minimumLength",
          "value": "0"
        },
        {
          "key": "maximumLength",
          "value": "null"
        }
      ],
      "behaviours": [],
      "description": null,
      "visibleFrom": null
    },
    {
      "row": 2,
      "name": "_inactive",
      "size": 6,
      "type": "Input",
      "label": "Inactive",
      "column": 7,
      "elements": [],
      "helpText": null,
      "isHidden": false,
      "attributes": [
        {
          "key": "aggregationKind",
          "value": "None"
        },
        {
          "key": "isReadOnly",
          "value": "false"
        },
        {
          "key": "min",
          "value": "1"
        },
        {
          "key": "max",
          "value": "1"
        },
        {
          "key": "formattingType",
          "value": "Boolean"
        },
        {
          "key": "isSensitiveData",
          "value": "false"
        }
      ],
      "behaviours": [],
      "description": null,
      "visibleFrom": null
    },
    {
      "row": 4,
      "name": "Primavera",
      "size": 6,
      "type": "ReferenceSelector",
      "label": "Primavera",
      "column": 1,
      "elements": [],
      "helpText": null,
      "isHidden": false,
      "attributes": [
        {
          "key": "aggregationKind",
          "value": "Shared"
        },
        {
          "key": "isReadOnly",
          "value": "false"
        },
        {
          "key": "min",
          "value": "1"
        },
        {
          "key": "max",
          "value": "1"
        },
        {
          "key": "isSensitiveData",
          "value": "false"
        },
        {
          "key": "definition",
          "value": "Primavera"
        }
      ],
      "behaviours": [],
      "description": null,
      "visibleFrom": null
    },
    {
      "row": 5,
      "name": "Currency",
      "size": 6,
      "type": "ReferenceSelector",
      "label": "Currency",
      "column": 1,
      "elements": [],
      "helpText": null,
      "isHidden": false,
      "attributes": [
        {
          "key": "aggregationKind",
          "value": "Shared"
        },
        {
          "key": "isReadOnly",
          "value": "false"
        },
        {
          "key": "min",
          "value": "1"
        },
        {
          "key": "max",
          "value": "1"
        },
        {
          "key": "isSensitiveData",
          "value": "false"
        },
        {
          "key": "definition",
          "value": "Currency"
        },
        {
          "key": "dependsOnAttribute",
          "value": "Primavera"
        }
      ],
      "behaviours": [],
      "description": null,
      "visibleFrom": null
    },
    {
      "row": 5,
      "name": "PaymentTerms",
      "size": 6,
      "type": "ReferenceSelector",
      "label": "Payment Terms",
      "column": 7,
      "elements": [],
      "helpText": null,
      "isHidden": false,
      "attributes": [
        {
          "key": "aggregationKind",
          "value": "Shared"
        },
        {
          "key": "isReadOnly",
          "value": "false"
        },
        {
          "key": "min",
          "value": "0"
        },
        {
          "key": "max",
          "value": "1"
        },
        {
          "key": "isSensitiveData",
          "value": "false"
        },
        {
          "key": "definition",
          "value": "PaymentTerms"
        },
        {
          "key": "dependsOnAttribute",
          "value": "Primavera"
        }
      ],
      "behaviours": [],
      "description": null,
      "visibleFrom": null
    },
    {
      "row": 8,
      "name": "InternalReqDocTypes",
      "size": 6,
      "type": "ReferenceSelector",
      "label": "Internal Req Doc Types",
      "column": 1,
      "elements": [],
      "helpText": null,
      "isHidden": false,
      "attributes": [
        {
          "key": "aggregationKind",
          "value": "Shared"
        },
        {
          "key": "isReadOnly",
          "value": "false"
        },
        {
          "key": "min",
          "value": "0"
        },
        {
          "key": "max",
          "value": "1"
        },
        {
          "key": "isSensitiveData",
          "value": "false"
        },
        {
          "key": "definition",
          "value": "InternalReqDocTypes"
        },
        {
          "key": "dependsOnAttribute",
          "value": "Primavera"
        }
      ],
      "behaviours": [],
      "description": null,
      "visibleFrom": null
    },
    {
      "row": 8,
      "name": "IntReqSeries",
      "size": 6,
      "type": "ReferenceSelector",
      "label": "Int Req Series",
      "column": 7,
      "elements": [],
      "helpText": null,
      "isHidden": false,
      "attributes": [
        {
          "key": "aggregationKind",
          "value": "Shared"
        },
        {
          "key": "isReadOnly",
          "value": "false"
        },
        {
          "key": "min",
          "value": "0"
        },
        {
          "key": "max",
          "value": "1"
        },
        {
          "key": "isSensitiveData",
          "value": "false"
        },
        {
          "key": "definition",
          "value": "IntReqSeries"
        },
        {
          "key": "dependsOnAttribute",
          "value": "InternalReqDocTypes"
        }
      ],
      "behaviours": [],
      "description": null,
      "visibleFrom": null
    },
    {
      "row": 10,
      "name": "QuotationDocTypes",
      "size": 6,
      "type": "ReferenceSelector",
      "label": "Quotation Doc Types",
      "column": 1,
      "elements": [],
      "helpText": null,
      "isHidden": false,
      "attributes": [
        {
          "key": "aggregationKind",
          "value": "Shared"
        },
        {
          "key": "isReadOnly",
          "value": "false"
        },
        {
          "key": "min",
          "value": "0"
        },
        {
          "key": "max",
          "value": "1"
        },
        {
          "key": "isSensitiveData",
          "value": "false"
        },
        {
          "key": "definition",
          "value": "QuotationDocTypes"
        },
        {
          "key": "dependsOnAttribute",
          "value": "Primavera"
        }
      ],
      "behaviours": [],
      "description": null,
      "visibleFrom": null
    },
    {
      "row": 11,
      "name": "LiquidationDocTypes",
      "size": 6,
      "type": "ReferenceSelector",
      "label": "Liquidation Doc Types",
      "column": 1,
      "elements": [],
      "helpText": null,
      "isHidden": false,
      "attributes": [
        {
          "key": "aggregationKind",
          "value": "Shared"
        },
        {
          "key": "isReadOnly",
          "value": "false"
        },
        {
          "key": "min",
          "value": "0"
        },
        {
          "key": "max",
          "value": "1"
        },
        {
          "key": "isSensitiveData",
          "value": "false"
        },
        {
          "key": "definition",
          "value": "LiquidationDocTypes"
        },
        {
          "key": "dependsOnAttribute",
          "value": "Primavera"
        }
      ],
      "behaviours": [],
      "description": null,
      "visibleFrom": null
    },
    {
      "row": 9,
      "name": "OrderSupplierTypes",
      "size": 6,
      "type": "ReferenceSelector",
      "label": "Order Supplier Types",
      "column": 1,
      "elements": [],
      "helpText": null,
      "isHidden": false,
      "attributes": [
        {
          "key": "aggregationKind",
          "value": "Shared"
        },
        {
          "key": "isReadOnly",
          "value": "false"
        },
        {
          "key": "min",
          "value": "0"
        },
        {
          "key": "max",
          "value": "1"
        },
        {
          "key": "isSensitiveData",
          "value": "false"
        },
        {
          "key": "definition",
          "value": "OrderSupplierTypes"
        },
        {
          "key": "dependsOnAttribute",
          "value": "Primavera"
        }
      ],
      "behaviours": [],
      "description": null,
      "visibleFrom": null
    }
  ],
  "helpText": null,
  "attributes": [],
  "behaviours": [],
  "dataSource": "System",
  "description": null
}