{
  "name": "PrimaveraForm",
  "type": "Form",
  "label": "${Texts.Primavera}",
  "entity": "Primavera",
  "elements": [
    {
      "row": 0,
      "name": "_code",
      "size": 6,
      "type": "Input",
      "label": "${Texts.Code}",
      "column": 1,
      "elements": [],
      "helpText": null,
      "isHidden": true,
      "attributes": [
        {
          "key": "aggregationKind",
          "value": "None"
        },
        {
          "key": "isReadOnly",
          "value": "false"
        },
        {
          "key": "max",
          "value": "1"
        },
        {
          "key": "min",
          "value": "1"
        },
        {
          "key": "isSensitiveData",
          "value": "false"
        },
        {
          "key": "formattingType",
          "value": "Text"
        },
        {
          "key": "maximumLength",
          "value": "null"
        },
        {
          "key": "minimumLength",
          "value": "0"
        }
      ],
      "behaviours": [],
      "description": null,
      "visibleFrom": null
    },
    {
      "row": 1,
      "name": "_name",
      "size": 6,
      "type": "Input",
      "label": "${Texts.Name}",
      "column": 7,
      "elements": [],
      "helpText": null,
      "isHidden": false,
      "attributes": [
        {
          "key": "aggregationKind",
          "value": "None"
        },
        {
          "key": "isReadOnly",
          "value": "false"
        },
        {
          "key": "max",
          "value": "1"
        },
        {
          "key": "min",
          "value": "1"
        },
        {
          "key": "isSensitiveData",
          "value": "false"
        },
        {
          "key": "formattingType",
          "value": "Text"
        },
        {
          "key": "maximumLength",
          "value": "null"
        },
        {
          "key": "minimumLength",
          "value": "0"
        }
      ],
      "behaviours": [],
      "description": null,
      "visibleFrom": null
    },
    {
      "row": 1,
      "name": "ERPCompanyCode",
      "size": 6,
      "type": "Input",
      "label": "${Texts.ERPCompanyCode}",
      "column": 1,
      "elements": [],
      "helpText": "",
      "isHidden": false,
      "attributes": [
        {
          "key": "aggregationKind",
          "value": "None"
        },
        {
          "key": "isReadOnly",
          "value": "false"
        },
        {
          "key": "max",
          "value": "1"
        },
        {
          "key": "min",
          "value": "1"
        },
        {
          "key": "isSensitiveData",
          "value": "false"
        },
        {
          "key": "formattingType",
          "value": "Text"
        },
        {
          "key": "maximumLength",
          "value": "null"
        },
        {
          "key": "minimumLength",
          "value": "0"
        }
      ],
      "behaviours": [],
      "description": null,
      "visibleFrom": "Mobile"
    },
    {
      "row": 2,
      "name": "_description",
      "size": 6,
      "type": "Input",
      "label": "${Texts.Description}",
      "column": 1,
      "elements": [],
      "helpText": "",
      "isHidden": false,
      "attributes": [
        {
          "key": "aggregationKind",
          "value": "None"
        },
        {
          "key": "isReadOnly",
          "value": "false"
        },
        {
          "key": "max",
          "value": "1"
        },
        {
          "key": "min",
          "value": "0"
        },
        {
          "key": "isSensitiveData",
          "value": "false"
        },
        {
          "key": "formattingType",
          "value": "Text"
        },
        {
          "key": "maximumLength",
          "value": "null"
        },
        {
          "key": "minimumLength",
          "value": "0"
        }
      ],
      "behaviours": [],
      "description": null,
      "visibleFrom": "Mobile"
    },
    {
      "row": 2,
      "name": "_inactive",
      "size": 6,
      "type": "Input",
      "label": "${Texts.Inactive}",
      "column": 7,
      "elements": [],
      "helpText": "",
      "isHidden": false,
      "attributes": [
        {
          "key": "aggregationKind",
          "value": "None"
        },
        {
          "key": "isReadOnly",
          "value": "false"
        },
        {
          "key": "max",
          "value": "1"
        },
        {
          "key": "min",
          "value": "1"
        },
        {
          "key": "isSensitiveData",
          "value": "false"
        },
        {
          "key": "formattingType",
          "value": "Boolean"
        }
      ],
      "behaviours": [],
      "description": null,
      "visibleFrom": "Mobile"
    },
    {
      "row": 4,
      "name": "ExecuteSetup",
      "size": 6,
      "type": "Input",
      "label": "${Texts.ExecuteSetup}",
      "column": 1,
      "elements": [],
      "helpText": "${Texts.ExecuteSetupHelp}",
      "isHidden": false,
      "attributes": [
        {
          "key": "aggregationKind",
          "value": "None"
        },
        {
          "key": "isReadOnly",
          "value": "false"
        },
        {
          "key": "max",
          "value": "1"
        },
        {
          "key": "min",
          "value": "0"
        },
        {
          "key": "isSensitiveData",
          "value": "false"
        },
        {
          "key": "formattingType",
          "value": "Boolean"
        }
      ],
      "behaviours": [],
      "description": null,
      "visibleFrom": "Mobile"
    },
    {
      "row": 3,
      "name": "ConnectorUsername",
      "size": 6,
      "type": "Input",
      "label": "${Texts.ConnectorUsername}",
      "column": 1,
      "elements": [],
      "helpText": null,
      "isHidden": false,
      "attributes": [
        {
          "key": "aggregationKind",
          "value": "None"
        },
        {
          "key": "isReadOnly",
          "value": "false"
        },
        {
          "key": "max",
          "value": "1"
        },
        {
          "key": "min",
          "value": "1"
        },
        {
          "key": "isSensitiveData",
          "value": "false"
        },
        {
          "key": "formattingType",
          "value": "Text"
        },
        {
          "key": "maximumLength",
          "value": "null"
        },
        {
          "key": "minimumLength",
          "value": "0"
        }
      ],
      "behaviours": [],
      "description": null,
      "visibleFrom": null
    }
  ],
  "helpText": null,
  "attributes": [],
  "behaviours": [],
  "dataSource": null,
  "description": null
}