{
  "name": "SettingsForm",
  "type": "Form",
  "label": "${Texts.Settings}",
  "entity": "Settings",
  "elements": [
    {
      "row": 0,
      "name": "_code",
      "size": 6,
      "type": "Input",
      "label": "${Texts.Code}",
      "column": 1,
      "elements": [],
      "helpText": null,
      "isHidden": true,
      "attributes": [
        {
          "key": "aggregationKind",
          "value": "None"
        },
        {
          "key": "isReadOnly",
          "value": "true"
        },
        {
          "key": "max",
          "value": "1"
        },
        {
          "key": "min",
          "value": "1"
        },
        {
          "key": "isSensitiveData",
          "value": "false"
        },
        {
          "key": "formattingType",
          "value": "Text"
        },
        {
          "key": "minimumLength",
          "value": "0"
        },
        {
          "key": "maximumLength",
          "value": "null"
        }
      ],
      "behaviours": [
        {
          "name": "OnChange_Code",
          "type": "Change",
          "expression": "this._metadata.elements.enableSsl.isHidden = !(this._code === \"SMTP\");\nthis._metadata.elements.host.isHidden = !(this._code === \"SMTP\");\nthis._metadata.elements.port.isHidden = !(this._code === \"SMTP\");\nthis._metadata.elements.username.isHidden = !(this._code === \"SMTP\" || this._code === \"ERPPrimavera\");\nthis._metadata.elements.newPassword.isHidden = !(this._code === \"SMTP\" || this._code === \"ERPPrimavera\");\nthis._metadata.elements.changePassword.isHidden = !(this._code === \"SMTP\" || this._code === \"ERPPrimavera\");\nthis._metadata.elements.from.isHidden = !(this._code === \"SMTP\");\n\nthis._metadata.elements.platformTypeSelect.isHidden = !(this._code === \"ERPPrimavera\");\nthis._metadata.elements.databaseInstance.isHidden = !(this._code === \"ERPPrimavera\");\nthis._metadata.elements.connector.isHidden = !(this._code === \"ERPPrimavera\");\nthis._metadata.elements.databaseSuffix.isHidden = !(this._code === \"ERPPrimavera\");\n\nif(this._code === \"ERPPrimavera\"){\n    if(!this.databaseInstance)\n        this.databaseInstance= \"Default\";\n        \n    this._metadata.elements.platformType.attributes.min = 1;\n    this._metadata.elements.databaseInstance.attributes.min = 1;\n    this._metadata.elements.connector.attributes.min = 1;\n    this._metadata.elements.databaseSuffix.attributes.min = 1;\n    \n    this._metadata.elements.host.attributes.min = 0;\n    this._metadata.elements.port.attributes.min = 0;\n    this._metadata.elements.from.attributes.min = 0;\n}else if(this._code === \"SMTP\"){\n    \n    this._metadata.elements.platformType.attributes.min = 0;\n    this._metadata.elements.databaseInstance.attributes.min = 0;\n    this._metadata.elements.connector.attributes.min = 0;\n    \n    this._metadata.elements.host.attributes.min = 1;\n    this._metadata.elements.port.attributes.min = 1;\n    this._metadata.elements.from.attributes.min = 1;\n}",
          "description": ""
        }
      ],
      "description": null,
      "visibleFrom": null
    },
    {
      "row": 0,
      "name": "PlatformType",
      "size": 1,
      "type": "Input",
      "label": "${Texts.PlatformType}",
      "column": 1,
      "elements": [],
      "helpText": "",
      "isHidden": true,
      "attributes": [
        {
          "key": "aggregationKind",
          "value": "None"
        },
        {
          "key": "isReadOnly",
          "value": "false"
        },
        {
          "key": "max",
          "value": "1"
        },
        {
          "key": "min",
          "value": "0"
        },
        {
          "key": "isSensitiveData",
          "value": "false"
        },
        {
          "key": "formattingType",
          "value": "Text"
        },
        {
          "key": "minimumLength",
          "value": "0"
        },
        {
          "key": "maximumLength",
          "value": "null"
        }
      ],
      "behaviours": [],
      "description": null,
      "visibleFrom": "Mobile"
    },
    {
      "row": 1,
      "name": "SettingTypeSelect",
      "size": 6,
      "type": "WebComponent",
      "label": "${Texts.Setting}",
      "column": 1,
      "elements": [],
      "helpText": "",
      "isHidden": false,
      "attributes": [
        {
          "key": "webComponentName",
          "value": "SelectBox"
        },
        {
          "key": "customElementName",
          "value": "omnia-select"
        },
        {
          "key": "mapping",
          "value": "_code"
        }
      ],
      "behaviours": [],
      "description": null,
      "visibleFrom": "Mobile"
    },
    {
      "row": 2,
      "name": "Host",
      "size": 4,
      "type": "Input",
      "label": "${Texts.Host}",
      "column": 3,
      "elements": [],
      "helpText": null,
      "isHidden": true,
      "attributes": [
        {
          "key": "aggregationKind",
          "value": "None"
        },
        {
          "key": "isReadOnly",
          "value": "false"
        },
        {
          "key": "max",
          "value": "1"
        },
        {
          "key": "min",
          "value": "0"
        },
        {
          "key": "isSensitiveData",
          "value": "false"
        },
        {
          "key": "formattingType",
          "value": "Text"
        },
        {
          "key": "minimumLength",
          "value": "0"
        },
        {
          "key": "maximumLength",
          "value": "null"
        }
      ],
      "behaviours": [],
      "description": null,
      "visibleFrom": null
    },
    {
      "row": 2,
      "name": "Port",
      "size": 2,
      "type": "Input",
      "label": "${Texts.Port}",
      "column": 7,
      "elements": [],
      "helpText": null,
      "isHidden": true,
      "attributes": [
        {
          "key": "aggregationKind",
          "value": "None"
        },
        {
          "key": "isReadOnly",
          "value": "false"
        },
        {
          "key": "max",
          "value": "1"
        },
        {
          "key": "min",
          "value": "0"
        },
        {
          "key": "isSensitiveData",
          "value": "false"
        },
        {
          "key": "formattingType",
          "value": "Text"
        },
        {
          "key": "minimumLength",
          "value": "0"
        },
        {
          "key": "maximumLength",
          "value": "null"
        }
      ],
      "behaviours": [],
      "description": null,
      "visibleFrom": null
    },
    {
      "row": 2,
      "name": "EnableSsl",
      "size": 2,
      "type": "Input",
      "label": "${Texts.EnableSsl}",
      "column": 1,
      "elements": [],
      "helpText": null,
      "isHidden": true,
      "attributes": [
        {
          "key": "aggregationKind",
          "value": "None"
        },
        {
          "key": "isReadOnly",
          "value": "false"
        },
        {
          "key": "max",
          "value": "1"
        },
        {
          "key": "min",
          "value": "0"
        },
        {
          "key": "isSensitiveData",
          "value": "false"
        },
        {
          "key": "formattingType",
          "value": "Boolean"
        }
      ],
      "behaviours": [],
      "description": null,
      "visibleFrom": null
    },
    {
      "row": 3,
      "name": "Username",
      "size": 6,
      "type": "Input",
      "label": "${Texts.Username}",
      "column": 1,
      "elements": [],
      "helpText": null,
      "isHidden": true,
      "attributes": [
        {
          "key": "aggregationKind",
          "value": "None"
        },
        {
          "key": "isReadOnly",
          "value": "false"
        },
        {
          "key": "max",
          "value": "1"
        },
        {
          "key": "min",
          "value": "1"
        },
        {
          "key": "isSensitiveData",
          "value": "false"
        },
        {
          "key": "formattingType",
          "value": "Text"
        },
        {
          "key": "minimumLength",
          "value": "0"
        },
        {
          "key": "maximumLength",
          "value": "null"
        }
      ],
      "behaviours": [],
      "description": null,
      "visibleFrom": null
    },
    {
      "row": 3,
      "name": "ChangePassword",
      "size": 2,
      "type": "Input",
      "label": "${Texts.ChangePassword}",
      "column": 7,
      "elements": [],
      "helpText": null,
      "isHidden": true,
      "attributes": [
        {
          "key": "aggregationKind",
          "value": "None"
        },
        {
          "key": "isReadOnly",
          "value": "false"
        },
        {
          "key": "max",
          "value": "1"
        },
        {
          "key": "min",
          "value": "0"
        },
        {
          "key": "isSensitiveData",
          "value": "false"
        },
        {
          "key": "formattingType",
          "value": "Boolean"
        }
      ],
      "behaviours": [
        {
          "name": "OnChange_ChangePassword",
          "type": "Change",
          "expression": "this._metadata.elements.newPassword.attributes.isReadOnly = !newValue;\n\nif (!newValue)\n    this.newPassword = null;",
          "description": ""
        }
      ],
      "description": null,
      "visibleFrom": null
    },
    {
      "row": 3,
      "name": "NewPassword",
      "size": 4,
      "type": "Input",
      "label": "${Texts.NewPassword}",
      "column": 9,
      "elements": [],
      "helpText": null,
      "isHidden": true,
      "attributes": [
        {
          "key": "aggregationKind",
          "value": "None"
        },
        {
          "key": "isReadOnly",
          "value": "true"
        },
        {
          "key": "max",
          "value": "1"
        },
        {
          "key": "min",
          "value": "0"
        },
        {
          "key": "isSensitiveData",
          "value": "false"
        },
        {
          "key": "formattingType",
          "value": "Text"
        },
        {
          "key": "minimumLength",
          "value": "0"
        },
        {
          "key": "maximumLength",
          "value": "null"
        }
      ],
      "behaviours": [],
      "description": null,
      "visibleFrom": null
    },
    {
      "row": 4,
      "name": "From",
      "size": 6,
      "type": "Input",
      "label": "${Texts.From}",
      "column": 1,
      "elements": [],
      "helpText": null,
      "isHidden": true,
      "attributes": [
        {
          "key": "aggregationKind",
          "value": "None"
        },
        {
          "key": "isReadOnly",
          "value": "false"
        },
        {
          "key": "max",
          "value": "1"
        },
        {
          "key": "min",
          "value": "0"
        },
        {
          "key": "isSensitiveData",
          "value": "false"
        },
        {
          "key": "formattingType",
          "value": "Text"
        },
        {
          "key": "minimumLength",
          "value": "0"
        },
        {
          "key": "maximumLength",
          "value": "null"
        }
      ],
      "behaviours": [],
      "description": null,
      "visibleFrom": null
    },
    {
      "row": 5,
      "name": "DatabaseInstance",
      "size": 2,
      "type": "Input",
      "label": "${Texts.DatabaseInstance}",
      "column": 7,
      "elements": [],
      "helpText": null,
      "isHidden": true,
      "attributes": [
        {
          "key": "aggregationKind",
          "value": "None"
        },
        {
          "key": "isReadOnly",
          "value": "false"
        },
        {
          "key": "max",
          "value": "1"
        },
        {
          "key": "min",
          "value": "0"
        },
        {
          "key": "isSensitiveData",
          "value": "false"
        },
        {
          "key": "formattingType",
          "value": "Text"
        },
        {
          "key": "minimumLength",
          "value": "0"
        },
        {
          "key": "maximumLength",
          "value": "null"
        }
      ],
      "behaviours": [],
      "description": null,
      "visibleFrom": null
    },
    {
      "row": 5,
      "name": "PlatformTypeSelect",
      "size": 6,
      "type": "WebComponent",
      "label": "${Texts.PlatformType}",
      "column": 1,
      "elements": [],
      "helpText": "",
      "isHidden": true,
      "attributes": [
        {
          "key": "webComponentName",
          "value": "SelectBox"
        },
        {
          "key": "customElementName",
          "value": "omnia-select"
        },
        {
          "key": "mapping",
          "value": "PlatformType"
        }
      ],
      "behaviours": [],
      "description": null,
      "visibleFrom": "Mobile"
    },
    {
      "row": 6,
      "name": "Connector",
      "size": 6,
      "type": "Input",
      "label": "${Texts.Connector}",
      "column": 1,
      "elements": [],
      "helpText": null,
      "isHidden": true,
      "attributes": [
        {
          "key": "aggregationKind",
          "value": "None"
        },
        {
          "key": "isReadOnly",
          "value": "false"
        },
        {
          "key": "max",
          "value": "1"
        },
        {
          "key": "min",
          "value": "0"
        },
        {
          "key": "isSensitiveData",
          "value": "false"
        },
        {
          "key": "formattingType",
          "value": "Text"
        },
        {
          "key": "minimumLength",
          "value": "0"
        },
        {
          "key": "maximumLength",
          "value": "null"
        }
      ],
      "behaviours": [],
      "description": null,
      "visibleFrom": null
    },
    {
      "row": 5,
      "name": "DatabaseSuffix",
      "size": 4,
      "type": "Input",
      "label": "${Texts.DatabaseSuffix}",
      "column": 9,
      "elements": [],
      "helpText": null,
      "isHidden": true,
      "attributes": [
        {
          "key": "aggregationKind",
          "value": "None"
        },
        {
          "key": "isReadOnly",
          "value": "true"
        },
        {
          "key": "max",
          "value": "1"
        },
        {
          "key": "min",
          "value": "0"
        },
        {
          "key": "isSensitiveData",
          "value": "false"
        },
        {
          "key": "formattingType",
          "value": "Text"
        },
        {
          "key": "minimumLength",
          "value": "0"
        },
        {
          "key": "maximumLength",
          "value": "null"
        }
      ],
      "behaviours": [],
      "description": null,
      "visibleFrom": null
    }
  ],
  "helpText": null,
  "attributes": [],
  "behaviours": [
    {
      "name": "Initializer",
      "type": "Initialize",
      "expression": "if(this._code){\n    this.settingTypeSelect.isReadOnly = true;\n    \n    this._metadata.elements.enableSsl.isHidden = !(this._code === \"SMTP\");\n    this._metadata.elements.host.isHidden = !(this._code === \"SMTP\");\n    this._metadata.elements.port.isHidden = !(this._code === \"SMTP\");\n    this._metadata.elements.username.isHidden = !(this._code === \"SMTP\" || this._code === \"ERPPrimavera\");\n    this._metadata.elements.newPassword.isHidden = !(this._code === \"SMTP\" || this._code === \"ERPPrimavera\");\n    this._metadata.elements.changePassword.isHidden = !(this._code === \"SMTP\" || this._code === \"ERPPrimavera\");\n    this._metadata.elements.from.isHidden = !(this._code === \"SMTP\");\n\n    this._metadata.elements.platformTypeSelect.isHidden = !(this._code === \"ERPPrimavera\");\n    this._metadata.elements.databaseInstance.isHidden = !(this._code === \"ERPPrimavera\");\n    this._metadata.elements.connector.isHidden = !(this._code === \"ERPPrimavera\");\n    this._metadata.elements.databaseSuffix.isHidden = !(this._code === \"ERPPrimavera\");\n\n    if(this._code === \"ERPPrimavera\"){\n        if(!this.databaseInstance)\n            this.databaseInstance= \"Default\";\n        \n        this._metadata.elements.platformType.attributes.min = 1;\n        this._metadata.elements.databaseInstance.attributes.min = 1;\n        this._metadata.elements.connector.attributes.min = 1;\n        this._metadata.elements.databaseSuffix.attributes.min = 1;\n    }else if(this._code === \"SMTP\"){\n        this._metadata.elements.host.attributes.min = 1;\n        this._metadata.elements.port.attributes.min = 1;\n        this._metadata.elements.from.attributes.min = 1;\n    }\n}\n\nthis.platformTypeSelect.options = [{\n    \"value\" : \"tpProfissional\",\n    \"text\" : \"Professional\"\n},{\n    \"value\" : \"tpEmpresarial\",\n    \"text\" : \"Executive\"\n}];\n\nthis.settingTypeSelect.options = [{\n    \"value\" : \"SMTP\",\n    \"text\" : \"SMTP\"\n},{\n    \"value\" : \"ERPPrimavera\",\n    \"text\" : \"ERP Primavera\"\n}];\n\nthis._metadata.elements.newPassword.attributes.isReadOnly = !this.changePassword;",
      "description": ""
    }
  ],
  "dataSource": "System",
  "description": null
}