{
  "name": "ActiveEmployeesQuery",
  "joins": [],
  "table": {
    "alias": null,
    "filter": null,
    "definition": "Employee",
    "properties": [],
    "orderedProperties": []
  },
  "dataSource": "System",
  "expression": "WITH managerCTE\r\nAS (\r\n\tSELECT _code\r\n\tFROM vw_employee\r\n\tWHERE username = @_username AND _inactive = false\r\n\t)\r\nSELECT EMPL._code\r\n\t,EMPL._name\r\n\t,EMPL._inactive\r\n\t,EMPL.defaultCompany AS defaultcompany\r\n\t,EMPLC.Company AS company\r\n\t,OU.manager\r\n\t,OU.expensesManager\r\n\t,EMPL.username\r\n\t,EMPL.contactemail\r\n\t,EMPLC.ERPCode AS erpcode\r\n\t,CASE \r\n\t\tWHEN MNGR.outofoffice = true\r\n\t\t\tTHEN MNGR.outofofficesubstitute\r\n\t\tELSE ''\r\n\t\tEND AS substitutemanager\r\nFROM vw_employee EMPL\r\nLEFT JOIN vw_employee_employeeerpconfiguration EMPLC ON EMPLC.identifier = EMPL.identifier\r\nLEFT JOIN vw_organizationalunit OU ON OU.identifier = EMPL.organizationalunit\r\nLEFT JOIN vw_companyconfigurations CC ON CC.identifier = EMPLC.Company\r\nLEFT JOIN vw_employee FINM ON FINM.identifier = CC.financialmanager\r\nLEFT JOIN vw_employee MNGR ON MNGR.identifier = OU.manager\r\nLEFT JOIN managerCTE cte ON cte._code = OU.manager\r\nWHERE EMPL._inactive = false AND (\r\n\t\tuser_is_in_role(@_userRoles, 'Contributor')\r\n\t\tAND EMPL.username = @_username\r\n\t\t)\r\n\tOR (\r\n\t\tuser_is_in_role(@_userRoles, 'Approver')\r\n\t\tAND (\r\n\t\t\tcte._code = OU.manager\r\n\t\t\tOR cte._code = OU.expensesManager\r\n\t\t\tOR EMPL.username = @_username\r\n\t\t\tOR FINM.username = @_username\r\n\t\t\t)\r\n\t\tOR (user_is_in_role(@_userRoles, 'HRApprover'))\r\n\t\tOR (user_is_in_role(@_userRoles, 'FinancialApprover'))\r\n\t\tOR (user_is_in_role(@_userRoles, 'DPO'))\r\n\t\tOR (user_is_in_role(@_userRoles, 'Administration'))\r\n\t)\r\n",
  "description": "Query to retrieve active employees"
}