{
  "name": "ArticleFamilyQuery",
  "joins": [],
  "table": {
    "alias": null,
    "filter": null,
    "definition": "ArticleFamily",
    "properties": [
      {
        "path": "_code",
        "alias": "_code",
        "function": "None"
      },
      {
        "path": "_name",
        "alias": "_name",
        "function": "None"
      },
      {
        "path": "_description",
        "alias": "_description",
        "function": "None"
      },
      {
        "path": "_inactive",
        "alias": "_inactive",
        "function": "None"
      }
    ],
    "orderedProperties": []
  },
  "dataSource": "Primavera",
  "expression": "SELECT Familia, Descricao\r\nFROM Familias('@PRIMAVERA_COMPANY@')",
  "description": null
}