{
  "name": "CheckExistsInCompQuery",
  "joins": [],
  "table": {
    "alias": null,
    "filter": null,
    "definition": "System",
    "properties": [],
    "orderedProperties": []
  },
  "dataSource": null,
  "expression": "SELECT COUNT(OU.identifier) as total\r\n\r\nFROM vw_OrganizationalUnit as OU \r\n\r\nINNER JOIN vw_Employee_OrganizationalUnits as EO ON EO.OrganizationalUnits = OU.identifier\r\n\r\nWHERE OU.identifier = @orgunit AND @comp not in (SELECT Companies FROM vw_Employee_Companies WHERE identifier = EO.identifier)",
  "description": ""
}