{
  "name": "CompleteOrganizationalUnitQuery",
  "joins": [],
  "table": {
    "alias": null,
    "filter": null,
    "definition": "OrganizationalUnit",
    "properties": [],
    "orderedProperties": []
  },
  "dataSource": "System",
  "expression": "SELECT \r\n\tvw_OrganizationalUnit.identifier,\r\n\tvw_OrganizationalUnit._created_at,\r\n\tvw_OrganizationalUnit._updated_at,\r\n\tvw_OrganizationalUnit._code,\r\n\tvw_OrganizationalUnit._description,\r\n\tvw_OrganizationalUnit._inactive,\r\n\tvw_OrganizationalUnit._name,\r\n\tvw_OrganizationalUnit.Company,\r\n\tvw_OrganizationalUnit.Currency,\r\n\tvw_OrganizationalUnit.DocumentERPCF,\r\n\tvw_OrganizationalUnit.documentERPECF,\r\n\t--vw_OrganizationalUnit.DocumentERPPCO,\r\n\tvw_OrganizationalUnit.DocumentERPRI,\r\n\tvw_OrganizationalUnit.IntReqSeries,\r\n\tvw_OrganizationalUnit.LiquidationDocType,\r\n\tvw_OrganizationalUnit.Manager,\r\n\tvw_OrganizationalUnit.ManagerName,\r\n\tvw_OrganizationalUnit.Primavera,\r\n\tvw_OrganizationalUnit.PurchasesDocSeries,\r\n\tvw_OrganizationalUnit.PurchasingManager,\r\n\tvw_OrganizationalUnit.PurchasingManagerName,\r\n\tvw_OrganizationalUnit.QuotationDocumentSeries,\r\n\tvw_OrganizationalUnit.QuoteRequestSeries,\r\n\tvw_OrganizationalUnit.RequisitionPurchaseUsers,\r\n\tvw_OrganizationalUnit.SupplierOrderSeries,\r\n\tvw_OrganizationalUnit.TreasuryDocSeries,\r\n\tvw_OrganizationalUnit.UseDefIntReqSerie,\r\n\tvw_OrganizationalUnit.UseDefLiqDocSerie,\r\n\tvw_OrganizationalUnit.UseDefOrdSuppSerie,\r\n\tvw_OrganizationalUnit.UseDefQuotDocSerie\r\nFROM vw_OrganizationalUnit\r\nWHERE identifier = @ou",
  "description": ""
}