{
  "name": "CompleteCompanyQuery",
  "joins": [],
  "table": {
    "alias": null,
    "filter": null,
    "definition": "Company",
    "properties": [],
    "orderedProperties": []
  },
  "dataSource": "System",
  "expression": "SELECT\r\n    COMP.identifier,\r\n\tCOMP._code,\r\n\tCOMP._name,\r\n\tCOMP._description,\r\n\tCOMP._inactive,\r\n\tCOMP.primavera,\r\n\tCOMP.documenterpri,\r\n\tCOMP.documenterppco,\r\n\tCOMP.documenterpcf,\r\n\tCOMP.documenterpecf,\r\n\tCOMP.purchasingmanager,\r\n\tCOMP.purchasingmanagername,\r\n\tCOMP.liquidationdoctype,\r\n\tCOMP.requisitionpurchaseusers,\r\n\tCOMP.IntReqSeries,\r\n\tCOMP.QuotationDocumentSeries,\r\n\tCOMP.SupplierOrderSeries,\r\n\tCOMP.TreasuryDocSeries,\r\n\tCOMP.UseDefIntReqSerie,\r\n\tCOMP.UseDefLiqDocSerie,\r\n\tCOMP.UseDefOrdSuppSerie,\r\n\tCOMP.UseDefQuotDocSerie,\r\n\tCOMP.IntegrateReqFilesERP\r\nFROM vw_company COMP\r\nLEFT JOIN vw_employee EMPL ON EMPL.username =  @_username AND EMPL._inactive = false\r\nLEFT JOIN vw_employee_companies EMPLC ON EMPLC.identifier = EMPL.identifier AND EMPLC.companies = COMP.identifier\r\nWHERE COMP.primavera = @datasource\r\nunion\r\nselect\r\n    COMP.identifier,\r\n\tCOMP._code,\r\n\tCOMP._name,\r\n\tCOMP._description,\r\n\tCOMP._inactive,\r\n\tCOMP.primavera,\r\n\tCOMP.documenterpri,\r\n\tCOMP.documenterppco,\r\n\tCOMP.documenterpcf,\r\n\tCOMP.documenterpecf,\r\n\tCOMP.purchasingmanager,\r\n\tCOMP.purchasingmanagername,\r\n\tCOMP.liquidationdoctype,\r\n\tCOMP.requisitionpurchaseusers,\r\n\tCOMP.IntReqSeries,\r\n\tCOMP.QuotationDocumentSeries,\r\n\tCOMP.SupplierOrderSeries,\r\n\tCOMP.TreasuryDocSeries,\r\n\tCOMP.UseDefIntReqSerie,\r\n\tCOMP.UseDefLiqDocSerie,\r\n\tCOMP.UseDefOrdSuppSerie,\r\n\tCOMP.UseDefQuotDocSerie,\r\n\tCOMP.IntegrateReqFilesERP\r\nFROM vw_company COMP\r\nleft JOIN vw_externaluser_entitytype EUT ON COMP.identifier = EUT.company \r\nLEFT join vw_externaluser EU ON EUT.identifier = EU.identifier AND EU._inactive = false and EU.username = @_username\r\nWHERE COMP.primavera = @datasource",
  "description": ""
}