{
  "name": "CostCentersQuery",
  "joins": [],
  "table": {
    "alias": null,
    "filter": null,
    "definition": "CostCenters",
    "properties": [
      {
        "path": "_code",
        "alias": "_code",
        "function": "None"
      },
      {
        "path": "_name",
        "alias": "_name",
        "function": "None"
      },
      {
        "path": "_description",
        "alias": "_description",
        "function": "None"
      },
      {
        "path": "_inactive",
        "alias": "_inactive",
        "function": "None"
      }
    ],
    "orderedProperties": []
  },
  "dataSource": "Primavera",
  "expression": "SELECT Centro, Descricao, Ano, TipoConta\r\nFROM CentrosCusto('@PRIMAVERA_COMPANY@')",
  "description": null
}