{
  "name": "FDWaitMyValidationQuery",
  "joins": [],
  "table": {
    "alias": null,
    "filter": null,
    "definition": "FinancialDocumentERP",
    "properties": [],
    "orderedProperties": []
  },
  "dataSource": "Primavera",
  "expression": "SELECT \r\n    CP.Id ID\r\n\t, CP.TipoDoc + '.' + CP.Serie + '.' + Cast(CP.NumDoc as varchar(100)) _code\r\n\t, CP.TipoDoc \r\n\t, CP.Serie \r\n\t, CP.NumDoc\r\n\t, CP.Filial\r\n\t, CP.DataDoc\r\n\t, CP.Entidade + ' ' + Fornecedores.Nome Entidade \r\n\t, Pendentes.IdHistorico\t\r\n\t, CP.TotalDocumento *-1 Total\t\r\n\t, CP.CDU_CodOmnia\r\n\t, CP.CDU_OrganizationalUnit\r\n\t, CP.CDU_Autor\r\n\t, case when (Pendentes.Estado is null or Pendentes.Estado <> 'AGP') and isnull(CP.CDU_Estado, '') <> 'Rejected' then 'Approved' else isnull(CP.CDU_Estado, 'OnApproval') end _state\r\n\t, Docs.ApprovalProfileName _assigned\r\n    , isnull(CP.CDU_Etapa,1) CDU_Etapa\r\n    , isnull(Pendentes.Estado,'') EstadoPendente\r\n\t, Docs.Approver Approver\r\n\t, CP.Moeda\r\nFROM CabecCompras CP with (nolock)\r\n\t--Calcula o aprovador atual com base na etapa\r\n\tinner join \r\n\t\t(\r\n\t\tSelect distinct CP.Id\r\n\t\t\t, AF.Ordem\r\n\t\t\t, AF.ApprovalProfile\r\n\t\t\t, AP.ApprovalProfileName \r\n\t\t\t, Case AF.ApprovalProfile\r\n\t\t\t\twhen '1' then CDU_Autor\r\n\t\t\t\twhen '2' then OUS.Manager\r\n\t\t\t\twhen '3' then case when isnull(OUS.PurchasingManager ,'') = '' then CMP.PurchasingManager else OUS.PurchasingManager end\r\n\t\t\t\telse AP.Approver\r\n\t\t\t  end Approver\r\n\t\t\t, CP.Moeda\r\n\t\tfrom CabecCompras CP with (nolock)\r\n\t\t\tinner join DocumentosCompra DC with (nolock) on DC.Documento = CP.TipoDoc  and isnull(CP.CDU_CodOmnia, '') <> ''\r\n\t\t\tinner join TDU_FinancialDocumentPaymentApprovalFlow AF with (nolock) on \r\n\t\t\t\tCP.Id = AF.DocID and \r\n\t\t\t\tCP.CDU_Etapa = AF.Ordem and \r\n\t\t\t\tAF.AMOUNT <= (CP.TotalMerc - CP.TotalDesc + CP.TotalIva) * case when (CP.TotalMerc - CP.TotalDesc + CP.TotalIva) < 0 then -1 else 1 end\r\n\t\t\tinner JOIN OMNIA_suffix.dbo.PortalComprasOrganizationalUnits OUS with (nolock) on OUS.OrganizationalUnit = CP.CDU_OrganizationalUnit \r\n\t\t\tinner join OMNIA_suffix.dbo.PortalComprasCompanies CMP with (nolock) on CMP.Primavera = RIGHT(DB_NAME(),len(DB_NAME())-3)\r\n\t\t\tinner join OMNIA_suffix.dbo.PortalComprasApprovalProfiles AP with (nolock) on AP.ApprovalProfile = AF.ApprovalProfile \r\n\t\t\tinner join ( select xD.value('CODE[1]', 'NVARCHAR(50)') CODE from @employeeCodesXML.nodes('/EMPLOYEES/EMPLOYEE') AS xm(xD)) userlist on \r\n\t\t\t\tCase AF.ApprovalProfile\r\n\t\t\t\t\twhen '1' then CDU_Autor\r\n\t\t\t\t\twhen '2' then OUS.Manager\r\n\t\t\t\t\twhen '3' then case when isnull(OUS.PurchasingManager ,'') = '' then CMP.PurchasingManager else OUS.PurchasingManager end\r\n\t\t\t\t\telse AP.Approver\r\n\t\t\t\t  end = userlist.CODE\r\n\t\twhere DC.TipoDocumento = 4\r\n\t\t) Docs on Docs.Id = CP.Id\r\n\tinner join CabecComprasStatus with (nolock) on CP.Id = CabecComprasStatus.IdCabecCompras and CabecComprasStatus.Anulado = 0\r\n\tinner join Fornecedores with (nolock) on Fornecedores.Fornecedor = CP.Entidade \r\n\tinner join DocumentosCompra with (nolock) on DocumentosCompra.Documento = CP.TipoDoc  and isnull(CP.CDU_CodOmnia, '') <> '' and DocumentosCompra.TipoDocumento = 4 \r\n\tINNER JOIN Historico with (nolock) on Historico.IdDoc = CP.ID \t\r\n\tleft join Pendentes with (nolock) on  Pendentes.IdHistorico = Historico.Id \r\nWhere case when (Pendentes.Estado is null or Pendentes.Estado <> 'AGP') and isnull(CP.CDU_Estado, '') <> 'Rejected' then 'Approved' else isnull(CP.CDU_Estado, 'OnApproval') end = 'OnApproval'",
  "description": ""
}