{
  "name": "FinancialDocumentERPQuery",
  "joins": [],
  "table": {
    "alias": null,
    "filter": null,
    "definition": "FinancialDocumentERP",
    "properties": [
      {
        "path": "_code",
        "alias": "_code",
        "function": "None"
      },
      {
        "path": "_name",
        "alias": "_name",
        "function": "None"
      },
      {
        "path": "_description",
        "alias": "_description",
        "function": "None"
      },
      {
        "path": "_inactive",
        "alias": "_inactive",
        "function": "None"
      }
    ],
    "orderedProperties": []
  },
  "dataSource": "Primavera",
  "expression": "SELECT Distinct\r\n    CP.Id ID\r\n\t, CP.TipoDoc + '.' + CP.Serie + '.' + Cast(CP.NumDoc as varchar(100)) _code\r\n\t, CP.TipoDoc \r\n\t, CP.Serie \r\n\t, CP.NumDoc\r\n\t, CP.Filial\r\n\t, CP.DataDoc\r\n\t, CP.Entidade + ' ' + Fornecedores.Nome Entidade \r\n\t, Pendentes.IdHistorico\t\r\n\t, CP.TotalDocumento *-1 Total\t\r\n\t, CP.CDU_CodOmnia\r\n\t, CP.CDU_OrganizationalUnit\r\n\t, CP.CDU_Autor\r\n\t, case when (Pendentes.Estado is null or Pendentes.Estado <> 'AGP') and isnull(CP.CDU_Estado, '') <> 'Rejected' then 'Approved' else isnull(CP.CDU_Estado, 'OnApproval') end _state\r\n\t, AP.ApprovalProfileName _assigned\r\n    , isnull(CP.CDU_Etapa,1) CDU_Etapa\r\n    , isnull(Pendentes.Estado,'') EstadoPendente\r\n\t, Case CDU_Atribuido \r\n\t\twhen '1' then isnull(CP.CDU_AutorNome, CP.CDU_Autor)\r\n\t\twhen '2' then OUS.Manager\r\n\t\twhen '3' then case when isnull(OUS.PurchasingManager ,'') = '' then CMP.PurchasingManager else OUS.PurchasingManager end\r\n\t\telse AP.Approver\r\n\t  end Approver\r\n\t, CAST (case when Pendentes.Estado is null then 1 else 0 end as BIT) Pago\r\nFROM CabecCompras CP\r\n\tinner join CabecComprasStatus on CP.Id = CabecComprasStatus.IdCabecCompras and CabecComprasStatus.Anulado = 0\r\n\tinner join Fornecedores on Fornecedores.Fornecedor = CP.Entidade \r\n\tinner join DocumentosCompra on DocumentosCompra.Documento = CP.TipoDoc  and isnull(CP.CDU_CodOmnia, '') <> ''\r\n\tINNER JOIN Historico with (nolock) on Historico.IdDoc = CP.ID \r\n\tinner JOIN OMNIA_suffix.dbo.PortalComprasOrganizationalUnits OUS on OUS.OrganizationalUnit = CP.CDU_OrganizationalUnit\r\n\tinner join OMNIA_suffix.dbo.PortalComprasCompanies CMP on CMP.Primavera = RIGHT(DB_NAME(),len(DB_NAME())-3)\r\n\tleft join OMNIA_suffix.dbo.PortalComprasApprovalProfiles AP on AP.ApprovalProfile = CP.CDU_Atribuido\r\n\tleft join Pendentes on  Pendentes.IdHistorico = Historico.Id \r\nWhere DocumentosCompra.TipoDocumento = 4",
  "description": null
}