{
  "name": "GetMyEmployeeCodes",
  "joins": [],
  "table": {
    "alias": null,
    "filter": null,
    "definition": "Employee",
    "properties": [],
    "orderedProperties": []
  },
  "dataSource": "System",
  "expression": "Select emp._code code, emp.username\r\nfrom vw_employee as emp \r\n\tinner join vw_employee_companies EMPC on EMPC.identifier = emp.identifier  \r\n\tinner join vw_company CMP on CMP.identifier = EMPC.companies and CMP.primavera = @datasource\r\nwhere emp.username = @_username\r\nunion\r\nselect emp._code, emp.username\r\nfrom vw_employee as subs \r\n\tinner join vw_employee_companies EMPC on EMPC.identifier = subs.identifier  \r\n\tinner join vw_company CMP on CMP.identifier = EMPC.companies and CMP.primavera = @datasource\r\n\tinner join vw_employee as emp on emp.outofofficesubstitute = subs.identifier and emp.outofoffice and subs.username = @_username",
  "description": ""
}