{
  "name": "GetRequisitionReqNextStageQuery",
  "joins": [],
  "table": {
    "alias": null,
    "filter": null,
    "definition": "Requisitions",
    "properties": [],
    "orderedProperties": []
  },
  "dataSource": "System",
  "expression": "WITH families AS (\r\n    SELECT\r\n        unnest(string_to_array(@Families, '##')) as family\r\n)\r\nSelect\r\n    OU._code\r\n    ,OUAF.order\r\n    ,OUAF.amount\r\n    ,OUAF.approvalprofile\r\n    ,ap._name approvalprofilename\r\n    ,coalesce(CASE approvalprofile \r\n        WHEN '1' THEN case when EMP.outofoffice then EMPSubst._code else EMP._code end\r\n        WHEN '2' THEN case when EMPManager.outofoffice then EMPManagerSubst._code else EMPManager._code end\r\n        WHEN '3' THEN \r\n\t\t\tcase when coalesce(EMPPurchasingManager._code,'') = '' \r\n\t\t\t\tthen case when EMPPurchasingManagerCompany.outofoffice then EMPPurchasingManagerCompanySubst._code else EMPPurchasingManagerCompany._code end\r\n\t\t\t\telse case when EMPPurchasingManager.outofoffice then EMPPurchasingManagerSubst._code else EMPPurchasingManager._code end\r\n\t\t\tend\r\n        ELSE case when EMPApp.outofoffice then EMPAppSubst._code else EMPApp._code end\r\n    END,'') Approver\r\n    ,coalesce(CASE approvalprofile \r\n        WHEN '1' THEN case when EMP.outofoffice then EMPSubst.username else EMP.username end\r\n        WHEN '2' THEN case when EMPManager.outofoffice then EMPManagerSubst.username else EMPManager.username end\r\n        WHEN '3' THEN \r\n    \t\tcase when coalesce(EMPPurchasingManager._code,'') = '' \r\n\t\t\t\tthen case when EMPPurchasingManagerCompany.outofoffice then EMPPurchasingManagerCompanySubst.username else EMPPurchasingManagerCompany.username end\r\n\t\t\t\telse case when EMPPurchasingManager.outofoffice then EMPPurchasingManagerSubst.username else EMPPurchasingManager.username end\r\n\t\t\tend\r\n        ELSE case when EMPApp.outofoffice then EMPAppSubst.username else EMPApp.username end\r\n    END,'') ApproverUsername\r\n     ,coalesce(CASE approvalprofile \r\n        WHEN '1' THEN case when EMP.outofoffice then EMPSubst.ContactEmail else EMP.ContactEmail end\r\n        WHEN '2' THEN case when EMPManager.outofoffice then EMPManagerSubst.ContactEmail else EMPManager.ContactEmail end\r\n        WHEN '3' THEN\r\n            case when coalesce(EMPPurchasingManager._code,'') = '' \r\n\t\t\t\tthen case when EMPPurchasingManagerCompany.outofoffice then EMPPurchasingManagerCompanySubst.ContactEmail else EMPPurchasingManagerCompany.ContactEmail end\r\n\t\t\t\telse case when EMPPurchasingManager.outofoffice then EMPPurchasingManagerSubst.ContactEmail else EMPPurchasingManager.ContactEmail end\r\n\t\t\tend\r\n        ELSE case when EMPApp.outofoffice then EMPAppSubst.ContactEmail else EMPApp.ContactEmail end\r\n    END,'') ApproverContactEmail\r\n     ,coalesce(CASE approvalprofile \r\n        WHEN '1' THEN case when EMP.outofoffice then EMPSubst.NotificationLanguage else EMP.NotificationLanguage end\r\n        WHEN '2' THEN case when EMPManager.outofoffice then EMPManagerSubst.NotificationLanguage else EMPManager.NotificationLanguage end\r\n        WHEN '3' THEN\r\n            case when coalesce(EMPPurchasingManager._code,'') = '' \r\n\t\t\t\tthen case when EMPPurchasingManagerCompany.outofoffice then EMPPurchasingManagerCompanySubst.NotificationLanguage else EMPPurchasingManagerCompany.NotificationLanguage end\r\n\t\t\t\telse case when EMPPurchasingManager.outofoffice then EMPPurchasingManagerSubst.NotificationLanguage else EMPPurchasingManager.NotificationLanguage end\r\n\t\t\tend\r\n        ELSE case when EMPApp.outofoffice then EMPAppSubst.NotificationLanguage else EMPApp.NotificationLanguage end\r\n    END,'') ApproverNotificationLanguage\r\nfrom vw_requisitions as req\r\n\tinner join vw_OrganizationalUnit OU on req.organizationalunit = OU.identifier\r\n   \t--Fluxo Requisicao\r\n\tinner join vw_requisitions_RequisitionApprovalFlow OUAF on OUAF.identifier = req.identifier  \r\n\tinner join vw_ApprovalProfiles AP on AP.identifier = OUAF.approvalprofile\r\n    left join vw_requisitions_RequisitionApprovalFlow_ItemFamilies ITF on ITF.identifier = OUAF._code\t\r\n\tleft join vw_employee EMPApp on EMPApp.identifier = AP.approver\r\n\tleft join vw_employee EMPAppSubst on EMPApp.outofofficesubstitute = EMPAppSubst.identifier\t\r\n    --Manager\r\n    left join vw_employee EMPManager on OU.manager = EMPManager.identifier\r\n    left join vw_employee EMPManagerSubst on EMPManager.outofofficesubstitute = EMPManagerSubst.identifier\r\n    --PurchasingManager\r\n\tleft join vw_employee EMPPurchasingManager on EMPPurchasingManager.identifier = OU.purchasingmanager\r\n\tleft join vw_employee EMPPurchasingManagerSubst on EMPPurchasingManager.outofofficesubstitute = EMPPurchasingManagerSubst.identifier\t\r\n\t--PurchasingManagerCompany\r\n\tleft join vw_company CMP on CMP.identifier = req.company\r\n\tleft join vw_employee EMPPurchasingManagerCompany on EMPPurchasingManagerCompany.identifier = CMP.purchasingmanager\r\n\tleft join vw_employee EMPPurchasingManagerCompanySubst on EMPPurchasingManagerCompany.outofofficesubstitute = EMPPurchasingManagerCompanySubst.identifier\r\n\t--Employee\r\n\tleft join vw_employee EMP on EMP.identifier = req.author\r\n\tleft join vw_employee EMPSubst on EMP.outofofficesubstitute = EMPSubst.identifier\r\nwhere req.identifier = @REQUISITION and OUAF.order > CAST (@ORDER AS INTEGER) and OUAF.amount <= cast(@AMOUNT as decimal)\r\nand (\r\n        ITF.itemfamilies is null\r\n        or \r\n        ITF.itemfamilies in (Select family from families)\r\n    )\r\norder by OUAF.order, OUAF.approvalprofile\r\nlimit 1",
  "description": ""
}