{
  "name": "GetReqPayFlowNLinesQuery",
  "joins": [],
  "table": {
    "alias": null,
    "filter": null,
    "definition": "Requisitions",
    "properties": [],
    "orderedProperties": []
  },
  "dataSource": "System",
  "expression": "Select req._code, req.organizationalunit, cmp.liquidationdoctype, count(OUAF.identifier) linhas\r\nfrom vw_requisitions as req\r\n\tinner join vw_company cmp on req.company = cmp.identifier\r\n\tleft join vw_requisitions_paymentApprovalFlow OUAF on OUAF.identifier = req.identifier \r\nwhere req.identifier = @REQUISITION\r\ngroup by req._code, req.organizationalunit,cmp.liquidationdoctype",
  "description": "Get Requisition PaymentApprovalFlow number of lines"
}