{
  "name": "GetReqPaymentApprovalFlowQuery",
  "joins": [],
  "table": {
    "alias": null,
    "filter": null,
    "definition": "Requisitions",
    "properties": [],
    "orderedProperties": []
  },
  "dataSource": "System",
  "expression": "select af.approvalprofile,\r\n\taf.order,\r\n\taf.amount\t\r\nfrom vw_requisitions req\r\n\tinner join vw_requisitions_paymentapprovalflow af on req.identifier = af.identifier\r\nwhere req.identifier = @REQUISITION\r\norder by \"order\", amount, approvalprofile",
  "description": ""
}