{
  "name": "GetRequisitionsContactsQuery",
  "joins": [],
  "table": {
    "alias": null,
    "filter": null,
    "definition": "Requisitions",
    "properties": [],
    "orderedProperties": []
  },
  "dataSource": "System",
  "expression": "select\r\n\t   EMP._code authorcode\r\n\t   ,EMP._name authorname\r\n\t   ,case when EMPSubs._code is null then EMP.username else EMPSubs.username end authorusername\r\n\t   ,case when EMPSubs._code is null then EMP.contactemail else EMPSubs.contactemail end authorcontactemail\r\n\t   ,case when EMPSubs._code is null then EMP.NotificationLanguage else EMPSubs.NotificationLanguage end authornotificationlanguage\r\n\t   --Manager\r\n\t   ,case when EMPManagerSubs._code is null then EMPManager.username else EMPManagerSubs.username end managerauthorusername\r\n\t   ,case when EMPManagerSubs._code is null then EMPManager.contactemail else EMPManagerSubs.contactemail end managerauthorcontactemail\r\n\t   ,case when EMPManagerSubs._code is null then EMPManager.NotificationLanguage else EMPManagerSubs.NotificationLanguage end managerauthornotificationlanguage\r\n\t\t--Purchasing\r\n\t   , case when EMPOUPurchasingManager.username is null\r\n\t\t   \t then case when EMPCMPPurchasingManagerSubs._code is null then EMPCMPPurchasingManager.username else EMPCMPPurchasingManagerSubs.username end\r\n\t\t   \t else case when EMPOUPurchasingManagerSubs._code is null then EMPOUPurchasingManager.username else EMPOUPurchasingManagerSubs.username end\r\n\t   \t end purchasingmanagerauthorusername\r\n\t   , case when EMPOUPurchasingManager.username is null\r\n\t   \t\tthen case when EMPCMPPurchasingManagerSubs._code is null then EMPCMPPurchasingManager.contactemail else EMPCMPPurchasingManagerSubs.contactemail end\r\n\t   \t\telse case when EMPOUPurchasingManagerSubs._code is null then EMPOUPurchasingManager.contactemail else EMPOUPurchasingManagerSubs.contactemail end \r\n\t   \t end purchasingmanagerauthorcontactemail\r\n\t\t, case when EMPOUPurchasingManager.username is null\r\n\t   \t\tthen case when EMPCMPPurchasingManagerSubs._code is null then EMPCMPPurchasingManager.NotificationLanguage else EMPCMPPurchasingManagerSubs.NotificationLanguage end\r\n\t   \t\telse case when EMPOUPurchasingManagerSubs._code is null then EMPOUPurchasingManager.NotificationLanguage else EMPOUPurchasingManagerSubs.NotificationLanguage end \r\n\t   \t end purchasingmanagerauthornotificationlanguage\r\nfrom vw_requisitions as req\r\n\tinner join vw_organizationalunit OU on req.organizationalunit = OU.identifier\r\n\tinner join vw_company CMP on req.company = CMP.identifier\r\n\t--Autor\r\n\tinner join vw_employee as EMP on EMP.identifier = req.author\r\n\tleft join vw_employee as EMPSubs on EMP.outofofficesubstitute = EMPSubs.identifier and EMP.outofoffice\r\n\t--Manager\r\n\tleft join vw_employee as EMPManager on EMPManager.identifier = OU.manager\r\n\tleft join vw_employee as EMPManagerSubs on EMPManager.outofofficesubstitute = EMPManagerSubs.identifier and EMPManager.outofoffice\r\n\t--OUPurchasingManager\r\n\tleft join vw_employee as EMPOUPurchasingManager on EMPOUPurchasingManager.identifier = OU.purchasingmanager\r\n\tleft join vw_employee as EMPOUPurchasingManagerSubs on EMPOUPurchasingManager.outofofficesubstitute = EMPOUPurchasingManagerSubs.identifier and EMPOUPurchasingManager.outofoffice\r\n\t--CMPPurchasingManager\r\n\tleft join vw_employee as EMPCMPPurchasingManager on EMPCMPPurchasingManager.identifier = CMP.purchasingmanager\r\n\tleft join vw_employee as EMPCMPPurchasingManagerSubs on EMPCMPPurchasingManager.outofofficesubstitute = EMPCMPPurchasingManagerSubs.identifier and EMPCMPPurchasingManager.outofoffice\t\r\nwhere req.identifier = @CODE",
  "description": ""
}