{
  "name": "GetUsernameEmployeeQuery",
  "joins": [],
  "table": {
    "alias": null,
    "filter": null,
    "definition": "Employee",
    "properties": [],
    "orderedProperties": []
  },
  "dataSource": "System",
  "expression": "SELECT emp._code\r\n    , emp._name\r\n    , emp.username\r\n    , empC.companies\r\n    , emp.contactEmail\r\n    , emp.NotificationLanguage\r\nFROM vw_employee emp\r\nINNER JOIN vw_employee_companies empC ON emp.identifier = empC.identifier\r\nINNER JOIN vw_company CMP ON empC.companies = CMP.identifier\r\nWHERE emp.username = @_username AND CMP.primavera = @datasource AND coalesce(emp._inactive,false) = false",
  "description": ""
}