{
  "name": "InternalRequisitionsQuery",
  "joins": [],
  "table": {
    "alias": null,
    "filter": null,
    "definition": "Requisitions",
    "properties": [],
    "orderedProperties": []
  },
  "dataSource": "System",
  "expression": "SELECT req._code, req.company, req._serie, req._number, req._date, req.documentType, req._state, req.documentoERP, req.primavera, req.filial\nFROM vw_requisitions req\nWHERE req._state IS NOT NULL AND req.documentType = 'InternalRequisition'",
  "description": ""
}