{
  "name": "MyFinancialDocumentHistoryQuery",
  "joins": [],
  "table": {
    "alias": null,
    "filter": null,
    "definition": "FinancialDocumentERP",
    "properties": [],
    "orderedProperties": []
  },
  "dataSource": "Primavera",
  "expression": "SELECT Distinct\r\n    CP.Id ID\r\n\t, CP.TipoDoc + '.' + CP.Serie + '.' + Cast(CP.NumDoc as varchar(100)) _code\r\n\t, CP.TipoDoc \r\n\t, CP.Serie \r\n\t, CP.NumDoc\r\n\t, CP.Filial\r\n\t, CP.DataDoc\r\n\t, CP.Entidade + ' ' + Fornecedores.Nome Entidade \r\n\t, Pendentes.IdHistorico\t\r\n\t, CP.TotalDocumento *-1 Total\t\r\n\t, CP.CDU_CodOmnia\r\n\t, CP.CDU_OrganizationalUnit\r\n\t, CP.CDU_Autor\r\n\t, case when (Pendentes.Estado is null or Pendentes.Estado <> 'AGP') and isnull(CP.CDU_Estado, '') <> 'Rejected' then 'Approved' else isnull(CP.CDU_Estado, 'OnApproval') end _state\r\n    , isnull(CP.CDU_Etapa,1) CDU_Etapa\r\n    , isnull(Pendentes.Estado,'') EstadoPendente\r\n\t, case when isnull(CP.CDU_Estado, '') <> 'OnApproval' OR (Pendentes.Estado is null or Pendentes.Estado <> 'AGP') and isnull(CP.CDU_Estado, '') <> 'Rejected' then '' else\r\n\t\tcase CP.CDU_Atribuido\r\n\t\t\twhen '1' then isnull(CP.CDU_AutorNome, CP.CDU_Autor)\r\n\t\t\twhen '2' then OUS.ManagerName\r\n\t\t\twhen '3' then case when isnull(OUS.PurchasingManager,'') = '' then CMP.PurchasingManagerName else OUS.PurchasingManagerName  end\r\n\t\t\tElse AP.ApproverName\r\n\t\tend \r\n\tend _assigned\r\n\t, case when isnull(CP.CDU_Estado, '') <> 'OnApproval' OR (Pendentes.Estado is null or Pendentes.Estado <> 'AGP') and isnull(CP.CDU_Estado, '') <> 'Rejected' then '' else AP.ApprovalProfileName end Etapa\r\n\t, CAST (case when Pendentes.Estado is null then 1 else 0 end as BIT) Pago\r\n\t, CP.Moeda\r\nFROM CabecCompras CP with (nolock)\r\n\tinner join CabecComprasStatus with (nolock) on CP.Id = CabecComprasStatus.IdCabecCompras and CabecComprasStatus.Anulado = 0\r\n\tinner join Fornecedores with (nolock) on Fornecedores.Fornecedor = CP.Entidade \r\n\tinner join DocumentosCompra with (nolock) on DocumentosCompra.Documento = CP.TipoDoc  and isnull(CP.CDU_CodOmnia, '') <> ''\r\n\tINNER JOIN Historico with (nolock) on Historico.IdDoc = CP.ID \r\n\tinner JOIN OMNIA_suffix.dbo.PortalComprasOrganizationalUnits OUS with (nolock) on OUS.OrganizationalUnit = CP.CDU_OrganizationalUnit\r\n\tinner join OMNIA_suffix.dbo.PortalComprasCompanies CMP with (nolock) on CMP.Primavera = RIGHT(DB_NAME(),len(DB_NAME())-3)\r\n\tleft join OMNIA_suffix.dbo.PortalComprasApprovalProfiles AP with (nolock) on AP.ApprovalProfile = CP.CDU_Atribuido\r\n\tleft join Pendentes with (nolock) on  Pendentes.IdHistorico = Historico.Id \r\n\tleft join (\r\n\t\t\tSelect distinct CDU_Documento \r\n\t\t\tfrom TDU_HistoricoAprovacoes with (nolock) \r\n\t\t\twhere CDU_Aprovador = '@USERNAME@'\r\n\t\t) HA on HA.CDU_Documento = CP.TipoDoc + '.' + CP.Serie + '.' + Cast(CP.NumDoc as varchar(100))\r\nWhere DocumentosCompra.TipoDocumento = 4 and CDU_CodOmnia is not null\r\n    and \r\n    (\r\n        '@SUPERUSER@' = '1'\r\n\t\tor\r\n\t\tCP.CDU_Autor = '@EMPLOYEE_CODE@'\r\n\t\tor\r\n        HA.CDU_Documento is not null\r\n    )",
  "description": ""
}