{
  "name": "MyOURequisitionsQuery",
  "joins": [],
  "table": {
    "alias": null,
    "filter": null,
    "definition": "Requisitions",
    "properties": [],
    "orderedProperties": []
  },
  "dataSource": "System",
  "expression": "WITH employeeCodes AS \r\n( \r\n    select distinct code FROM (\r\n       select _code code from vw_employee as emp where emp.username = @_username\r\n\t\tunion\r\n\t\tselect emp._code \r\n\t\tfrom vw_employee as subs \r\n\t\t\tinner join vw_employee as emp on emp.outofofficesubstitute = subs.identifier and emp.outofoffice and subs.username = @_username\r\n    ) employee    \r\n)\r\nSELECT req._code\r\n\t, req.company\r\n\t, req._serie\r\n    , req._number\r\n    , req._date\r\n    , req.documentType\r\n    , req._state\r\n    , req._assigned\r\n    , case req._assigned\r\n\t\t\t    \twhen '1' then emp._name\r\n\t\t\t    \twhen '2' then Manager._name\r\n\t    \t\t\twhen '3' then case when PurchasingManager._name is null then PurchasingManagerCompany._name else PurchasingManager._name  end\r\n\t\t\t    \telse APE._name\r\n      \t\tend AssignedName\r\n    , AP._name Etapa\r\n    , req.documentoERP\r\n    , req.primavera\r\n    , req.filial\r\n    , OU.Manager\r\n    , OU.Purchasingmanager\r\n    , companies.identifier \r\n    , OU._code OUCode\r\n    , emp._name as EmployeeName\r\nFROM vw_requisitions req\r\n\tinner join vw_employee as emp on emp.identifier = req.author \r\n\tinner join vw_organizationalunit as OU on req.organizationalunit = OU.identifier\r\n\tleft join (select distinct code from employeeCodes) Managers on Managers.code = OU.Manager or Managers.code = OU.Purchasingmanager\r\n\tleft join (\r\n\t\tselect distinct cmp.identifier \r\n\t\tfrom vw_company as cmp\r\n\t\t\tinner join employeeCodes emp on emp.code = cmp.purchasingmanager \r\n\t) companies on req.company = companies.identifier\t\r\n\tinner join vw_company CMP on req.company = CMP.identifier\r\n\tleft join vw_approvalprofiles AP on AP.identifier = req._assigned\r\n    left join vw_employee APE on APE.identifier = AP.approver\r\n    --Manager\r\n\tleft join vw_employee as Manager on OU.manager = Manager.identifier\r\n\t--PurchasingManager\r\n\tleft join vw_employee as PurchasingManager on OU.purchasingmanager = PurchasingManager.identifier\r\n\t--PurchasingManagerCompany\r\n\tleft join vw_employee as PurchasingManagerCompany on CMP.purchasingmanager = PurchasingManagerCompany.identifier\r\nwhere \r\n\tManagers.code is not null\r\n\tor (coalesce(OU.Purchasingmanager,'') = '' and companies.identifier is not null)\t\r\norder by req._number desc",
  "description": ""
}