{
  "name": "MyPendingRequisitionsCountQuery",
  "joins": [],
  "table": {
    "alias": null,
    "filter": null,
    "definition": "Requisitions",
    "properties": [],
    "orderedProperties": []
  },
  "dataSource": "System",
  "expression": "SELECT \r\n\tCount(req._code) count\r\nFROM vw_requisitions req\r\n    inner join vw_employee as emp on emp.identifier = req.author and emp.username = @_username and req._state not in ('Satisfied','OrderCompleted','Closed','QuotationRejected','Rejected')\r\n    inner join vw_company CMP on req.company = CMP.identifier\r\n    inner join vw_organizationalunit OUs on req.organizationalunit = OUs.identifier",
  "description": ""
}