{
  "name": "OrganizationalUnitQuery",
  "joins": [],
  "table": {
    "alias": null,
    "filter": null,
    "definition": "OrganizationalUnit",
    "properties": [
      {
        "path": "_code",
        "alias": "_code",
        "function": "None"
      },
      {
        "path": "_name",
        "alias": "_name",
        "function": "None"
      },
      {
        "path": "_description",
        "alias": "_description",
        "function": "None"
      },
      {
        "path": "_inactive",
        "alias": "_inactive",
        "function": "None"
      },
      {
        "path": "manager",
        "alias": "manager",
        "function": "None"
      },
      {
        "path": "purchasingManager",
        "alias": "purchasingManager",
        "function": "None"
      }
    ],
    "orderedProperties": []
  },
  "dataSource": "System",
  "expression": "Select distinct\r\n    OU._code,\r\n    OU._name,\r\n    OU._description,\r\n    OU._inactive,\r\n    OU.manager,\r\n    OU.purchasingManager,\r\n    OU.ManagerName,\r\n    OU.PurchasingManagerName,\r\n    Ou.Currency\r\nFrom vw_organizationalunit OU\r\n\tLEFT JOIN vw_employee EMPL ON EMPL.username =  @_username AND EMPL._inactive = false\r\n\tLEFT JOIN vw_employee_organizationalunits EMPLOU ON EMPLOU.identifier = EMPL.identifier\r\nwhere (user_is_in_role(@_userRoles, 'Administration')) OR (user_is_in_role(@_userRoles, 'Supplier')) OR ( OU.identifier = EMPLOU.organizationalunits )",
  "description": null
}