{
  "name": "OrgUnitEmployee",
  "joins": [],
  "table": {
    "alias": null,
    "filter": null,
    "definition": "OrganizationalUnit",
    "properties": [],
    "orderedProperties": []
  },
  "dataSource": "System",
  "expression": "SELECT \r\nORG._code as _code\r\n,ORG.identifier as identifier\r\n,ORG.currency\r\nFROM \r\nvw_OrganizationalUnit ORG\r\nleft JOIN vw_Employee_OrganizationalUnits EO ON EO.organizationalunits = ORG._code \r\nWHERE \r\nEO.identifier = @employee\r\nAND (ORG.company = @employeeCompanies OR ORG.company is null)",
  "description": ""
}