{
  "name": "OUManagerByMeQuery",
  "joins": [],
  "table": {
    "alias": null,
    "filter": null,
    "definition": "OrganizationalUnit",
    "properties": [],
    "orderedProperties": []
  },
  "dataSource": "System",
  "expression": "WITH employeeCodes AS \r\n( \r\n    select distinct code FROM (\r\n       select _code code from vw_employee as emp where emp.username = @_username\r\n\t\tunion\r\n\t\tselect emp._code \r\n\t\tfrom vw_employee as subs \r\n\t\t\tinner join vw_employee as emp on emp.outofofficesubstitute = subs.identifier and emp.outofoffice and subs.username = @_username\r\n    ) employee    \r\n)\r\nSelect \t\r\n    OU._code\r\n    ,OU._name\r\nfrom vw_organizationalunit OU\r\n\tleft join (select distinct code from employeeCodes) Managers on Managers.code = OU.Manager or Managers.code = OU.Purchasingmanager\r\n\tleft join (\r\n\t\tselect distinct cmp.identifier \r\n\t\tfrom vw_company as cmp\r\n\t\t\tinner join employeeCodes emp on emp.code = cmp.purchasingmanager \r\n\t) companies on 1 = 1\r\nwhere \r\n\tManagers.code is not null\r\n\tor (coalesce(OU.Purchasingmanager,'') = '' and companies.identifier is not null)\t",
  "description": ""
}