{
  "name": "PendingFinancialDocsCountQuery",
  "joins": [],
  "table": {
    "alias": null,
    "filter": null,
    "definition": "FinancialDocumentERP",
    "properties": [],
    "orderedProperties": []
  },
  "dataSource": "Primavera",
  "expression": "SELECT \r\n   Count(CP.Id) count,\r\n    '' as '_code',\r\n    getdate() as 'DataDoc',\r\n    '' as 'Serie',\r\n    0 as 'NumDoc'\r\nFROM CabecCompras CP with (nolock) \r\n\tinner join CabecComprasStatus with (nolock) on CP.Id = CabecComprasStatus.IdCabecCompras and CabecComprasStatus.Anulado = 0\r\n\tinner join Fornecedores with (nolock) on Fornecedores.Fornecedor = CP.Entidade \r\n\tinner join DocumentosCompra with (nolock) on DocumentosCompra.Documento = CP.TipoDoc and isnull(CP.CDU_CodOmnia, '') <> ''\r\n\tINNER JOIN Historico with (nolock) on Historico.IdDoc = CP.ID \r\n\tinner JOIN OMNIA_suffix.dbo.PortalComprasOrganizationalUnits OUS with (nolock) on OUS.OrganizationalUnit = CP.CDU_OrganizationalUnit\r\n\tinner join OMNIA_suffix.dbo.PortalComprasCompanies CMP with (nolock) on CMP.Primavera = RIGHT(DB_NAME(),len(DB_NAME())-3)\r\n\tleft join OMNIA_suffix.dbo.PortalComprasApprovalProfiles AP with (nolock) on AP.ApprovalProfile = CP.CDU_Atribuido\r\n\tleft join Pendentes with (nolock) on Pendentes.IdHistorico = Historico.Id \r\nWhere DocumentosCompra.TipoDocumento = 4 and (CP.CDU_Autor = '@EMPLOYEE_CODE@') and\r\ncase when (Pendentes.Estado is null or Pendentes.Estado <> 'AGP') and isnull(CP.CDU_Estado, '') <> 'Rejected' then 'Approved' else isnull(CP.CDU_Estado, 'OnApproval') end = 'OnApproval'",
  "description": ""
}