{
  "name": "QuotationsHistoryQuery",
  "joins": [],
  "table": {
    "alias": null,
    "filter": null,
    "definition": "QuotationsHistory",
    "properties": [
      {
        "path": "_code",
        "alias": "_code",
        "function": "None"
      },
      {
        "path": "_name",
        "alias": "_name",
        "function": "None"
      },
      {
        "path": "_description",
        "alias": "_description",
        "function": "None"
      },
      {
        "path": "_inactive",
        "alias": "_inactive",
        "function": "None"
      }
    ],
    "orderedProperties": []
  },
  "dataSource": "Primavera",
  "expression": "SELECT '' _code, '' _name, '' _description, 0 _inactive, \r\n    Documento + ' ' + Serie + '/' + CAST(Numero as nvarchar) Documento, \r\n    DataDocumento,\r\n    Serie,\r\n    Numero,\r\n    Entidade + ' - ' + NomeEntidade Entidade, Artigo + ' - ' + Descricao Artigo, Quantidade, Unidade, Moeda, Preco, PrecoIliquido, Desconto,\r\n    PrecoLiquido, DataEntrega\r\nFROM HistoricoCotacoes('@PRIMAVERA_COMPANY@', '@Documento@', NULL)",
  "description": null
}