{
  "name": "QuoteRequestsQuery",
  "joins": [],
  "table": {
    "alias": null,
    "filter": null,
    "definition": "QuoteRequests",
    "properties": [
      {
        "path": "_code",
        "alias": "_code",
        "function": "None"
      },
      {
        "path": "_name",
        "alias": "_name",
        "function": "None"
      },
      {
        "path": "_description",
        "alias": "_description",
        "function": "None"
      },
      {
        "path": "_inactive",
        "alias": "_inactive",
        "function": "None"
      }
    ],
    "orderedProperties": []
  },
  "dataSource": "Primavera",
  "expression": "SELECT \r\n    DISTINCT CONCAT(CC.TipoDoc,'.',CC.Serie,'.',CC.NumDoc,'.', CASE WHEN CC.Entidade IS NULL AND CC_COT.Entidade IS NOT NULL AND CI.Estado = 'A' AND CI.Fechado = 1 THEN CC_COT.Entidade ELSE CC.Entidade END) as _code, \r\n    DC.Descricao as _name, \r\n    DC.Descricao as _description, \r\n    CC.DataDoc,\r\n    CC.Serie,\r\n    CC.NumDoc,\r\n    CONCAT(CC_COT.Serie,'.',CC_COT.NumDoc,'.',CC_COT.Entidade) QuotationCode \r\nFROM CabecCompras CC\r\nLEFT JOIN DocumentosCompra DC ON CC.TipoDoc = DC.Documento\r\nLEFT JOIN LinhasCompras LC ON CC.Id = LC.IdCabecCompras\r\nLEFT JOIN LinhasInternos LI ON LC.IdLinhaOrigemCopia = LI.Id\r\nLEFT JOIN CabecInternos CI ON CI.Id = LI.IdCabecInternos\r\nLEFT JOIN LinhasComprasTrans LCT ON LCT.IdLinhasComprasOrigem = LC.Id\r\nLEFT JOIN LinhasCompras LC_COT ON LC_COT.Id = LCT.IdLinhasCompras\r\nLEFT JOIN CabecCompras CC_COT ON CC_COT.Id = LC_COT.IdCabecCompras\r\nWHERE (CC.TipoDoc = '@TIPODOC@' OR CC.TipoDoc = '@TIPODOCCOT@')\r\nAND CC.CDU_CodOmnia IS NOT NULL\r\nAND (('@Role@' in ('Administration', 'FinancialAdministration'))\r\nOR ('@Role@' in ('Supplier') AND (CC.Entidade = '@ENTIDADE@' OR CC.Entidade IS NULL)))",
  "description": null
}