{
  "name": "QuoteRequestQuotationQuery",
  "joins": [],
  "table": {
    "alias": null,
    "filter": null,
    "definition": "QuoteRequests",
    "properties": [],
    "orderedProperties": []
  },
  "dataSource": "Primavera",
  "expression": " SELECT \r\n\t CONCAT(CC.TipoDoc,'.',CC.Serie,'.',CC.NumDoc,'.',CC.Entidade) as _code, \r\n\tDC.Descricao as _name, \r\n\tDC.Descricao as _description, \r\n\tCC.NumDoc,\r\n\tCC.Entidade Fornecedor,\r\n\tFO.Nome FornecedorNome,\r\n\tCount(DISTINCT LC.Id) as NArtigos,\r\n\tMin(LC.DataEntrega) DataEntrega,\r\n\tCC.TotalMerc - CC.TotalDesc + CC.TotalIva Total,\r\n\tCC.DataDoc,\r\n\tcast(Case when Sum(case when CC_COT.id is null then 0 else 1 end ) > 0 then 1 else 0 end as bit) JaCotado,\r\n\tCC.Moeda\r\nFROM CabecCompras CC WITH (NOLOCK)\r\n\tINNER JOIN DocumentosCompra DC WITH (NOLOCK) ON CC.TipoDoc = DC.Documento\r\n\tINNER JOIN LinhasCompras LC WITH (NOLOCK) ON CC.Id = LC.IdCabecCompras\r\n\tINNER JOIN LinhasInternos LI WITH (NOLOCK) ON LC.IdLinhaOrigemCopia = LI.Id\r\n\tINNER JOIN CabecInternos CI WITH (NOLOCK) ON CI.Id = LI.IdCabecInternos\r\n\tleft join Fornecedores FO WITH (NOLOCK) on FO.Fornecedor = CC.Entidade\r\n\tLEFT JOIN LinhasComprasTrans LCT WITH (NOLOCK) on LCT.IdLinhasComprasOrigem = LC.Id\r\n\tLEFT JOIN LinhasCompras LC_COT WITH (NOLOCK) ON LC_COT.Id = LCT.IdLinhasCompras\r\n\tLEFT JOIN CabecCompras CC_COT WITH (NOLOCK) ON LC_COT.IdCabecCompras = CC_COT.Id\r\nWHERE CC.TipoDoc = '@TIPODOC@' \r\n    AND CI.CDU_CodOmnia IS NOT NULL\r\n    AND CI.Estado = 'A' AND CI.Fechado = 0\r\n    AND (('@Role@' in ('Administration', 'FinancialAdministration'))\r\n    OR ('@Role@' in ('Supplier') AND ((CC.Entidade = '@ENTIDADE@' OR CC.Entidade IS NULL))))\r\ngroup by \r\n\tCONCAT(CC.TipoDoc,'.',CC.Serie,'.',CC.NumDoc,'.',CC.Entidade), \r\n\tDC.Descricao, \r\n\tDC.Descricao,\r\n\tCC.NumDoc,\r\n\tCC.Entidade,\r\n\tFO.Nome,\r\n\tCC.TotalMerc - CC.TotalDesc + CC.TotalIva,\r\n\tCC.DataDoc,\r\n\tCC.Moeda",
  "description": ""
}