{
  "name": "QuotationLinesERPByItemReqQuery",
  "joins": [],
  "table": {
    "alias": null,
    "filter": null,
    "definition": "QuotationLinesERP",
    "properties": [],
    "orderedProperties": []
  },
  "dataSource": "Primavera",
  "expression": "SELECT \r\n\tCONCAT(CC_COT.TipoDoc, '.',CC_COT.Serie, '.', CC_COT.NumDoc, '.', LC_COT.Artigo, '.', CC_COT.filial) as _code, \r\n\tA.Descricao as _name, \r\n\tA.Descricao as _description, \r\n\tCASE WHEN CC_COT.Moeda != CI_RI.Moeda\r\n\t\tTHEN\r\n\t\t\tdbo.STD_TransfPrUnitMBase(LC_COT.PrecUnit, dbo.FTR_DaCambio(CC_COT.Moeda, GETDATE()), dbo.FTR_DaCambio(CI_RI.Moeda, GETDATE()))\r\n\t\tELSE\r\n\t\t\tLC_COT.PrecUnit\r\n\tEND as unitPrice, \r\n\tLC_COT.DataEntrega as deliveryDate, \r\n\tF.Fornecedor as supplier, \r\n\tF.Nome as supplierName, \r\n\tLC_COT.Quantidade as quantity,\r\n\tCASE WHEN CC_PCO.Moeda != CI_RI.Moeda\r\n\tTHEN\r\n\t\tdbo.STD_TransfPrUnitMBase(LC_PCO.PrecoLiquido, dbo.FTR_DaCambio(CC_PCO.Moeda, GETDATE()), dbo.FTR_DaCambio(CI_RI.Moeda, GETDATE()))\r\n\tELSE\r\n\t\tLC_PCO.PrecoLiquido\r\n\tEND as baseTotal,\r\n\tLC_PCO.DataEntrega as baseDeliveryDate, \r\n\tCASE WHEN CC_PCO.Moeda != CI_RI.Moeda\r\n\tTHEN\r\n\t\tdbo.STD_TransfPrUnitMBase(LC_PCO.PrecUnit, dbo.FTR_DaCambio(CC_PCO.Moeda, GETDATE()), dbo.FTR_DaCambio(CI_RI.Moeda, GETDATE()))\r\n\tELSE\r\n\t\tLC_PCO.PrecUnit\r\n\tEND as baseUnitPrice,\r\n\tLC_PCO.Desconto1 as baseItemDiscount, \r\n\tCC_PCO.DescEntidade as baseDiscount, \r\n\t((LC_COT.TotalDA + LC_COT.TotalDC+ LC_COT.TotalDF + LC_COT.TotalRecargo)/ LC_COT.TotalIliquido) * 100 as discount,\r\n\tCASE WHEN CC_COT.Moeda != CI_RI.Moeda\r\n\tTHEN\r\n\t\tdbo.STD_TransfPrUnitMBase(LC_COT.PrecoLiquido, dbo.FTR_DaCambio(CC_COT.Moeda, GETDATE()), dbo.FTR_DaCambio(CI_RI.Moeda, GETDATE()))\r\n\tELSE\r\n\t\tLC_COT.PrecoLiquido\r\n\tEND as total,\r\n\tCC_COT.CDU_Incoterms as Inco,\r\n\tCC_COT.CDU_IncotermsLocal as Incolocal,\r\n\tCC_COT.CondPag as payment,\r\n\tCP.Descricao as PagDesc,\r\n\tCC_COT.CDU_IncotermsDesc as IncoDesc,\r\n\tCC_COT.Observacoes as ObservationsHeader\r\nFROM LinhasCompras LC_COT\r\nINNER JOIN CabecCompras CC_COT ON CC_COT.Id = LC_COT.IdCabecCompras\r\nINNER JOIN LinhasComprasTrans LCT_COT ON LCT_COT.IdLinhasCompras = LC_COT.Id\r\nINNER JOIN LinhasCompras LC_PCO ON LC_PCO.Id = LCT_COT.IdLinhasComprasOrigem\r\nINNER JOIN CabecCompras CC_PCO ON CC_PCO.Id = LC_PCO.IdCabecCompras\r\nINNER JOIN LinhasInternos LC_RI ON LC_RI.Id = LC_PCO.IdLinhaOrigemCopia\r\nINNER JOIN CabecInternos CI_RI ON CI_RI.Id = LC_RI.IdCabecInternos\r\nINNER JOIN Fornecedores F ON F.Fornecedor = CC_COT.Entidade\r\nINNER JOIN Artigo A ON A.Artigo = LC_COT.Artigo\r\nINNER JOIN CondPag CP ON CP.CondPag = CC_COT.CondPag \r\nWHERE CI_RI.CDU_CodOmnia = '@requisition@' AND LC_COT.Artigo = '@item@'",
  "description": ""
}