{
  "name": "QuotationAwaitingValidationQuery",
  "joins": [],
  "table": {
    "alias": null,
    "filter": null,
    "definition": "Requisitions",
    "properties": [],
    "orderedProperties": []
  },
  "dataSource": "System",
  "expression": "SELECT req._code\r\n    , req._serie\r\n    , req._number\r\n    , req._date\r\n    , req.documentType\r\n    , req._state\r\n    , case req._assigned\r\n    \t    \twhen '1' then emp._name\r\n    \t    \twhen '2' then EMPManager._name\r\n    \t\t\twhen '3' then case when EMPPurchasingManager._name is null then EMPPurchasingManagerCompany._name else EMPPurchasingManager._name  end\r\n    \t    \telse APE._name\r\n      \t\tend _assigned\r\n    , AP._name Etapa\r\n    , req.documentoERP\r\n    , req.primavera\r\n    , req.filial\r\n   \t, userList.username\r\n   \t, EMP._name as EmployeeName\r\n\t, req.Company\r\nFROM vw_requisitions req\r\n    inner join vw_organizationalunit as OUS on req.organizationalunit = OUS.identifier \r\n\t--PurchasingManagerCompany\r\n\tinner join vw_company CMP on CMP.identifier = req.company\r\n\tleft join vw_employee EMPPurchasingManagerCompany on EMPPurchasingManagerCompany.identifier = CMP.purchasingmanager\r\n\tleft join vw_approvalprofiles AP on AP.identifier = req._assigned\r\n    left join vw_employee APE on APE.identifier = AP.approver\r\n\t--Employee\r\n\tleft join vw_employee EMP on EMP.identifier = req.author\t\t\r\n\t--Manager\r\n\tleft join vw_employee EMPManager on EMPManager.identifier = OUS.manager\t\r\n\t--PurchasingManager\r\n\tleft join vw_employee EMPPurchasingManager on EMPPurchasingManager.identifier = OUS.purchasingmanager\t\r\n    --Fluxo Requisicao\r\n\tleft join vw_requisitions_requisitionapprovalflow RAF on RAF.identifier = req.identifier and req.etapa = RAF.order and req.total >= RAF.amount and req._state = 'RequisitionsApproval'\r\n\tleft join vw_approvalprofiles RAP on RAP.identifier = RAF.approvalprofile\r\n\tleft join vw_employee EMPRAP on EMPRAP.identifier = RAP.approver\t\r\n\t--Fluxo Cotacoes\r\n\tleft join vw_requisitions_quotationsapprovalflow QAF on QAF.identifier = req.identifier and req.etapa = QAF.order and req.total >= QAF.amount and req._state = 'QuotationApproval'\r\n\tleft join vw_approvalprofiles QAP on QAP.identifier = QAF.approvalprofile\r\n\tleft join vw_employee EMPQAP on EMPQAP.identifier = QAP.approver\t\t\r\n\tleft join (\r\n\t\tselect @_username as username\r\n\t\tunion\r\n\t\tselect emp.username\r\n\t\tfrom vw_employee as emp\r\n\t\t\tinner join vw_employee as empsubs on emp.outofofficesubstitute = empsubs.identifier and emp.outofoffice and empsubs.username = @_username\r\n\t) userList on \r\n\t    case req._state \r\n\t\t    when 'Draft' then EMP.username\r\n\t\t    when 'Revision' then EMP.username\r\n\t    \twhen 'RequisitionsApproval' then\r\n\t    \t\tcase RAF.approvalprofile\r\n\t\t\t    \twhen '1' then EMP.username\r\n\t\t\t    \twhen '2' then EMPManager.username\r\n\t    \t\t\twhen '3' then case when EMPPurchasingManager.username is null then EMPPurchasingManagerCompany.username else EMPPurchasingManager.username  end\r\n\t\t\t    \telse EMPRAP.username\r\n\t\t  \t\tend   \r\n\t    \twhen 'QuotationApproval' then\r\n\t\t    \tcase QAF.approvalprofile\r\n\t\t\t    \twhen '1' then EMP.username\r\n\t\t\t    \twhen '2' then EMPManager.username\r\n\t    \t\t\twhen '3' then case when EMPPurchasingManager.username is null then EMPPurchasingManagerCompany.username else EMPPurchasingManager.username  end\r\n\t\t\t    \telse EMPQAP.username\r\n\t\t  \t\tend   \r\n\t    \telse null\r\n\t    end = userList.username\r\n\t left join (\r\n\t \tselect identifier\r\n    \tfrom vw_requisitions_approvalhistory\r\n    \twhere _name = @_username\r\n    \tgroup by identifier\r\n    \tunion\r\n    \tselect req.identifier\r\n        FROM vw_requisitions as req\r\n        \tinner join vw_company CMP on req.company = CMP.identifier\r\n        \tinner join vw_organizationalunit OUs on req.organizationalunit = OUs.identifier\r\n        \t--Manager\r\n        \tleft join vw_employee as Manager on OUs.manager = Manager.identifier\r\n        \t--PurchasingManager\r\n        \tleft join vw_employee as PurchasingManager on OUs.purchasingmanager = PurchasingManager.identifier\r\n        \t--PurchasingManagerCompany\r\n        \tleft join vw_employee as PurchasingManagerCompany on CMP.purchasingmanager = PurchasingManagerCompany.identifier\r\n        where Manager.username = @_username\r\n        \tor \r\n        \tCOALESCE(PurchasingManager.username, PurchasingManagerCompany.username) = @_username\r\n\t ) history on history.identifier = req.identifier\r\nWHERE req._state = 'QuotationApproval' and (\r\n    user_is_in_role(@_userRoles, 'Administration')\r\n    or\r\n    (user_is_in_role(@_userRoles, 'FinancialAdministration')\r\n\tAND \r\n\t(\r\n\t\tEMPPurchasingManager.username = @_username\r\n\t\tOR\r\n\t\tEMPPurchasingManagerCompany.username = @_username\r\n\t))\r\n    -- or\r\n\t-- userList.username is not null\r\n\t-- or\r\n    -- history.identifier is not null)\r\n\t)\r\norder by req._number desc",
  "description": ""
}