{
  "name": "QuoteRequestHistoryQuery",
  "joins": [],
  "table": {
    "alias": null,
    "filter": null,
    "definition": "QuoteRequests",
    "properties": [],
    "orderedProperties": []
  },
  "dataSource": "Primavera",
  "expression": " SELECT \r\n\tDISTINCT CONCAT(CC.TipoDoc,'.',CC.Serie,'.',CC.NumDoc,'.', CC_COT.Entidade) as _code, \r\n\tCONCAT(CC_COT.Entidade,' - ', F_COT.Nome) as supplier, \r\n\tDC.Descricao as _name, \r\n\tDC.Descricao as _description, \r\n\tCC.NumDoc,\r\n\tCC.TotalMerc - CC.TotalDesc + CC.TotalIva Total,\r\n\tCC.DataDoc,\r\n\tCC.Entidade Fornecedor,\r\n\tFO.Nome FornecedorNome,\r\n\tCount(DISTINCT LC.Id) as NArtigos,\r\n\tMin(LC.DataEntrega) DataEntrega,\r\n\tcast(Case when Sum(case when CC_COT.id is null then 0 else 1 end ) > 0 then 1 else 0 end as bit) JaCotado,\r\n\tCC.Moeda\r\nFROM CabecCompras CC WITH (NOLOCK)\r\n\tINNER JOIN DocumentosCompra DC WITH (NOLOCK) ON CC.TipoDoc = DC.Documento\r\n\tINNER JOIN LinhasCompras LC WITH (NOLOCK) ON CC.Id = LC.IdCabecCompras\r\n\tINNER JOIN LinhasInternos LI WITH (NOLOCK) ON LC.IdLinhaOrigemCopia = LI.Id\r\n\tINNER JOIN CabecInternos CI WITH (NOLOCK) ON CI.Id = LI.IdCabecInternos\r\n\tINNER JOIN LinhasComprasTrans LCT WITH (NOLOCK) ON LCT.IdLinhasComprasOrigem = LC.Id\r\n\tINNER JOIN LinhasCompras LC_COT WITH (NOLOCK) ON LC_COT.Id = LCT.IdLinhasCompras\r\n\tINNER JOIN CabecCompras CC_COT WITH (NOLOCK) ON CC_COT.Id = LC_COT.IdCabecCompras\r\n\tINNER JOIN Fornecedores F_COT WITH (NOLOCK) ON F_COT.Fornecedor = CC_COT.Entidade\r\n\t LEFT JOIN Fornecedores FO WITH (NOLOCK) on FO.Fornecedor = CC.Entidade\r\nWHERE CC.TipoDoc = '@TIPODOC@' \r\nAND CI.CDU_CodOmnia IS NOT NULL\r\nAND CI.Estado = 'A' AND CI.Fechado = 1\r\nAND (('@Role@' in ('Administration', 'FinancialAdministration'))\r\nOR ('@Role@' in ('Supplier') AND CC_COT.Entidade = '@ENTIDADE@'))\r\nGROUP by\r\n    CONCAT(CC.TipoDoc,'.',CC.Serie,'.',CC.NumDoc,'.', CC_COT.Entidade),\r\n    DC.Descricao,\r\n    CC.NumDoc,\r\n    CC.TotalMerc - CC.TotalDesc + CC.TotalIva,\r\n    CC.DataDoc,\r\n    CC.Entidade,\r\n    FO.Nome,\r\n    CONCAT(CC_COT.Entidade,' - ', F_COT.Nome),\r\n\tCC.Moeda\r\n    ",
  "description": ""
}