{
  "name": "RequisitionsCurrentApprover",
  "joins": [],
  "table": {
    "alias": null,
    "filter": null,
    "definition": "Requisitions",
    "properties": [],
    "orderedProperties": []
  },
  "dataSource": "System",
  "expression": "SELECT req._code\r\n    , req._state\r\n    , case req._state \r\n\t    when 'Draft' then EMP.username\r\n\t    when 'Revision' then EMP.username\r\n    \twhen 'RequisitionsApproval' then\r\n    \t\tcase RAF.approvalprofile\r\n\t\t    \twhen '1' then EMP.username\r\n\t\t    \twhen '2' then EMPManager.username\r\n    \t\t\twhen '3' then case when EMPPurchasingManager.username is null then \r\n\t\t\t\t\t    \t\t\tEMPPurchasingManagerCompany.username\r\n\t\t\t    \t\t\t\telse \r\n\t\t\t\t    \t\t\t\tEMPPurchasingManager.username\r\n\t\t\t    \t\t\t\tend\r\n\t\t    \telse EMPRAP.username\r\n\t  \t\tend   \r\n    \twhen 'QuotationApproval' then\r\n\t    \tcase QAF.approvalprofile\r\n\t\t    \twhen '1' then EMP.username\r\n\t\t    \twhen '2' then EMPManager.username\r\n    \t\t\twhen '3' then case when EMPPurchasingManager.username is null then \r\n\t\t\t\t\t    \t\t\tEMPPurchasingManagerCompany.username\r\n\t\t\t    \t\t\t\telse \r\n\t\t\t\t    \t\t\t\tEMPPurchasingManager.username\r\n\t\t\t    \t\t\t\tend\r\n\t\t    \telse EMPQAP.username\r\n\t  \t\tend   \r\n    \telse null\r\n    end CurrentApprover\r\n\t, case req._state \r\n\t    when 'Draft' then case when EMP.outofoffice then EMPSubst.username else null end\r\n\t    when 'Revision' then case when EMP.outofoffice then EMPSubst.username else null end\r\n    \twhen 'RequisitionsApproval' then\r\n    \t\tcase RAF.approvalprofile\r\n\t\t    \twhen '1' then case when EMP.outofoffice then EMPSubst.username else null end\r\n\t\t    \twhen '2' then case when EMPManager.outofoffice then EMPManagerSubst.username else null end\r\n    \t\t\twhen '3' then case when EMPPurchasingManager.username is null then \r\n    \t\t\t\t\t\t\t\tcase when EMPPurchasingManagerCompany.outofoffice then EMPPurchasingManagerCompanySubst.username else null end\t\t\t\t\t    \t\t\t\r\n\t\t\t    \t\t\t\telse \r\n\t\t\t\t    \t\t\t\tcase when EMPPurchasingManager.outofoffice then EMPPurchasingManagerSubst.username else null end\t\t\t\t    \t\t\t\t\r\n\t\t\t    \t\t\t\tend\r\n\t\t    \telse case when EMPRAP.outofoffice then EMPRAPSubst.username else null end\r\n\t  \t\tend   \r\n    \twhen 'QuotationApproval' then\r\n\t    \tcase QAF.approvalprofile\r\n\t\t    \twhen '1' then case when EMP.outofoffice then EMPSubst.username else null end\r\n\t\t    \twhen '2' then case when EMPManager.outofoffice then EMPManagerSubst.username else null end\r\n    \t\t\twhen '3' then case when EMPPurchasingManager.username is null then \r\n    \t\t\t\t\t\t\t\tcase when EMPPurchasingManagerCompany.outofoffice then EMPPurchasingManagerCompanySubst.username else null end\t\t\t\t\t    \t\t\t\r\n\t\t\t    \t\t\t\telse \r\n\t\t\t\t    \t\t\t\tcase when EMPPurchasingManager.outofoffice then EMPPurchasingManagerSubst.username else null end\t\t\t\t    \t\t\t\t\r\n\t\t\t    \t\t\t\tend\r\n\t\t    \telse case when EMPQAP.outofoffice then EMPQAPSubst.username else null end\r\n\t  \t\tend   \r\n    \telse null\r\n    end CurrentApproverSubstitute  \r\nfrom vw_requisitions as req\r\n\tinner join vw_organizationalunit as OUS on req.organizationalunit = OUS.identifier \r\n\t--PurchasingManagerCompany\r\n\tinner join vw_company CMP on CMP.identifier = req.company\r\n\tleft join vw_employee EMPPurchasingManagerCompany on EMPPurchasingManagerCompany.identifier = CMP.purchasingmanager\r\n\tleft join vw_employee EMPPurchasingManagerCompanySubst on EMPPurchasingManagerCompany.outofofficesubstitute = EMPPurchasingManagerCompanySubst.identifier\r\n\t--Employee\r\n\tleft join vw_employee EMP on EMP.identifier = req.author\t\t\r\n\tleft join vw_employee EMPSubst on EMP.outofofficesubstitute = EMPSubst.identifier\r\n\t--Manager\r\n\tleft join vw_employee EMPManager on EMPManager.identifier = OUS.manager\t\r\n\tleft join vw_employee EMPManagerSubst on EMPManager.outofofficesubstitute = EMPManagerSubst.identifier\r\n\t--PurchasingManager\r\n\tleft join vw_employee EMPPurchasingManager on EMPPurchasingManager.identifier = OUS.purchasingmanager\t\r\n\tleft join vw_employee EMPPurchasingManagerSubst on EMPPurchasingManager.outofofficesubstitute = EMPPurchasingManagerSubst.identifier\r\n\t--Fluxo Requisicao\r\n\tleft join vw_requisitions_requisitionapprovalflow RAF on RAF.identifier = req.identifier and req.etapa = RAF.\"order\" and req._state = 'RequisitionsApproval'\r\n\tleft join vw_approvalprofiles RAP on RAP.identifier = RAF.approvalprofile\r\n\tleft join vw_employee EMPRAP on EMPRAP.identifier = RAP.approver\t\r\n\tleft join vw_employee EMPRAPSubst on EMPRAP.outofofficesubstitute = EMPRAPSubst.identifier\r\n\t--Fluxo Cotacoes\r\n\tleft join vw_requisitions_quotationsapprovalflow QAF on QAF.identifier = req.identifier and req.etapa = QAF.\"order\" and req._state = 'QuotationApproval'\r\n\tleft join vw_approvalprofiles QAP on QAP.identifier = QAF.approvalprofile\r\n\tleft join vw_employee EMPQAP on EMPQAP.identifier = QAP.approver\t\r\n\tleft join vw_employee EMPQAPSubst on EMPQAP.outofofficesubstitute = EMPQAPSubst.identifier\r\nwhere req.identifier = @CODE",
  "description": ""
}