{
  "name": "RequisitionPurchaseUsersQuery",
  "joins": [],
  "table": {
    "alias": null,
    "filter": null,
    "definition": "RequisitionPurchaseUsers",
    "properties": [
      {
        "path": "_code",
        "alias": "_code",
        "function": "None"
      },
      {
        "path": "_name",
        "alias": "_name",
        "function": "None"
      },
      {
        "path": "_description",
        "alias": "_description",
        "function": "None"
      },
      {
        "path": "_inactive",
        "alias": "_inactive",
        "function": "None"
      }
    ],
    "orderedProperties": []
  },
  "dataSource": "Primavera",
  "expression": "SELECT Liberacao as _code, Descricao as _name FROM Liberacoes WITH (NOLOCK) WHERE AplicarCompras=1",
  "description": null
}