{
  "name": "TreasuryDocSeriesQuery",
  "joins": [],
  "table": {
    "alias": null,
    "filter": null,
    "definition": "TreasuryDocSeries",
    "properties": [
      {
        "path": "_code",
        "alias": "_code",
        "function": "None"
      },
      {
        "path": "_name",
        "alias": "_name",
        "function": "None"
      },
      {
        "path": "_description",
        "alias": "_description",
        "function": "None"
      },
      {
        "path": "_inactive",
        "alias": "_inactive",
        "function": "None"
      }
    ],
    "orderedProperties": []
  },
  "dataSource": "Primavera",
  "expression": "SELECT TipoDoc as documentType,\r\n    Serie as _code,\r\n    Descricao as _name, \r\n    Descricao as _description,\r\n    DataInicio AS beginDate,\r\n    DataFim AS endDate \r\nFROM dbo.SeriesDocumentosCCT('@PRIMAVERA_COMPANY@', '@DOCUMENT_TYPE@')",
  "description": null
}