{
  "name": "UnitsQuery",
  "joins": [],
  "table": {
    "alias": null,
    "filter": null,
    "definition": "Units",
    "properties": [
      {
        "path": "_code",
        "alias": "_code",
        "function": "None"
      },
      {
        "path": "_name",
        "alias": "_name",
        "function": "None"
      },
      {
        "path": "_description",
        "alias": "_description",
        "function": "None"
      },
      {
        "path": "_inactive",
        "alias": "_inactive",
        "function": "None"
      }
    ],
    "orderedProperties": []
  },
  "dataSource": "Primavera",
  "expression": "Select \r\n\tunidade _code,\r\n\tdescricao _name\r\nfrom Unidades\r\nwhere Unidade in (Select UnidadeCompra from Artigo where Artigo = '@artigo@')\r\nunion\r\nSelect \r\n\tUN.Unidade _code,\r\n\tUN.Descricao _name\r\nfrom ArtigoUnidades AU\r\n\tinner join Unidades UN on Au.UnidadeDestino = UN.Unidade\r\nwhere Artigo = '@artigo@'\r\nunion\r\nSelect \r\n\ttop 100 percent\r\n\tUN.Unidade _code,\r\n\tUN.Descricao _name\t\t\r\nfrom Unidades UN\r\n\tinner join UnidadesConversao UNC on UN.Unidade = UNC.UnidadeOrigem\r\nwhere UNC.UnidadeDestino in (Select UnidadeCompra from Artigo where Artigo = '@artigo@')",
  "description": null
}