{
  "name": "Primavera",
  "attributes": [
    {
      "name": "_code",
      "type": "Text",
      "length": null,
      "isSystem": true,
      "isReadOnly": false,
      "description": null,
      "multiplicity": {
        "lower": 1,
        "upper": 1
      },
      "aggregationKind": "None",
      "isSensitiveData": null,
      "dependsOnAttribute": null
    },
    {
      "name": "_name",
      "type": "Text",
      "length": null,
      "isSystem": true,
      "isReadOnly": false,
      "description": null,
      "multiplicity": {
        "lower": 1,
        "upper": 1
      },
      "aggregationKind": "None",
      "isSensitiveData": null,
      "dependsOnAttribute": null
    },
    {
      "name": "_description",
      "type": "Text",
      "length": null,
      "isSystem": true,
      "isReadOnly": false,
      "description": null,
      "multiplicity": {
        "lower": 0,
        "upper": 1
      },
      "aggregationKind": "None",
      "isSensitiveData": null,
      "dependsOnAttribute": null
    },
    {
      "name": "_inactive",
      "type": "Boolean",
      "length": null,
      "isSystem": true,
      "isReadOnly": false,
      "description": null,
      "multiplicity": {
        "lower": 1,
        "upper": 1
      },
      "aggregationKind": "None",
      "isSensitiveData": null,
      "dependsOnAttribute": null
    },
    {
      "name": "_connector",
      "type": "Text",
      "length": null,
      "isSystem": true,
      "isReadOnly": false,
      "description": null,
      "multiplicity": {
        "lower": 1,
        "upper": 1
      },
      "aggregationKind": "None",
      "isSensitiveData": null,
      "dependsOnAttribute": null
    },
    {
      "name": "ExecuteSetup",
      "type": "Boolean",
      "length": null,
      "isSystem": false,
      "isReadOnly": false,
      "description": "",
      "multiplicity": {
        "lower": 0,
        "upper": 1
      },
      "aggregationKind": "None",
      "isSensitiveData": null,
      "dependsOnAttribute": ""
    },
    {
      "name": "ERPCompanyCode",
      "type": "Text",
      "length": null,
      "isSystem": false,
      "isReadOnly": false,
      "description": "",
      "multiplicity": {
        "lower": 1,
        "upper": 1
      },
      "aggregationKind": "None",
      "isSensitiveData": false,
      "dependsOnAttribute": ""
    },
    {
      "name": "ConnectorUsername",
      "type": "Text",
      "length": null,
      "isSystem": false,
      "isReadOnly": false,
      "description": "",
      "multiplicity": {
        "lower": 1,
        "upper": 1
      },
      "aggregationKind": "None",
      "isSensitiveData": false,
      "dependsOnAttribute": ""
    }
  ],
  "description": "",
  "dataBehaviours": [],
  "behaviourRuntime": "External",
  "entityBehaviours": [
    {
      "name": "Initializer",
      "type": "Initialize",
      "attribute": null,
      "expression": "if (this._Context.Operation.IsNew)\r\n    ExecuteSetup = true;\r\nelse\r\n    ExecuteSetup = false;\r\n\r\nGetConnector();\r\n    \r\nvoid GetConnector(){\r\n    var httpClient = this._Context.CreateApplicationHttpClient();\r\n    var primaveraResult = httpClient.GetAsync($\"Settings/Default/ERPPrimavera\").Result;\r\n\r\n    if (!primaveraResult.IsSuccessStatusCode) {\r\n        var message = SystemApplicationBehaviours.System_GetText(new Dictionary<string, object>{\r\n            {\"name\",\"PrimaveraSettingsNotFound\"},\r\n            {\"language\",_Context.Operation.Language}\r\n    });\r\n\r\n        throw new Exception(message[\"text\"]?.ToString());\r\n    }\r\n    this._connector = primaveraResult.Content.ReadAsAsync<SettingsDto>().Result.Connector;\r\n}",
      "description": ""
    },
    {
      "name": "AfterSave",
      "type": "AfterSave",
      "attribute": null,
      "expression": "            if (_Context.Operation.Action != Action.EntityCreate && _Context.Operation.Action != Action.EntityUpdate)\r\n                return AfterSaveMessage.Empty;\r\n\r\n            var httpClient = this._Context.CreateApplicationHttpClient();\r\n\r\n\r\n            var settingsDto = await GetPrimaveraSettings();\r\n\r\n            await ClearConnectionCache();\r\n\r\n            if (this.ExecuteSetup.HasValue && this.ExecuteSetup.Value)\r\n            {\r\n                var connectorRequest = await httpClient.PostAsJsonAsync($\"Behaviours/{this._code}/Primavera_SetupDataBase\", new { });\r\n\r\n                await Helpers.Helpers.EnsureSuccessApiResultAsync(this._Context, connectorRequest);\r\n\r\n                var connectorResult = await connectorRequest.Content.ReadAsAsync<Dictionary<string, object>>();\r\n\r\n                return new AfterSaveMessage(\"ERP database setup executed successfully.\", AfterSaveMessageType.Success);\r\n            }\r\n            return AfterSaveMessage.Empty;\r\n\r\n            async Task ClearConnectionCache()\r\n            {\r\n                if (!string.IsNullOrEmpty(this._code))\r\n                    await CallConnectorBehaviour(\"Primavera_ClearConnectionCache\", this._code, new Dictionary<string, object>() {\r\n                                {\"database\", $\"OMNIA_{settingsDto.DatabaseSuffix}\"},\r\n                                {\"instance\", settingsDto.DatabaseInstance}\r\n                });\r\n            }\r\n\r\n            //Execute Connector - side code to integrate with Primavera ERP\r\n            async Task<Dictionary<string, object>> CallConnectorBehaviour(string behaviour, string dataSource, Dictionary<string, object> data)\r\n            {\r\n                var connectorRequest = await httpClient.PostAsJsonAsync($\"Behaviours/{dataSource}/{behaviour}\", data);\r\n\r\n                await Helpers.Helpers.EnsureSuccessApiResultAsync(_Context, connectorRequest);\r\n\r\n                return await connectorRequest.Content.ReadAsAsync<Dictionary<string, object>>();\r\n            }\r\n\r\n            async Task<SettingsDto> GetPrimaveraSettings()\r\n            {\r\n                var primaveraResult = await httpClient.GetAsync($\"Settings/Default/ERPPrimavera\");\r\n                await Helpers.Helpers.EnsureSuccessApiResultAsync(_Context, primaveraResult);\r\n                return await primaveraResult.Content.ReadAsAsync<SettingsDto>();\r\n            }",
      "description": ""
    },
    {
      "name": "Formula_Code",
      "type": "Formula",
      "attribute": "_code",
      "expression": "return this.ERPCompanyCode;",
      "description": ""
    }
  ],
  "dataAccessRuntime": "External",
  "behaviourNamespaces": [],
  "executesInConnector": true,
  "behaviourDependencies": [
    {
      "name": "ErpBSFactory",
      "path": "",
      "type": "Expression",
      "version": null,
      "expression": "    using System;\r\n    using System.Collections.Concurrent;\r\n    using System.Collections.Generic;\r\n    using System.Net.Http;\r\n    using ErpBS100;\r\n    using Omnia.Libraries.Infrastructure.Behaviours;\r\n    using global::Primavera.Extensibility.Engine;\r\n    using StdPlatBS100;\r\n    using static StdBE100.StdBETipos;\r\n    using Microsoft.Extensions.Logging;\r\n    using System.Runtime.Caching;\r\n    using System.Threading.Tasks;\r\n\r\n    namespace ERP\r\n    {\r\n        public static class ErpBSFactory\r\n        {\r\n            private static MemoryCache _cache = MemoryCache.Default;\r\n\r\n            private static void RemovedCallbackErpBS(CacheEntryRemovedArguments arg)\r\n            {\r\n                if (arg.RemovedReason != CacheEntryRemovedReason.Removed)\r\n                {\r\n                    var item = arg.CacheItem.Value as Lazy<ErpBS>;\r\n\r\n                    if (item != null)\r\n                    {\r\n                        var erpBS = item.Value as ErpBS;\r\n\r\n                        if (erpBS != null)\r\n                        {\r\n                            try\r\n                            {\r\n                                erpBS.FechaEmpresaTrabalho();\r\n                                erpBS.FechaLigacaoBaseDados();\r\n                                erpBS.Dispose();\r\n                                GC.Collect();\r\n                            }\r\n                            catch (Exception ex)\r\n                            {\r\n                            }\r\n                        }\r\n                    }\r\n                    else\r\n                    {\r\n                    }\r\n                }\r\n            }\r\n            private static void RemovedCallbackStdPlatBS(CacheEntryRemovedArguments arg)\r\n            {\r\n                if (arg.RemovedReason != CacheEntryRemovedReason.Removed)\r\n                {\r\n                    var item = arg.CacheItem.Value as Lazy<StdPlatBS>;\r\n\r\n                    if (item != null)\r\n                    {\r\n                        var stdPlatBS = item.Value as StdPlatBS;\r\n\r\n                        if (stdPlatBS != null)\r\n                        {\r\n                            try\r\n                            {\r\n                                stdPlatBS.FechaPlataformaEmpresa();\r\n                                stdPlatBS.FechaPlataformaPRIEMPRE();\r\n                                stdPlatBS.FechaPlataforma();\r\n                                stdPlatBS.FechaLigacaoBaseDados();\r\n                                GC.Collect();\r\n                            }\r\n                            catch (Exception ex)\r\n                            {\r\n                            }\r\n                        }\r\n                    }\r\n                    else\r\n                    {\r\n                    }\r\n                }\r\n            }\r\n            private static T AddOrGetExisting<T>(string key, Func<T> valueFactory, CacheEntryRemovedCallback callBack)\r\n            {\r\n                try\r\n                {\r\n                    var newValue = new Lazy<T>(valueFactory);\r\n                    //var oldValue = _cache.AddOrGetExisting(key, newValue, new CacheItemPolicy() { SlidingExpiration = TimeSpan.FromMinutes(30), RemovedCallback = callBack }) as Lazy<T>;\r\n                    var oldValue = _cache.AddOrGetExisting(key, newValue, new CacheItemPolicy() { Priority = CacheItemPriority.NotRemovable, RemovedCallback = callBack }) as Lazy<T>;\r\n\r\n                    return (oldValue ?? newValue).Value;\r\n                }\r\n                catch (Exception ex)\r\n                {\r\n                     _cache.Remove(key);\r\n                    throw;\r\n                }\r\n            }\r\n\r\n            private static Task<ErpBS> GetErpBSAsync(string key, Context context, string company) => Task.FromResult(AddOrGetExisting<ErpBS>(key, () => InitErpBSAsync(key, context, company).ConfigureAwait(false).GetAwaiter().GetResult(), RemovedCallbackErpBS));\r\n            private static async Task<ErpBS> InitErpBSAsync(string key, Context context, string company)\r\n            {\r\n                 ErpBS bsERP = new ErpBS();\r\n\r\n                try\r\n                {\r\n                    var platformType = EnumTipoPlataforma.tpEmpresarial;\r\n                    var httpClient = context.CreateApplicationHttpClient();\r\n\r\n                    var primaveraResult = await httpClient.GetAsync($\"Settings/Default/ERPPrimavera\");\r\n\r\n                    var data = await primaveraResult.Content.ReadAsAsync<SettingsDto>();\r\n\r\n                    Enum.TryParse(data.PlatformType, out platformType);\r\n\r\n                    var decryptArgs = new Dictionary<string, object> { { \"EncryptedText\", data.Password } };\r\n                    var decrypted = await PrimaveraApplicationBehaviours.Primavera_DecryptAsync(decryptArgs);\r\n\r\n                    bsERP.AbreEmpresaTrabalho(platformType, company, data.Username, decrypted[\"DecryptedText\"].ToString(), null, data.DatabaseInstance);\r\n \r\n                    ExtensibilityService service = new ExtensibilityService();\r\n\r\n                    // Suppress all message box events from the API.\r\n                    // Plataforma.ExtensibilityLogger.AllowInteractivity = false;\r\n                    service.Initialize(bsERP);\r\n\r\n                    // Check if service is operational\r\n                    if (service.IsOperational)\r\n                    {\r\n                        // Inshore that all extensions are loaded.\r\n                        try\r\n                        {\r\n                            service.LoadExtensions();\r\n                        }\r\n                        catch (Exception ex)\r\n                        {\r\n                            throw ex;\r\n                        }\r\n                    }\r\n\r\n                    return bsERP;\r\n                }\r\n                catch (Exception ex)\r\n                {\r\n                    throw ex;\r\n                }\r\n            }\r\n            //{context.Authentication.Username}\r\n            public static async Task<ErpBS> GetErpBSCachAsync(string company, Context context) => await GetErpBSAsync($\"GetErpBSCachAsync{company}\", context, company);\r\n            public static async Task<ErpBS> GetErpBsAsync(Context context, string company = null) => await GetErpBSCachAsync(string.IsNullOrEmpty(company) ? context.Operation.DataSource : company, context);\r\n\r\n            private static Task<StdPlatBS> GetStdPlatBSAsync(string key, Context context, string company, string module) => Task.FromResult(AddOrGetExisting<StdPlatBS>(key, () => InitStdPlatBSAsync(key, context, company, module).ConfigureAwait(false).GetAwaiter().GetResult(), RemovedCallbackStdPlatBS));\r\n            private static async Task<StdPlatBS> InitStdPlatBSAsync(string key, Context context, string company, string module)\r\n            {\r\n                try\r\n                {\r\n\r\n                    var platformType = EnumTipoPlataforma.tpEmpresarial;\r\n\r\n                    var httpClient = context.CreateApplicationHttpClient();\r\n                    var primaveraResult = await httpClient.GetAsync($\"Settings/Default/ERPPrimavera\");\r\n\r\n                    var data = await primaveraResult.Content.ReadAsAsync<SettingsDto>();\r\n\r\n                    Enum.TryParse(data.PlatformType, out platformType);\r\n                    var decryptArgs = new Dictionary<string, object> { { \"EncryptedText\", data.Password } };\r\n                    var decrypted = await PrimaveraApplicationBehaviours.Primavera_DecryptAsync(decryptArgs);\r\n\r\n                    StdPlatBS bsPlat = new StdPlatBS();\r\n                    var conf = new StdBSConfApl\r\n                    {\r\n                        NomeAplicacao = \"\",\r\n                        AbvtApl = module,\r\n                        Instancia = data.DatabaseInstance,\r\n                        Utilizador = data.Username,\r\n                        PwdUtilizador = decrypted[\"DecryptedText\"].ToString(),\r\n                        LicVersaoMinima = \"10.00\"\r\n                    };\r\n\r\n                    bsPlat.AbrePlataformaEmpresa(company, null, conf, platformType);\r\n\r\n                    return bsPlat;\r\n                }\r\n                catch (Exception ex)\r\n                {\r\n                    throw ex;\r\n                }\r\n            }\r\n\r\n            //{context.Authentication.Username}\r\n            public static async Task<StdPlatBS> GetStdPlatBSCachAsync(string company, string module, Context context) => await GetStdPlatBSAsync($\"GetStdPlatBSCachAsync{company}\", context, company, module);\r\n            public static async Task<StdPlatBS> GetStdPlatBsAsync(string company, string module, Context context) => await GetStdPlatBSCachAsync(string.IsNullOrEmpty(company) ? context.Operation.DataSource : company, module, context);\r\n\r\n            private static System.Reflection.Assembly CurrentDomain_AssemblyResolve(object sender, ResolveEventArgs args)\r\n            {\r\n                string assemblyFullName = \"\";\r\n\r\n                try\r\n                {\r\n                    System.Reflection.AssemblyName assemblyName;\r\n\r\n                    string PRIMAVERA_FOLDER = System.IO.Path.GetFullPath(Environment.GetEnvironmentVariable(\"PERCURSOSGE100\"));\r\n                    if (string.IsNullOrEmpty(PRIMAVERA_FOLDER))\r\n                    {\r\n                        PRIMAVERA_FOLDER = System.IO.Path.GetFullPath(Environment.GetEnvironmentVariable(\"PERCURSOSGP100\"));\r\n                    }\r\n\r\n                    assemblyName = new System.Reflection.AssemblyName(args.Name);\r\n                    assemblyFullName = System.IO.Path.Combine(PRIMAVERA_FOLDER, assemblyName.Name + \".dll\");\r\n                }\r\n                catch (Exception e)\r\n                {\r\n                }\r\n\r\n                if (System.IO.File.Exists(assemblyFullName))\r\n                    return System.Reflection.Assembly.LoadFile(assemblyFullName);\r\n                else\r\n                    return null;\r\n            }\r\n        }\r\n    }",
      "description": "",
      "assemblyName": "",
      "executionLocation": "External"
    },
    {
      "name": "ErpBS100",
      "path": "%Programw6432%\\PRIMAVERA\\SG100\\Apl\\ErpBS100.dll",
      "type": "File",
      "version": null,
      "expression": "namespace CodeDependencies {\n    \n}",
      "description": "",
      "assemblyName": "ErpBS100",
      "executionLocation": "External"
    },
    {
      "name": "StdBE100",
      "path": "%Programw6432%\\PRIMAVERA\\SG100\\Apl\\StdBE100.dll",
      "type": "File",
      "version": null,
      "expression": "namespace CodeDependencies {\n    \n}",
      "description": "",
      "assemblyName": "StdBE100",
      "executionLocation": "External"
    },
    {
      "name": "StdPlatBS100",
      "path": "%Programw6432%\\PRIMAVERA\\SG100\\Apl\\StdPlatBS100.dll",
      "type": "File",
      "version": null,
      "expression": "namespace CodeDependencies {\n    \n}",
      "description": "",
      "assemblyName": "StdPlatBS100",
      "executionLocation": "External"
    },
    {
      "name": "IRhpBS100",
      "path": "%Programw6432%\\PRIMAVERA\\SG100\\Apl\\IRhpBS100.dll",
      "type": "File",
      "version": null,
      "expression": "namespace CodeDependencies {\n    \n}",
      "description": "",
      "assemblyName": "IRhpBS100",
      "executionLocation": "External"
    },
    {
      "name": "RhpBE100",
      "path": "%Programw6432%\\PRIMAVERA\\SG100\\Apl\\RhpBE100.dll",
      "type": "File",
      "version": null,
      "expression": "namespace CodeDependencies {\n    \n}",
      "description": "",
      "assemblyName": "RhpBE100",
      "executionLocation": "External"
    },
    {
      "name": "BasBE100",
      "path": "%Programw6432%\\PRIMAVERA\\SG100\\Apl\\BasBE100.dll",
      "type": "File",
      "version": null,
      "expression": "namespace CodeDependencies {\n    \n}",
      "description": "",
      "assemblyName": "BasBE100",
      "executionLocation": "External"
    },
    {
      "name": "CctBE100",
      "path": "%Programw6432%\\PRIMAVERA\\SG100\\Apl\\CctBE100.dll",
      "type": "File",
      "version": null,
      "expression": "namespace CodeDependencies {\n    \n}",
      "description": "",
      "assemblyName": "CctBE100",
      "executionLocation": "External"
    },
    {
      "name": "ICctBS100",
      "path": "%Programw6432%\\PRIMAVERA\\SG100\\Apl\\ICctBS100.dll",
      "type": "File",
      "version": null,
      "expression": "namespace CodeDependencies {\n    \n}",
      "description": "",
      "assemblyName": "ICctBS100",
      "executionLocation": "External"
    },
    {
      "name": "IBasBS100",
      "path": "%Programw6432%\\PRIMAVERA\\SG100\\Apl\\IBasBS100.dll",
      "type": "File",
      "version": null,
      "expression": "namespace CodeDependencies {\n    \n}",
      "description": "",
      "assemblyName": "IBasBS100",
      "executionLocation": "External"
    },
    {
      "name": "TesBE100",
      "path": "%Programw6432%\\PRIMAVERA\\SG100\\Apl\\TesBE100.dll",
      "type": "File",
      "version": null,
      "expression": "namespace CodeDependencies {\n    \n}",
      "description": "",
      "assemblyName": "TesBE100",
      "executionLocation": "External"
    },
    {
      "name": "ITesBS100",
      "path": "%Programw6432%\\PRIMAVERA\\SG100\\Apl\\ITesBS100.dll",
      "type": "File",
      "version": null,
      "expression": "namespace CodeDependencies {\n    \n}",
      "description": "",
      "assemblyName": "ITesBS100",
      "executionLocation": "External"
    },
    {
      "name": "ErpSqlExecute",
      "path": "",
      "type": "Expression",
      "version": null,
      "expression": "namespace Erp\r\n{\r\n    using System.Data.Common;\r\n    using System;\r\n    using ErpBS100;\r\n    using StdPlatBS100;\r\n    using static StdBE100.StdBETipos;\r\n\r\n    public static class ErpSqlExecute\r\n    {\r\n        public static void ExecuteSql(ErpBS erpBs, string query)\r\n        {\r\n            var dbCommand = erpBs.DSO.BDAPL.CreateCommand();\r\n            dbCommand.CommandText = query;\r\n            dbCommand.ExecuteNonQuery();\r\n        }\r\n    }\r\n}",
      "description": "",
      "assemblyName": "",
      "executionLocation": "External"
    },
    {
      "name": "ErpDS100",
      "path": "%Programw6432%\\PRIMAVERA\\SG100\\Apl\\ErpDS100.dll",
      "type": "File",
      "version": null,
      "expression": "namespace CodeDependencies {\n    \n}",
      "description": "",
      "assemblyName": "ErpDS100",
      "executionLocation": "External"
    },
    {
      "name": "IntBE100",
      "path": "%Programw6432%\\PRIMAVERA\\SG100\\Apl\\IntBE100.dll",
      "type": "File",
      "version": null,
      "expression": "namespace CodeDependencies {\n    \n}",
      "description": "",
      "assemblyName": "IntBE100",
      "executionLocation": "External"
    },
    {
      "name": "IIntBS100",
      "path": "%Programw6432%\\PRIMAVERA\\SG100\\Apl\\IIntBS100.dll",
      "type": "File",
      "version": null,
      "expression": "namespace CodeDependencies {\n    \n}",
      "description": "",
      "assemblyName": "IIntBS100",
      "executionLocation": "External"
    },
    {
      "name": "ICmpBS100",
      "path": "%Programw6432%\\PRIMAVERA\\SG100\\Apl\\ICmpBS100.dll",
      "type": "File",
      "version": null,
      "expression": "namespace CodeDependencies {\n    \n}",
      "description": "",
      "assemblyName": "ICmpBS100",
      "executionLocation": "External"
    },
    {
      "name": "CmpBE100",
      "path": "%Programw6432%\\PRIMAVERA\\SG100\\Apl\\CmpBE100.dll",
      "type": "File",
      "version": null,
      "expression": "namespace CodeDependencies {\n    \n}",
      "description": "",
      "assemblyName": "CmpBE100",
      "executionLocation": "External"
    },
    {
      "name": "VndBE100",
      "path": "%Programw6432%\\PRIMAVERA\\SG100\\Apl\\VndBE100.dll",
      "type": "File",
      "version": null,
      "expression": "namespace CodeDependencies {\n    \n}",
      "description": "",
      "assemblyName": "VndBE100",
      "executionLocation": "External"
    },
    {
      "name": "VndBS100",
      "path": "%Programw6432%\\PRIMAVERA\\SG100\\Apl\\VndBS100.dll",
      "type": "File",
      "version": null,
      "expression": "namespace CodeDependencies {\n    \n}",
      "description": "",
      "assemblyName": "VndBS100",
      "executionLocation": "External"
    },
    {
      "name": "ErpDocumentCompraFactory",
      "path": "",
      "type": "Expression",
      "version": null,
      "expression": "namespace ERP\r\n    {\r\n        using System;\r\n        using System.Collections.Concurrent;\r\n        using Omnia.Libraries.Infrastructure.Behaviours;\r\n        using CmpBE100;\r\n\r\n        public sealed class ErpDocumentoCompraFactory\r\n        {\r\n            private static readonly ConcurrentDictionary<string, Lazy<CmpBEDocumentoCompra>> _erpDocCompraCache = new ConcurrentDictionary<string, Lazy<CmpBEDocumentoCompra>>();\r\n\r\n            private ErpDocumentoCompraFactory()\r\n            {\r\n\r\n            }\r\n\r\n            public static ErpDocumentoCompraFactory Instance { get; } = new ErpDocumentoCompraFactory();\r\n\r\n            public CmpBEDocumentoCompra GetDocumentoCompra(string guid)\r\n            {\r\n                var resolver = _erpDocCompraCache.GetOrAdd(guid,\r\n                    new Lazy<CmpBEDocumentoCompra>(() =>\r\n                    {\r\n                        CmpBEDocumentoCompra docCompra = new CmpBEDocumentoCompra();\r\n\r\n                        return docCompra;\r\n\r\n                    }));\r\n\r\n                return resolver.Value;\r\n            }\r\n        }\r\n    }",
      "description": "",
      "assemblyName": "",
      "executionLocation": "External"
    },
    {
      "name": "IVndBS100",
      "path": "%Programw6432%\\PRIMAVERA\\SG100\\Apl\\IVndBS100.dll",
      "type": "File",
      "version": null,
      "expression": "namespace CodeDependencies {\n    \n}",
      "description": "",
      "assemblyName": "IVndBS100",
      "executionLocation": "External"
    },
    {
      "name": "PrimaveraExtensibilityEngine",
      "path": "%Programw6432%\\PRIMAVERA\\SG100\\Apl\\Primavera.Extensibility.Engine.dll",
      "type": "File",
      "version": null,
      "expression": "namespace CodeDependencies {\n    \n}",
      "description": "",
      "assemblyName": "Primavera.Extensibility.Engine",
      "executionLocation": "External"
    },
    {
      "name": "PrimaveraExtensibilityPatterns",
      "path": "%Programw6432%\\PRIMAVERA\\SG100\\Apl\\Primavera.Extensibility.Patterns.dll",
      "type": "File",
      "version": null,
      "expression": "namespace CodeDependencies {\n    \n}",
      "description": "",
      "assemblyName": "Primavera.Extensibility.Patterns",
      "executionLocation": "External"
    },
    {
      "name": "PrimaveraExtensibilityPlatform",
      "path": "%Programw6432%\\PRIMAVERA\\SG100\\Apl\\Primavera.Extensibility.Platform.dll",
      "type": "File",
      "version": null,
      "expression": "namespace CodeDependencies {\n    \n}",
      "description": "",
      "assemblyName": "Primavera.Extensibility.Platform",
      "executionLocation": "External"
    },
    {
      "name": "SystemRuntimeCaching",
      "path": "System.Runtime.Caching.dll",
      "type": "File",
      "version": null,
      "expression": "namespace CodeDependencies {\n    \n}",
      "description": "",
      "assemblyName": "System.Runtime.Caching",
      "executionLocation": "External"
    },
    {
      "name": "InvBEEncargosConverter",
      "path": "",
      "type": "Expression",
      "version": null,
      "expression": "using Newtonsoft.Json;\nusing InvBE100;\nusing Newtonsoft.Json.Linq;\nusing System.Collections.Generic;\nusing System.Linq;\nusing System;\n\nnamespace ERP {\n    public class InvBEEncargosConverter : JsonConverter\n        {\n            public override bool CanConvert(Type objectType)\n            {\n                return (objectType == typeof(InvBEEncargos));\n            }\n\n            public override object ReadJson(JsonReader reader, Type objectType, object existingValue, JsonSerializer serializer)\n            {\n                JArray jo = JArray.Load(reader);\n                InvBEEncargos enc = new InvBEEncargos();\n                if (jo.Count > 0)\n                    return jo.ToObject<IEnumerable<InvBEEncargo>>(serializer).ToList()[0];\n\n                return enc;\n            }\n\n            public override bool CanWrite\n            {\n                get { return false; }\n            }\n\n            public override void WriteJson(JsonWriter writer, object value, JsonSerializer serializer)\n            {\n                throw new NotImplementedException();\n            }\n        }\n}",
      "description": "",
      "assemblyName": "",
      "executionLocation": "External"
    },
    {
      "name": "InvBE100",
      "path": "%Programw6432%\\PRIMAVERA\\SG100\\Apl\\InvBE100.dll",
      "type": "File",
      "version": null,
      "expression": "namespace CodeDependencies {\n    \n}",
      "description": "",
      "assemblyName": "InvBE100",
      "executionLocation": "External"
    },
    {
      "name": "PrimaveraSupportNetSupport",
      "path": "%Programw6432%\\PRIMAVERA\\SG100\\Apl\\PrimaveraSupportNetSupport.dll",
      "type": "File",
      "version": null,
      "expression": "namespace CodeDependencies {\n    \n}",
      "description": "",
      "assemblyName": "PrimaveraSupportNetSupport",
      "executionLocation": "External"
    },
    {
      "name": "Helpers",
      "path": "",
      "type": "Expression",
      "version": null,
      "expression": "    namespace Helpers\n    {\n        using Newtonsoft.Json;\n        using Omnia.Libraries.Infrastructure.Behaviours;\n        using System;\n        using System.Collections.Generic;\n        using System.Net;\n        using System.Net.Http;\n        using System.Threading.Tasks;\n        public static class Helpers\n        {\n            public static object LockPrint = new object();\n\n            public static void SendError(Context context, string translation, object[] parameters = null) => SendErrorAsync(context, translation, parameters).ConfigureAwait(false).GetAwaiter().GetResult();\n            public static async Task SendErrorAsync(Context context, string translation, object[] parameters = null) => throw new Exception(await GetTextAsync(context, translation, parameters));\n\n            public static async Task<string> GetTextAsync(Context context, string translation, object[] parameters = null)\n            {\n                var translationParameters = new Dictionary<string, object> { { \"name\", translation }, { \"language\", context.Operation.Language } };\n\n                if (parameters != null)\n                    translationParameters.Add(\"parameters\", parameters);\n\n                var exceptionMessageText = await PrimaveraApplicationBehaviours.Primavera_GetTextAsync(translationParameters);\n\n                return exceptionMessageText[\"text\"]?.ToString();\n            }\n\n            public static async Task<object> getArgValueAsync(Context context, IDictionary<string, object> args, string key, string display = null)\n            {\n                if (!args.ContainsKey(key))\n                    await SendErrorAsync(context, \"ArgumentNotSpecified\", new object[] { display ?? key });\n\n                return args[key];\n            }\n\n            public static async Task EnsureSuccessApiResultAsync(HttpResponseMessage requestResult, Context context, string message = \"\")\n            {\n                if (requestResult.IsSuccessStatusCode) return;\n\n                switch (requestResult.StatusCode)\n                {\n                    case HttpStatusCode.Forbidden:\n                        {\n                            var error = await GetTextAsync(context, \"Forbidden\");\n                            throw new Exception(ComposeResponseMessage($\"{error} '{requestResult.RequestMessage.RequestUri.AbsolutePath}'\"));\n                        }\n                    case HttpStatusCode.NotFound:\n                        {\n                            var error = await GetTextAsync(context, \"NotFound\");\n                            throw new Exception(ComposeResponseMessage(error));\n                        }\n                    default:\n                        var resultText = await requestResult.Content.ReadAsStringAsync();\n                        var resultObject = JsonConvert.DeserializeObject<Dictionary<string, object>>(resultText);\n\n                        throw new Exception(ComposeResponseMessage(resultObject[\"message\"]?.ToString()));\n                }\n\n                string ComposeResponseMessage(string errorMessage)\n                {\n                    var concatenatedMessage = string.IsNullOrEmpty(message) ? $\"{message}: \" : string.Empty;\n                    concatenatedMessage += errorMessage;\n                    return concatenatedMessage;\n                }\n            }\n\n            public static async Task<(bool, string)> SendEmail(Context context, string sendTo, string subject, string body, string dataSource)\n            {\n                HttpClient httpClient = context.CreateApplicationHttpClient();\n\n                if (!string.IsNullOrEmpty(sendTo))\n                {\n                    var emailArguments = new Dictionary<string, object> { { \"Email\", sendTo }, { \"Subject\", subject }, { \"Body\", body } };\n                    try\n                    {\n                        var resultEmail = await httpClient.PostAsJsonAsync($\"behaviours/{dataSource}/SendEmailNotification\", emailArguments);\n                        await EnsureSuccessApiResultAsync(resultEmail, context);\n                        if (resultEmail == null)\n                            await Helpers.SendErrorAsync(context, \"ErrorBehaviourCall\", new object[] { \"SendEmailNotification\" });\n                        return (true, await GetTextAsync(context, \"EmailSent\"));\n                    }\n                    catch (Exception ex)\n                    {\n                        return (false, ex.Message);\n                    }\n                }\n                return (false, await GetTextAsync(context, \"EmailNotSent\"));\n            }\n        }\n    }",
      "description": "",
      "assemblyName": "",
      "executionLocation": "External"
    },
    {
      "name": "PrimaveraConnectionHelper",
      "path": "",
      "type": "Expression",
      "version": null,
      "expression": "    using Microsoft.Extensions.Logging;\n    using Omnia.Libraries.Infrastructure.Behaviours;\n    using System;\n    using System.Threading.Tasks;\n\n    namespace ERP\n    {\n        public static class Connection\n        {\n            public static string GetConnectionString(Context context, string baseDados, string instancia) => GetConnectionStringAsync(context, baseDados, instancia).ConfigureAwait(false).GetAwaiter().GetResult();\n            public static async Task<string> GetConnectionStringAsync(Context context, string baseDados, string instancia)\n            {\n                var cache = context.CreateCacheClient();\n                var logger = context.Services.GetService<ILogger<Context>>();\n                logger.LogInformation($\"GetConnectionString: {baseDados}/{instancia}\");\n\n                var connectionString = await cache.GetAsync<string>($\"{baseDados}_{instancia}\");\n\n                if (string.IsNullOrEmpty(connectionString))\n                {\n                    try\n                    {\n                        StdPlatBS100.StdPlatBS bsPlat = await OpenPlatformAsync(context.Operation.DataSource, \"RHP\", context);\n                        if (bsPlat is null)\n                            throw new Exception(\"Unable to open platform\");\n                        \n                        logger.LogInformation($\"GetConnectionString: DaConnectionString {baseDados}/{instancia}\");\n                        connectionString = bsPlat.BaseDados.DaConnectionString(baseDados, instancia);\n                        if (!string.IsNullOrEmpty(connectionString))\n                            await cache.SetAsync($\"{baseDados}_{instancia}\", connectionString);\n                        else\n                            throw new Exception();\n                    }\n                    catch (Exception ex)\n                    {\n                        logger.LogError(ex, $\"Error getting connection string for database {baseDados} in instance {instancia}\");\n                        throw new Exception($\"Could not get connection string for database {baseDados} in instance {instancia}\");\n                    }\n\n                    logger.LogInformation($\"GetConnectionString: {baseDados}/{instancia}: Set Cache\");\n                }\n\n                return connectionString;\n            }\n\n            public static async Task RemoveConnectionStringAsync(Context context, string baseDados, string instancia)\n            {\n                var cache = context.CreateCacheClient();\n                await cache.RemoveAsync($\"{baseDados}_{instancia}\");\n            }\n\n            public static ErpBS100.ErpBS OpenCompany(string company, Context context) => OpenCompanyAsync(company, context).ConfigureAwait(false).GetAwaiter().GetResult();\n            public static async Task<ErpBS100.ErpBS> OpenCompanyAsync(string company, Context context)\n            {\n                string erpCompany;\n                if (context.Operation.DataSourceType.Equals(\"Primavera\", StringComparison.InvariantCultureIgnoreCase))\n                    erpCompany = context.Operation.DataSource;\n                else\n                    erpCompany = company;\n\n                try { return await ErpBSFactory.GetErpBSCachAsync(erpCompany, context); }\n                catch (Exception ex) { await Helpers.Helpers.SendErrorAsync(context, \"ErrorOpeningCompany\", new object[] { $\"{erpCompany} - {ex.Message}\" }); }\n                return null;\n            }\n\n            public static StdPlatBS100.StdPlatBS OpenPlatform(string company, string module, Context context = null) => null;\n            public static async Task<StdPlatBS100.StdPlatBS> OpenPlatformAsync(string company, string module, Context context = null)\n            {\n                string erpCompany;\n                if (context.Operation.DataSourceType.Equals(\"Primavera\", StringComparison.InvariantCultureIgnoreCase))\n                    erpCompany = context.Operation.DataSource;\n                else\n                    erpCompany = company;\n\n                try { return await ErpBSFactory.GetStdPlatBSCachAsync(erpCompany, module, context); }\n                catch (Exception ex) { await Helpers.Helpers.SendErrorAsync(context, \"ErrorOpeningPlatform\", new object[] { ex.Message }); }\n                return null;\n            }\n        }\n    }\n",
      "description": "",
      "assemblyName": "",
      "executionLocation": "External"
    },
    {
      "name": "SettingsCache",
      "path": "",
      "type": "Expression",
      "version": null,
      "expression": "\tusing global::System;\n    using global::System.Net.Http;\n    using global::System.Threading.Tasks;\n    using Microsoft.Extensions.Logging;\n    using Newtonsoft.Json;\n    using Omnia.Libraries.Infrastructure.Behaviours;\n    using System.Collections.Generic;\n\n    namespace Cache\n    {\n        public sealed class SettingsCache\n        {\n            public static async Task<SettingsDto> GetSettingsAsync(Context context)\n            {                \n                var cache = context.CreateCacheClient();\n                var settings = await cache.GetAsync<SettingsDto>($\"OmniaDatabaseSettings\");\n                if (settings == null)\n                {\n                    var httpClient = context.CreateApplicationHttpClient();\n                    var requestResult = await httpClient.PostAsJsonAsync($\"behaviours/Default/System_GetSettings\", new { });\n\n                    await Helpers.Helpers.EnsureSuccessApiResultAsync(requestResult, context);\n\n                    var settingsDictionary = JsonConvert.DeserializeObject<Dictionary<string, object>>(await requestResult.Content.ReadAsStringAsync());\n                    if (!settingsDictionary.ContainsKey(\"settingsList\"))\n                        throw new Exception(\"Missing 'settingsList'!\");\n\n                    settings = JsonConvert.DeserializeObject<SettingsDto>(settingsDictionary[\"settingsList\"].ToString());\n\n                    if (settings == null)\n                        throw new Exception(\"Settings Missing\");\n\n                    await cache.SetAsync($\"OmniaDatabaseSettings\", settings);\n                }\n                return settings;\n            }\n\n            public static async Task RemoveSettingsAsync(Context context)\n            {\n                var cache = context.CreateCacheClient();\n                await cache.RemoveAsync($\"OmniaDatabaseSettings\");\n            }\n        }\n    }",
      "description": "",
      "assemblyName": "",
      "executionLocation": "External"
    },
    {
      "name": "ReadEntities",
      "path": "",
      "type": "Expression",
      "version": null,
      "expression": "    namespace ERP\n    {\n        using Omnia.Libraries.Infrastructure.Behaviours;\n        using System;\n        using System.Collections.Generic;\n        using System.Data.SqlClient;\n        using System.Net.Http;\n        using StdBE100;\n        using ErpBS100;\n        using System.Text;\n        using Omnia.Libraries.Infrastructure.Behaviours.Query;\n        using Microsoft.Extensions.Logging;\n        using Newtonsoft.Json;\n        using System.Threading.Tasks;\n\n        public class Entities\n        {\n            public static async Task<List<IDictionary<string, object>>> QueryERP(string dataSource, string query, Context context)\n            {\n                var queryData = new ListQueryDefinition()\n                {\n                    ErpCompany = dataSource,\n                    QueryString = query,\n                    IsPaginatedQuery = false,\n                    IsOmniaDbQuery = true\n                };\n\n                var queryResult = await ReadListAsync(queryData, context);\n                return queryResult.Data;\n            }\n            public static ReadListResult ReadList(ListQueryDefinition queryDefinition, Context context) => ReadListAsync(queryDefinition, context).GetAwaiter().GetResult();\n            public static async Task<ReadListResult> ReadListAsync(ListQueryDefinition queryDefinition, Context context)\n            {\n                ReadListResult result = new ReadListResult();\n                var data = new List<IDictionary<string, object>>();\n\n                if (queryDefinition.Page == 0 && queryDefinition.IsPaginatedQuery)\n                    throw new Exception(\"Page was not sent\");\n\n                if (string.IsNullOrEmpty(queryDefinition.KeyParameter) && queryDefinition.IsPaginatedQuery)\n                    throw new Exception(\"Key Parameter was not sent\");\n\n                var DeclareVar = queryDefinition.DeclareVar;\n\n                var filterSql = new StringBuilder();\n                var sortSql = new StringBuilder();\n\n\n                if (queryDefinition.QueryContext != null)\n                {\n                    queryDefinition.QueryString = queryDefinition.QueryContext.QueryDefinition?.Expression;\n                    BuildFilter(queryDefinition.QueryContext.Filter);\n                    BuildSort();\n\n                    foreach (var parameter in queryDefinition.QueryContext.Parameters)\n                        queryDefinition.Parameters.Add(parameter.Name, parameter.Value?.ToString());\n                }\n\n                if (string.IsNullOrEmpty(queryDefinition.QueryString))\n                    throw new ArgumentNullException(\"Missing query to execute ReadList\");\n\n                if (queryDefinition.IsOmniaDbQuery && !queryDefinition.Parameters.ContainsKey(\"PRIMAVERA_COMPANY\"))\n                    queryDefinition.Parameters.Add(\"PRIMAVERA_COMPANY\", queryDefinition.ErpCompany);\n\n                // Apply parameters\n                foreach (var entry in queryDefinition.Parameters)\n                    queryDefinition.QueryString = queryDefinition.QueryString.Replace($\"@{entry.Key}@\", entry.Value);\n\n                var filterSqlAsString = filterSql.ToString();\n\n                string query = $\"{DeclareVar} {queryDefinition.QueryString}\";\n\n                if (queryDefinition.IsPaginatedQuery)\n                {\n                    query = $\"{DeclareVar} SELECT * FROM \" +\n        \"(SELECT Count(@OMNIA_QUERYKEYPARAMETER@) over() as _OMNIA_NUMBER_OF_ROWS_, ROW_NUMBER() OVER(ORDER BY @OMNIA_QUERYSORT@) AS _OMNIA_ROW_NUMBER_, INNER_TBL.* FROM ( \" +\n        \"@OMNIA_QUERY@ \" +\n        \") AS INNER_TBL \" +\n        (string.IsNullOrEmpty(filterSqlAsString) ? \"\" : \"WHERE (\" + filterSql.ToString() + \") \") +\n        \") AS TBL \" +\n        \"WHERE _OMNIA_ROW_NUMBER_ BETWEEN ((@OMNIA_PAGE@ - 1) * @OMNIA_ROWS@ + 1) AND (@OMNIA_PAGE@ * @OMNIA_ROWS@) \";\n\n\n                    query = query.Replace(\"@OMNIA_QUERY@\", queryDefinition.QueryString)\n                        .Replace(\"@OMNIA_PAGE@\", queryDefinition.Page.ToString())\n                        .Replace(\"@OMNIA_ROWS@\", queryDefinition.Rows.ToString())\n                        .Replace(\"@OMNIA_QUERYKEYPARAMETER@\", queryDefinition.KeyParameter.ToString())\n                        .Replace(\"@OMNIA_QUERYSORT@\", OrderByClause());\n                }\n\n                await QueryDatabase(queryDefinition.IsOmniaDbQuery);\n                return result;\n\n                async Task QueryDatabase(bool isOmniaDbQuery)\n                {\n                    var (OmniaDatabaseSuffix, ConnectionString) = await GetConnectionString(context, isOmniaDbQuery, queryDefinition.ErpCompany);\n\n                    int numberOfRecords = 0;\n\n                    query = query.Replace(\"OMNIA_suffix.dbo\", OmniaDatabaseSuffix + \".dbo\");\n\n                    using (SqlConnection connection = new SqlConnection(ConnectionString))\n                    {\n                        await connection.OpenAsync();\n                        using (SqlCommand command = new SqlCommand(query, connection))\n                        using (SqlDataReader dataReader = await command.ExecuteReaderAsync())\n                        {\n                            if (dataReader.HasRows)\n                            {\n                                while (await dataReader.ReadAsync())\n                                {\n                                    if (!queryDefinition.IsPaginatedQuery)\n                                        numberOfRecords++;\n                                    else if (numberOfRecords == 0)\n                                        numberOfRecords = Convert.ToInt32(dataReader[\"_OMNIA_NUMBER_OF_ROWS_\"]);\n\n                                    Dictionary<string, object> entityData = new Dictionary<string, object>();\n                                    for (short j = 0; j < dataReader.FieldCount; j++)\n                                    {\n                                        var nome = dataReader.GetName(j);\n                                        if (!nome.Equals(\"_OMNIA_NUMBER_OF_ROWS_\") && !nome.Equals(\"_OMNIA_ROW_NUMBER_\"))\n                                            entityData.Add(nome, dataReader[nome]);\n                                    }\n                                    data.Add(entityData);\n                                }\n                            }\n                        }\n                    }\n\n                    result.NumberOfRecords = numberOfRecords;\n                    result.Data = data;\n                }\n\n                string OrderByClause()\n                {\n                    var sortSqlText = sortSql.ToString();\n\n                    if (!string.IsNullOrEmpty(sortSqlText))\n                        return sortSqlText;\n\n                    if (string.IsNullOrEmpty(queryDefinition.QuerySort))\n                        return queryDefinition.KeyParameter.ToString();\n\n                    return queryDefinition.QuerySort;\n                }\n\n                void BuildFilter(QueryRequestFilter queryFilter)\n                {\n                    if (queryFilter == null) return;\n\n                    switch (queryFilter)\n                    {\n                        case UnaryQueryRequestFilter unaryFilter:\n                            {\n                                filterSql.Append(unaryFilter.Path);\n\n                                if (unaryFilter.Value == null)\n                                {\n                                    filterSql.Append(\" IS NULL \");\n                                    break;\n                                }\n\n                                switch (unaryFilter.Operator)\n                                {\n                                    case QueryComparisonOperator.EqualTo:\n                                        filterSql.Append(\" = \");\n                                        break;\n                                    case QueryComparisonOperator.GreaterThan:\n                                        filterSql.Append(\" > \");\n                                        break;\n                                    case QueryComparisonOperator.LessThan:\n                                        filterSql.Append(\" < \");\n                                        break;\n                                    case QueryComparisonOperator.GreaterThanOrEqualTo:\n                                        filterSql.Append(\" >= \");\n                                        break;\n                                    case QueryComparisonOperator.LessThanOrEqualTo:\n                                        filterSql.Append(\" <= \");\n                                        break;\n                                    case QueryComparisonOperator.NotEqualTo:\n                                        filterSql.Append(\" <> \");\n                                        break;\n                                    case QueryComparisonOperator.Like:\n                                        filterSql.Append(\" LIKE CONCAT('%', \");\n                                        break;\n                                    default:\n                                        throw new ArgumentOutOfRangeException();\n                                }\n\n                                switch (unaryFilter.Value)\n                                {\n                                    case string s:\n                                        filterSql.Append($\"'{s}'\");\n                                        break;\n                                    case DateTime d:\n                                        filterSql.Append($\"'{d.ToString(\"yyyy-MM-dd\")}'\");\n                                        break;\n                                    case bool b:\n                                        filterSql.Append($\"{Convert.ToInt32(b)}\");\n                                        break;\n                                    default:\n                                        filterSql.Append(unaryFilter.Value);\n                                        break;\n                                };\n\n                                if (unaryFilter.Operator.Equals(QueryComparisonOperator.Like))\n                                    filterSql.Append(\", '%')\");\n\n                            }\n                            break;\n\n                        case BinaryQueryRequestFilter binaryFilter:\n                            {\n                                filterSql.Append('(');\n                                BuildFilter(binaryFilter.Left);\n\n                                switch (binaryFilter.Operator)\n                                {\n                                    case QueryLogicalOperator.And:\n                                        filterSql.Append(\" AND \");\n                                        break;\n                                    case QueryLogicalOperator.Or:\n                                        filterSql.Append(\" OR \");\n                                        break;\n                                    default:\n                                        throw new ArgumentOutOfRangeException();\n                                }\n\n                                BuildFilter(binaryFilter.Right);\n                                filterSql.Append(')');\n                            }\n                            break;\n                    }\n                }\n\n                void BuildSort()\n                {\n                    if (queryDefinition.QueryContext.Sort == null || queryDefinition.QueryContext.Sort.Length == 0) return;\n\n                    for (var i = 0; i < queryDefinition.QueryContext.Sort.Length; i++)\n                    {\n                        if (i > 0)\n                            sortSql.Append(\", \");\n\n                        sortSql.Append(queryDefinition.QueryContext.Sort[i].Property)\n                            .Append(\" \");\n\n                        switch (queryDefinition.QueryContext.Sort[i].Direction)\n                        {\n                            case QuerySort.Ascend:\n                                sortSql.Append(\"ASC\");\n                                break;\n                            case QuerySort.Descend:\n                                sortSql.Append(\"DESC\");\n                                break;\n                            default:\n                                throw new ArgumentOutOfRangeException();\n                        }\n                    }\n                }\n            }\n\n            public static IDictionary<string, object> Read(ListQueryDefinition queryDefinition, Context context) => ReadAsync(queryDefinition, context).GetAwaiter().GetResult();\n            public static async Task<IDictionary<string, object>> ReadAsync(ListQueryDefinition queryDefinition, Context context)\n            {\n                return await QueryDatabase(queryDefinition.IsOmniaDbQuery);\n\n                async Task<Dictionary<string, object>> QueryDatabase(bool isOmniaDbQuery)\n                {\n                    var (databaseSuffix, connectionString) = await GetConnectionString(context, isOmniaDbQuery, queryDefinition.ErpCompany);\n                    var query = queryDefinition.QueryString.Replace(\"OMNIA_suffix.dbo\", databaseSuffix + \".dbo\");\n                    Dictionary<string, object> entityData = new Dictionary<string, object>();\n                    using (SqlConnection connection = new SqlConnection(connectionString))\n                    {\n                        await connection.OpenAsync();\n                        using (SqlCommand command = new SqlCommand(query, connection))\n                        using (SqlDataReader dataReader = await command.ExecuteReaderAsync())\n                        {\n                            if (dataReader.HasRows)\n                            {\n                                await dataReader.ReadAsync();\n                                for (short j = 0; j < dataReader.FieldCount; j++)\n                                {\n                                    var nome = dataReader.GetName(j);\n                                    entityData.Add(nome, dataReader[nome]);\n                                }\n                            }\n                            else\n                                await Helpers.Helpers.SendErrorAsync(context, \"NoResultsFound\");\n                        }\n                    }\n                    return entityData;\n                }\n            }\n\n            private static async Task<(string OmniaDatabaseSuffix, string ConnectionString)> GetConnectionString(Context context, bool isOmniaDbQuery, string erpCompany)\n            {\n                string databaseName;\n                var settingsDto = await Cache.SettingsCache.GetSettingsAsync(context);\n\n                if (isOmniaDbQuery)\n                    databaseName = $\"OMNIA_{settingsDto.DatabaseSuffix}\";\n                else\n                    databaseName = $\"PRI{(string.IsNullOrEmpty(erpCompany) ? context.Operation.DataSource : erpCompany)}\";\n\n                return ($\"OMNIA_{settingsDto.DatabaseSuffix}\", await Connection.GetConnectionStringAsync(context, databaseName, settingsDto.DatabaseInstance));\n            }\n        }\n\n        public class ReadListResult\n        {\n            public int NumberOfRecords { get; set; }\n            public List<IDictionary<string, object>> Data { get; set; }\n        }\n\n        public class ListQueryDefinition\n        {\n            public string ErpCompany { get; set; }\n            public QueryContext QueryContext { get; set; }\n            public string QueryString { get; set; }\n            public string QuerySort { get; set; }\n            public int? Page { get; set; } = 0;\n            public int? Rows { get; set; } = 25;\n            public string KeyParameter { get; set; }\n            public string DeclareVar { get; set; }\n            public bool IsOmniaDbQuery { get; set; } = false;\n            public bool IsPaginatedQuery { get; set; } = true;\n            public Dictionary<string, string> Parameters { get; set; } = new Dictionary<string, string>();\n        }\n    }",
      "description": "",
      "assemblyName": "",
      "executionLocation": "External"
    }
  ]
}