{
  "name": "System",
  "attributes": [
    {
      "name": "_code",
      "type": "Text",
      "length": null,
      "isSystem": true,
      "isReadOnly": false,
      "description": null,
      "multiplicity": {
        "lower": 1,
        "upper": 1
      },
      "aggregationKind": "None",
      "isSensitiveData": null,
      "dependsOnAttribute": null
    },
    {
      "name": "_name",
      "type": "Text",
      "length": null,
      "isSystem": true,
      "isReadOnly": false,
      "description": null,
      "multiplicity": {
        "lower": 1,
        "upper": 1
      },
      "aggregationKind": "None",
      "isSensitiveData": null,
      "dependsOnAttribute": null
    },
    {
      "name": "_description",
      "type": "Text",
      "length": null,
      "isSystem": true,
      "isReadOnly": false,
      "description": null,
      "multiplicity": {
        "lower": 0,
        "upper": 1
      },
      "aggregationKind": "None",
      "isSensitiveData": null,
      "dependsOnAttribute": null
    },
    {
      "name": "_inactive",
      "type": "Boolean",
      "length": null,
      "isSystem": true,
      "isReadOnly": false,
      "description": null,
      "multiplicity": {
        "lower": 1,
        "upper": 1
      },
      "aggregationKind": "None",
      "isSensitiveData": null,
      "dependsOnAttribute": null
    }
  ],
  "description": "Default DataSource",
  "dataBehaviours": [],
  "behaviourRuntime": "Internal",
  "entityBehaviours": [],
  "dataAccessRuntime": "Internal",
  "behaviourNamespaces": [],
  "executesInConnector": false,
  "behaviourDependencies": [
    {
      "name": "MemoryCache",
      "path": "",
      "type": "Expression",
      "version": null,
      "expression": "    using Omnia.Libraries.Infrastructure.Behaviours;\r\n    using global::System;\r\n    using global::System.Collections.Concurrent;\r\n    using global::System.Collections.Generic;\r\n    using global::System.Net.Http;\r\n    using global::System.Threading.Tasks;\r\n\r\n    namespace Cache\r\n    {\r\n        public abstract class MemoryCache<T>\r\n        {\r\n            protected MemoryCache(){}\r\n            protected abstract string KeyPrefix { get; set; }\r\n            public T GetEntry(string key, Context context) => throw new NotImplementedException();\r\n            public async Task<T> GetEntryAsync(string key, Context context)\r\n            {\r\n                var cache = context.CreateCacheClient();\r\n                var entryKey = Key(key);\r\n                var entry = await cache.GetAsync<T>(entryKey);\r\n                if (entry == null)\r\n                {\r\n                    entry = await ValueFactoryAsync(key, context);\r\n                    await cache.SetAsync(entryKey, entry);\r\n                }\r\n                return entry;\r\n            }\r\n            public void RemoveEntry(string key, Context context) => RemoveEntryAsync(key, context).ConfigureAwait(false).GetAwaiter().GetResult();\r\n            public async Task RemoveEntryAsync(string key, Context context) => await context.CreateCacheClient().RemoveAsync(Key(key));\r\n            protected virtual T ValueFactory(string key, Context context) => ValueFactoryAsync(key, context).ConfigureAwait(false).GetAwaiter().GetResult();\r\n            protected virtual Task<T> ValueFactoryAsync(string key, Context context) => Task.FromResult(default(T));\r\n            private string Key(string key) => $\"{KeyPrefix}.{key}\";\r\n        }\r\n    }",
      "description": "",
      "assemblyName": "",
      "executionLocation": "Internal"
    },
    {
      "name": "EmployeeSubstituteCache",
      "path": "",
      "type": "Expression",
      "version": null,
      "expression": "    using global::System.Collections.Generic;\r\n    using global::System.Net.Http;\r\n    using Omnia.Libraries.Infrastructure.Behaviours;\r\n    namespace Cache\r\n    {\r\n        public sealed class EmployeeSubstituteCache : MemoryCache<List<EmployeeSubstituteCache.EmployeeSubstitute>>\r\n        {\r\n            public static EmployeeSubstituteCache Instance { get; } = new EmployeeSubstituteCache();\r\n\r\n            protected override string KeyPrefix { get; set; } = \"EmployeeSubstitute\";\r\n\r\n            protected override List<EmployeeSubstitute> ValueFactory(string key, Context context)\r\n            {\r\n                var httpClient = context.CreateApplicationHttpClient();\r\n\r\n                var requestResult = httpClient.PostAsJsonAsync(\"queries/EmployeeOutOfOfficeQuery/Default\", new\r\n                {\r\n                    Filter = new\r\n                    {\r\n                        Property = \"_code\",\r\n                        Value = key\r\n                    }\r\n                }).Result;\r\n\r\n                SystemApplicationBehaviours.EnsureSuccessApiResult(new Dictionary<string, object>\r\n            {\r\n                {\"requestResult\", requestResult}\r\n            }, context);\r\n\r\n                return requestResult.Content.ReadAsAsync<List<EmployeeSubstitute>>().Result;\r\n            }\r\n\r\n            public class EmployeeSubstitute\r\n            {\r\n                public string _code { get; set; }\r\n                public string _name { get; set; }\r\n                public bool OutOfOffice { get; set; }\r\n                public string OutOfOfficeSubstitute { get; set; }\r\n                public string Username { get; set; }\r\n\r\n            }\r\n\r\n        }\r\n    }",
      "description": "",
      "assemblyName": "",
      "executionLocation": "Internal"
    },
    {
      "name": "EmployeeDataCache",
      "path": "",
      "type": "Expression",
      "version": null,
      "expression": "using Omnia.Libraries.Infrastructure.Behaviours;\r\nusing global::System;\r\nusing global::System.Collections.Concurrent;\r\nusing global::System.Collections.Generic;\r\nusing global::System.Net.Http;\r\nnamespace Cache\r\n{\r\n    public sealed class EmployeeDataCache : MemoryCache<List<EmployeeDataCache.EmployeeData>>\r\n    {\r\n        public static EmployeeDataCache Instance { get; } = new EmployeeDataCache();\r\n        \r\n        protected override string KeyPrefix { get; set; } = \"EmployeeData\";\r\n\r\n        protected override List<EmployeeData> ValueFactory(string key, Context context)\r\n        {\r\n            var httpClient = context.CreateApplicationHttpClient();\r\n\r\n            var requestResult = httpClient.PostAsJsonAsync(\"queries/EmployeePrimaveraConfigurations/Default\", new\r\n            {\r\n                Filter = new\r\n                {\r\n                    Property = \"_code\",\r\n                    Value = key\r\n                }\r\n            }).Result;\r\n\r\n            SystemApplicationBehaviours.EnsureSuccessApiResult(new Dictionary<string, object>\r\n            {\r\n                {\"requestResult\", requestResult}\r\n            }, context);\r\n\r\n            return requestResult.Content.ReadAsAsync<List<EmployeeData>>().Result;\r\n        }\r\n\r\n        public class EmployeeData\r\n        {\r\n            public string _code { get; set; }\r\n            public string _name { get; set; }\r\n            public bool _inactive { get; set; }\r\n            public string DefaultCompany { get; set; }\r\n            public bool UsesPreviousYearHolidays { get; set; }\r\n\r\n            public string Company { get; set; }\r\n            public string Manager { get; set; }\r\n            public string ExpensesManager { get; set; }\r\n            public string Username { get; set; }\r\n            public string ContactEmail { get; set; }\r\n            public string ErpCode { get; set; }\r\n            public string CostCenter { get; set; }\r\n            public string SubstituteManager { get; set; }\r\n            public string SubstituteExpensesManager { get; set; }\r\n            \r\n            public string OrganizationalUnit { get; set; }\r\n            \r\n        }\r\n\r\n    }\r\n}",
      "description": "",
      "assemblyName": "",
      "executionLocation": "Internal"
    },
    {
      "name": "ActiveEmployeeDataCache",
      "path": "",
      "type": "Expression",
      "version": null,
      "expression": "using Omnia.Libraries.Infrastructure.Behaviours;\r\nusing global::System;\r\nusing global::System.Collections.Concurrent;\r\nusing global::System.Collections.Generic;\r\nusing global::System.Net.Http;\r\nusing global::System.Linq;\r\nnamespace Cache\r\n{\r\n    public sealed class ActiveEmployeeDataCache : MemoryCache<ActiveEmployeeDataCache.EmployeeData>\r\n    {\r\n        public static ActiveEmployeeDataCache Instance { get; } = new ActiveEmployeeDataCache();\r\n\r\n        protected override string KeyPrefix { get; set; } = \"ActiveEmployee\";\r\n\r\n        protected override EmployeeData ValueFactory(string key, Context context)\r\n        {\r\n            var httpClient = context.CreateApplicationHttpClient();\r\n\r\n            var requestResult = httpClient.PostAsJsonAsync(\"queries/ActiveEmployeesQuery/Default\", new\r\n            {\r\n                Filter = new\r\n                {\r\n                    Property = \"Username\",\r\n                    Value = context.Authentication.Username\r\n                }\r\n            }).Result;\r\n\r\n            SystemApplicationBehaviours.EnsureSuccessApiResult(new Dictionary<string, object>\r\n        {\r\n            {\"requestResult\", requestResult}\r\n        }, context);\r\n\r\n            return requestResult.Content.ReadAsAsync<List<EmployeeData>>().Result?.FirstOrDefault();\r\n        }\r\n\r\n        public class EmployeeData\r\n        {\r\n            public string _code { get; set; }\r\n            public string _name { get; set; }\r\n            public bool _inactive { get; set; }\r\n            public string DefaultCompany { get; set; }\r\n            public string Company { get; set; }\r\n            public string Manager { get; set; }\r\n            public string ExpensesManager { get; set; }\r\n            public string Username { get; set; }\r\n            public string ContactEmail { get; set; }\r\n            public string ErpCode { get; set; }\r\n            public string SubstituteManager { get; set; }\r\n        }\r\n    }\r\n}",
      "description": "",
      "assemblyName": "",
      "executionLocation": "Internal"
    },
    {
      "name": "CallConnectorBehaviour",
      "path": "",
      "type": "Expression",
      "version": null,
      "expression": "    using Omnia.Libraries.Infrastructure.Behaviours;\r\n    using global::System;\r\n    using global::System.Collections.Generic;\r\n    using global::System.Net.Http;\r\n\r\n    namespace OMNIA\r\n    {\r\n        public sealed class CallConnectorBehaviour\r\n        {\r\n            private CallConnectorBehaviour()\r\n            {\r\n\r\n            }\r\n\r\n            public static Dictionary<string, object> Execute(Context _context, string behaviour, object _dto)\r\n            {\r\n                var httpClient = _context.CreateApplicationHttpClient();\r\n\r\n                Dictionary<string, object> data = new Dictionary<string, object>()\r\n                {\r\n                    {\"quoteRequests\", _dto }\r\n                };\r\n\r\n                var connectorRequest = httpClient.PostAsJsonAsync($\"Behaviours/{_context.Operation.DataSource}/{behaviour}\", data).GetAwaiter().GetResult();\r\n\r\n                if (connectorRequest == null)\r\n                    throw new Exception(SystemApplicationBehaviours.System_GetText(new Dictionary<string, object>{\r\n                    \t{\"name\",\"ErrorBehaviourCall\"},\r\n                    \t{\"language\",_context.Operation.Language},\r\n                    \t{\"parameters\",new object[]{behaviour}}\r\n                    })[\"text\"].ToString());\r\n\r\n                data = new Dictionary<string, object>()\r\n                {\r\n                    { \"requestResult\", connectorRequest }\r\n                };\r\n\r\n                SystemApplicationBehaviours.EnsureSuccessApiResult(data, _context);\r\n\r\n                return connectorRequest.Content.ReadAsAsync<Dictionary<string, object>>().GetAwaiter().GetResult();\r\n            }\r\n        }\r\n    }",
      "description": "",
      "assemblyName": "",
      "executionLocation": "Internal"
    },
    {
      "name": "SettingsCache",
      "path": "",
      "type": "Expression",
      "version": null,
      "expression": "\tusing Omnia.Libraries.Infrastructure.Behaviours;\r\n    using global::System;\r\n    using global::System.Collections.Concurrent;\r\n    using global::System.Collections.Generic;\r\n    using global::System.Net.Http;\r\n    using global::System.Threading.Tasks;\r\n\r\n    namespace Cache\r\n    {\r\n        public sealed class SettingsCache : MemoryCache<SettingsCache.Settings>\r\n        {\r\n            public static SettingsCache Instance { get; } = new SettingsCache();\r\n\r\n            protected override string KeyPrefix { get; set; } = \"OmniaDatabase\";\r\n\r\n            protected override Settings ValueFactory(string key, Context context) => ValueFactoryAsync(key, context).ConfigureAwait(false).GetAwaiter().GetResult();\r\n            protected override async Task<Settings> ValueFactoryAsync(string key, Context context)\r\n            {\r\n                var httpClient = context.CreateApplicationHttpClient();\r\n                var companySettingsRequest = await httpClient.GetAsync($\"Settings/Default/ERPPrimavera\");\r\n                await Helpers.Helpers.EnsureSuccessApiResultAsync(context, companySettingsRequest);\r\n                return await companySettingsRequest.Content.ReadAsAsync<Settings>();\r\n            }\r\n\r\n            public class Settings\r\n            {\r\n                public string _code { get; set; }\r\n                public string _name { get; set; }\r\n                public bool _inactive { get; set; }\r\n                public string DatabaseSuffix { get; set; }\r\n                public string DatabaseInstance { get; set; }                \r\n            }\r\n        }\r\n    }",
      "description": "",
      "assemblyName": "",
      "executionLocation": "Internal"
    },
    {
      "name": "CompanyCache",
      "path": "",
      "type": "Expression",
      "version": null,
      "expression": "using Omnia.Libraries.Infrastructure.Behaviours;\r\nusing global::System;\r\nusing global::System.Linq;\r\nusing global::System.Collections.Concurrent;\r\nusing global::System.Collections.Generic;\r\nusing global::System.Net.Http;\r\nnamespace Cache\r\n{\r\n    public sealed class CompanyCache : MemoryCache<CompanyDto>\r\n    {\r\n        public static CompanyCache Instance { get; } = new CompanyCache();\r\n\r\n        protected override string KeyPrefix { get; set; } = \"Company\";\r\n\r\n        protected override CompanyDto ValueFactory(string key, Context context)\r\n        {\r\n            var httpClient = context.CreateApplicationHttpClient();\r\n            //Get Company\r\n            var requestCompanyResult = httpClient.PostAsJsonAsync($\"Queries/CompleteCompanyQuery/{key}?pageSize=1\", new { Parameters = new List<object> { new { Name = \"datasource\", Value = key } } }).GetAwaiter().GetResult();\r\n\r\n            if (!requestCompanyResult.IsSuccessStatusCode)\r\n                throw new Exception(SystemApplicationBehaviours.System_GetText(new Dictionary<string, object>{\r\n                    {\"name\",\"QueryExecuteError\"},\r\n                    {\"language\",context.Operation.Language},\r\n                    {\"parameters\",new object[]{\"CompleteCompanyQuery\"}}\r\n                })[\"text\"].ToString());\r\n            var resultCompany = requestCompanyResult.Content.ReadAsAsync<List<Dictionary<string, object>>>().GetAwaiter().GetResult();\r\n\r\n            if (resultCompany == null || resultCompany.Count == 0)\r\n                throw new Exception(SystemApplicationBehaviours.System_GetText(new Dictionary<string, object>{\r\n                    {\"name\",\"QueryExecuteError\"},\r\n                    {\"language\",context.Operation.Language},\r\n                    {\"parameters\",new object[]{\"CompleteCompanyQuery\"}}\r\n                })[\"text\"].ToString());\r\n\r\n            var dto = new CompanyDto()\r\n            {\r\n                _code = resultCompany.First()[\"_code\"].ToString(),\r\n                _name = resultCompany.First()[\"_name\"].ToString(),\r\n                _description = resultCompany.First()[\"_description\"].ToString(),\r\n                _inactive = Convert.ToBoolean(resultCompany.First()[\"_inactive\"]),\r\n                Primavera = resultCompany.First()[\"primavera\"].ToString(),\r\n                DocumentERPRI = resultCompany.First()[\"documenterpri\"].ToString(),\r\n                DocumentERPPCO = resultCompany.First()[\"documenterppco\"].ToString(),\r\n                DocumentERPCF = resultCompany.First()[\"documenterpcf\"].ToString(),\r\n                documentERPECF = resultCompany.First()[\"documenterpecf\"].ToString(),\r\n                PurchasingManager = resultCompany.First()[\"purchasingmanager\"].ToString(),\r\n                PurchasingManagerName = resultCompany.First()[\"purchasingmanagername\"].ToString(),\r\n                LiquidationDocType = resultCompany.First()[\"liquidationdoctype\"].ToString(),\r\n                RequisitionPurchaseUsers = resultCompany.First()[\"requisitionpurchaseusers\"].ToString()\r\n            };\r\n\r\n            return dto;\r\n        }\r\n\r\n    }\r\n}",
      "description": "",
      "assemblyName": "",
      "executionLocation": "Internal"
    },
    {
      "name": "Helpers",
      "path": "",
      "type": "Expression",
      "version": null,
      "expression": "    namespace Helpers\n    {\n        using global::System;\n        using global::System.Collections.Generic;\n        using global::System.Linq;\n        using global::System.Net;\n        using global::System.Net.Http;\n        using global::System.Threading.Tasks;\n        using Newtonsoft.Json;\n        using Omnia.Libraries.Infrastructure.Behaviours;\n        using System;\n        using Microsoft.Extensions.Logging;\n        public static class Helpers\n        {\n            //LockPrint\n            public static object LockPrint = new object();\n\n            public static void SendError(Context context, string translation, object[] parameters = null) => SendErrorAsync(context, translation, parameters).ConfigureAwait(false).GetAwaiter().GetResult();\n            public static async Task SendErrorAsync(Context context, string translation, object[] parameters = null) => throw new Exception(await GetTextAsync(context, translation, parameters));\n\n            public static async Task<string> GetTextAsync(Context context, string translation, object[] parameters = null)\n            {\n                var translationParameters = new Dictionary<string, object> { { \"name\", translation }, { \"language\", context.Operation.Language } };\n\n                if (parameters != null)\n                    translationParameters.Add(\"parameters\", parameters);\n\n                var exceptionMessageText = await SystemApplicationBehaviours.System_GetTextAsync(translationParameters);\n\n                return exceptionMessageText[\"text\"]?.ToString();\n            }\n\n            public static void EnsureSuccessApiResult(Context context, HttpResponseMessage requestResult, string message = null) => EnsureSuccessApiResultAsync(context, requestResult, message).ConfigureAwait(false).GetAwaiter().GetResult();\n            public static async Task EnsureSuccessApiResultAsync(Context context, HttpResponseMessage requestResult, string message = null)\n            {\n                var logger = context.Services.GetService<ILogger<Context>>();\n                if (requestResult.IsSuccessStatusCode) return;\n\n                switch (requestResult.StatusCode)\n                {\n                    case HttpStatusCode.Forbidden:\n                        {\n                            var error = await GetTextAsync(context, \"Forbidden\");\n                            throw new Exception(ComposeResponseMessage($\"{error} '{requestResult.RequestMessage.RequestUri.AbsolutePath}'\"));\n\n                        }\n                    case HttpStatusCode.NotFound:\n                        {\n                            var error = await GetTextAsync(context, \"NotFound\");\n                            throw new Exception(ComposeResponseMessage(error));\n                        }\n                    default:\n                        var resultText = requestResult.Content.ReadAsStringAsync().Result;\n                        var resultObject = JsonConvert.DeserializeObject<Dictionary<string, object>>(resultText);\n\n                        logger.LogError($\"EnsureSuccessApiResult: {resultText}\");\n                        throw new Exception(ComposeResponseMessage(resultObject[\"message\"]?.ToString()));\n                }\n\n                string ComposeResponseMessage(string errorMessage) => string.IsNullOrEmpty(message) ? errorMessage : $\"{message}: {errorMessage}\";\n            }\n\n            public static async Task<object> getArgValueAsync(Context context, IDictionary<string, object> args, string key, string display = null)\n            {\n                if (!args.ContainsKey(key))\n                    await SendErrorAsync(context, \"ArgumentNotSpecified\", new object[] { display ?? key });\n\n                return args[key];\n            }\n\n            public static async Task<(bool, string)> SendEmailAsync(Context context, string sendTo, string subject, string body)\n            {\n                if (string.IsNullOrEmpty(sendTo))\n                    return (false, await GetTextAsync(context, \"EmailNotSent\"));\n\n                var emailArguments = new Dictionary<string, object>\n                {\n                    {\"Email\", sendTo}, \n                    {\"Subject\", subject}, \n                    {\"Body\", body}\n                };\n\n                try\n                {\n                    var resultEmail = await SystemApplicationBehaviours.SendEmailNotificationAsync(emailArguments, context);\n                    return (true, await GetTextAsync(context, \"EmailSent\"));\n                }\n                catch (Exception ex) { return (false, ex.Message); }\n            }\n\n        }\n    }",
      "description": "",
      "assemblyName": "",
      "executionLocation": "Internal"
    },
    {
      "name": "DataHelpers",
      "path": "",
      "type": "Expression",
      "version": null,
      "expression": "    namespace Helpers\n    {\n        using global::System;\n        using global::System.Collections.Generic;\n        using global::System.Linq;\n        using global::System.Net;\n        using global::System.Net.Http;\n        using global::System.Threading.Tasks;\n        using Newtonsoft.Json;\n        using Omnia.Libraries.Infrastructure.Behaviours;\n        using System;\n        public static class DataHelpers\n        {\n            public static async Task<IDictionary<decimal, decimal>> ConverteCambio(Context context, string moedaOriginal, string moedaDestino, List<decimal> valores, string company)\n            {\n                var httpClient = context.CreateApplicationHttpClient();\n\n                if (string.Equals(moedaOriginal, moedaDestino, StringComparison.CurrentCultureIgnoreCase))\n                    return valores.Distinct().ToDictionary(amount => amount, amount => amount);\n\n                Dictionary<string, object> requestData = new Dictionary<string, object>();\n                requestData.Add(\"moedaoriginal\", moedaOriginal);\n                requestData.Add(\"moedadestino\", moedaDestino);\n                requestData.Add(\"valores\", JsonConvert.SerializeObject(valores));\n\n                var requestResult = await httpClient.PostAsync($\"behaviours/{company}/Primavera_ConverteCambios\", requestData);\n\n                await Helpers.EnsureSuccessApiResultAsync(context, requestResult);\n\n                var newValues = await requestResult.Content.ReadAsAsync<Dictionary<string, object>>();\n                return JsonConvert.DeserializeObject<IDictionary<decimal, decimal>>(newValues[\"cambios\"]?.ToString());\n            }\n\n            public static async Task<OrganizationalUnitDto> getOUAsync(Context context, string OrganizationalUnit)\n            {\n                var httpClient = context.CreateApplicationHttpClient();\n                var requestResultOU = await httpClient.GetAsync($\"OrganizationalUnit/Default/{OrganizationalUnit}\");\n\n                if (!requestResultOU.IsSuccessStatusCode)\n                    await Helpers.SendErrorAsync(context, \"EntityRetrieveError\", new object[] { OrganizationalUnit });\n\n                return await requestResultOU.Content.ReadAsAsync<OrganizationalUnitDto>();\n            }\n\n            public static async Task<string> getMoedaBaseAsync(Context context, string moedaBase, string company)\n               => string.IsNullOrEmpty(moedaBase) ?\n                  (await getCompanyAsync(context, company))?.Currency\n                  : moedaBase;\n\n            public static async Task<CompanyDto> getCompanyAsync(Context context, string company)\n            {\n                var httpClient = context.CreateApplicationHttpClient();\n\n                var requestResultCompany = await httpClient.GetAsync($\"Company/Default/{company}\");\n\n                if (!requestResultCompany.IsSuccessStatusCode)\n                    await Helpers.SendErrorAsync(context, \"EntityRetrieveError\", new object[] { company });\n\n                return await requestResultCompany.Content.ReadAsAsync<CompanyDto>();\n            }\n        }\n\n    }",
      "description": "",
      "assemblyName": "",
      "executionLocation": "Internal"
    },
    {
      "name": "ObjectsExtensions",
      "path": "",
      "type": "Expression",
      "version": null,
      "expression": "    using Omnia.Libraries.Infrastructure.Behaviours;\n    using global::System.Collections.ObjectModel;\n    using global::System.Linq;\n    using global::System.Collections.Generic;\n\n    public static class ObjectsExtensions\n    {\n        public static Model.ApprovalFlowItemHistory ToFlowItemHistory(this ApprovalFlowItemDto selft, Context context, IDictionary<decimal, decimal> cambios)\n            => new Model.ApprovalFlowItemHistory(context, new ApprovalFlowItemHistoryDto()\n            {\n                _code = selft._code,\n                _name = selft._name,\n                _description = selft._description,\n                _inactive = selft._inactive,\n                Order = selft.Order,\n                ApprovalProfile = selft.ApprovalProfile,\n                Amount = selft.Amount.HasValue && selft.Amount.Value != 0 ? cambios[selft.Amount.Value] : 0,\n                ApprovalProfileName = selft.ApprovalProfileName,\n                ItemFamilies = new ObservableCollection<string>(selft.ItemFamilies?.Select(family => family.ItemFamily)),\n            });\n    }",
      "description": "",
      "assemblyName": "",
      "executionLocation": "Internal"
    }
  ]
}