{
  "name": "ApprovalProfilesList",
  "type": "List",
  "label": "Approval Profiles",
  "query": "ApprovalProfilesQuery",
  "elements": [
    {
      "row": 0,
      "name": "_code",
      "size": 3,
      "type": "ListColumn",
      "label": "${Texts.Code}",
      "column": 1,
      "elements": [],
      "helpText": null,
      "isHidden": false,
      "attributes": [
        {
          "key": "formattingType",
          "value": "Text"
        }
      ],
      "behaviours": [],
      "description": null,
      "visibleFrom": null
    },
    {
      "row": 0,
      "name": "_name",
      "size": 3,
      "type": "ListColumn",
      "label": "${Texts.Description}",
      "column": 4,
      "elements": [],
      "helpText": null,
      "isHidden": false,
      "attributes": [
        {
          "key": "formattingType",
          "value": "Text"
        }
      ],
      "behaviours": [],
      "description": null,
      "visibleFrom": null
    },
    {
      "row": 0,
      "name": "_description",
      "size": 3,
      "type": "ListColumn",
      "label": "${Texts.Approver}",
      "column": 7,
      "elements": [],
      "helpText": null,
      "isHidden": false,
      "attributes": [
        {
          "key": "formattingType",
          "value": "Text"
        }
      ],
      "behaviours": [],
      "description": null,
      "visibleFrom": null
    },
    {
      "row": 0,
      "name": "System",
      "size": 3,
      "type": "ListColumn",
      "label": "${Texts.System}",
      "column": 10,
      "elements": [],
      "helpText": "",
      "isHidden": false,
      "attributes": [
        {
          "key": "formattingType",
          "value": "Boolean"
        }
      ],
      "behaviours": [],
      "description": null,
      "visibleFrom": "Mobile"
    }
  ],
  "helpText": null,
  "attributes": [
    {
      "key": "queryTableDefinition",
      "value": "ApprovalProfiles"
    }
  ],
  "behaviours": [],
  "dataSource": "System",
  "description": null
}