{
  "name": "ArticleFamilyList",
  "type": "List",
  "label": "Article Family",
  "query": "ArticleFamilyQuery",
  "elements": [
    {
      "row": 0,
      "name": "Familia",
      "size": 3,
      "type": "ListColumn",
      "label": "Código",
      "column": 1,
      "elements": [],
      "helpText": null,
      "isHidden": false,
      "attributes": [
        {
          "key": "formattingType",
          "value": "Text"
        }
      ],
      "behaviours": [],
      "description": null,
      "visibleFrom": null
    },
    {
      "row": 0,
      "name": "Descricao",
      "size": 3,
      "type": "ListColumn",
      "label": "Descricao",
      "column": 4,
      "elements": [],
      "helpText": null,
      "isHidden": false,
      "attributes": [
        {
          "key": "formattingType",
          "value": "Text"
        }
      ],
      "behaviours": [],
      "description": null,
      "visibleFrom": null
    }
  ],
  "helpText": null,
  "attributes": [
    {
      "key": "queryTableDefinition",
      "value": "ArticleFamily"
    }
  ],
  "behaviours": [],
  "dataSource": "Primavera",
  "description": null
}