{
  "name": "CostCentersList",
  "type": "List",
  "label": "Cost Centers",
  "query": "CostCentersQuery",
  "elements": [
    {
      "row": 0,
      "name": "Centro",
      "size": 3,
      "type": "ListColumn",
      "label": "Centro",
      "column": 1,
      "elements": [],
      "helpText": null,
      "isHidden": false,
      "attributes": [
        {
          "key": "formattingType",
          "value": "Text"
        }
      ],
      "behaviours": [],
      "description": null,
      "visibleFrom": null
    },
    {
      "row": 0,
      "name": "Descricao",
      "size": 3,
      "type": "ListColumn",
      "label": "Descricao",
      "column": 4,
      "elements": [],
      "helpText": null,
      "isHidden": false,
      "attributes": [
        {
          "key": "formattingType",
          "value": "Text"
        }
      ],
      "behaviours": [],
      "description": null,
      "visibleFrom": null
    },
    {
      "row": 0,
      "name": "Ano",
      "size": 3,
      "type": "ListColumn",
      "label": "Ano",
      "column": 7,
      "elements": [],
      "helpText": null,
      "isHidden": false,
      "attributes": [
        {
          "key": "formattingType",
          "value": "Text"
        }
      ],
      "behaviours": [],
      "description": null,
      "visibleFrom": null
    },
    {
      "row": 0,
      "name": "TipoConta",
      "size": 3,
      "type": "ListColumn",
      "label": "TipoConta",
      "column": 10,
      "elements": [],
      "helpText": null,
      "isHidden": false,
      "attributes": [
        {
          "key": "formattingType",
          "value": "Boolean"
        }
      ],
      "behaviours": [],
      "description": null,
      "visibleFrom": null
    }
  ],
  "helpText": null,
  "attributes": [
    {
      "key": "queryTableDefinition",
      "value": "CostCenters"
    }
  ],
  "behaviours": [],
  "dataSource": "Primavera",
  "description": null
}