{
  "name": "CurrencyList",
  "type": "List",
  "label": "Currency",
  "query": "CurrencyQuery",
  "elements": [
    {
      "row": 0,
      "name": "moeda",
      "size": 2,
      "type": "ListColumn",
      "label": "${Texts.Currency}",
      "column": 1,
      "elements": [],
      "helpText": null,
      "isHidden": false,
      "attributes": [
        {
          "key": "formattingType",
          "value": "Text"
        }
      ],
      "behaviours": [],
      "description": null,
      "visibleFrom": null
    },
    {
      "row": 0,
      "name": "Descricao",
      "size": 6,
      "type": "ListColumn",
      "label": "${Texts.Description}",
      "column": 4,
      "elements": [],
      "helpText": null,
      "isHidden": false,
      "attributes": [
        {
          "key": "formattingType",
          "value": "Text"
        }
      ],
      "behaviours": [],
      "description": null,
      "visibleFrom": null
    }
  ],
  "helpText": null,
  "attributes": [
    {
      "key": "queryTableDefinition",
      "value": "Currency"
    }
  ],
  "behaviours": [],
  "dataSource": "Primavera",
  "description": null
}