{
  "name": "EmployeeList",
  "type": "List",
  "label": "${Texts.Employee}",
  "query": "EmployeeQuery",
  "elements": [
    {
      "row": 0,
      "name": "_code",
      "size": 0,
      "type": "ListColumn",
      "label": "${Texts.Code}",
      "column": 0,
      "elements": [],
      "helpText": null,
      "isHidden": false,
      "attributes": [
        {
          "key": "formattingType",
          "value": "Text"
        }
      ],
      "behaviours": [],
      "description": null
    },
    {
      "row": 0,
      "name": "_name",
      "size": 0,
      "type": "ListColumn",
      "label": "${Texts.Name}",
      "column": 0,
      "elements": [],
      "helpText": null,
      "isHidden": false,
      "attributes": [
        {
          "key": "formattingType",
          "value": "Text"
        }
      ],
      "behaviours": [],
      "description": null
    },
    {
      "row": 0,
      "name": "username",
      "size": 0,
      "type": "ListColumn",
      "label": "${Texts.User}",
      "column": 0,
      "elements": [],
      "helpText": "",
      "isHidden": false,
      "attributes": [
        {
          "key": "formattingType",
          "value": "Text"
        }
      ],
      "behaviours": [],
      "description": null
    }
  ],
  "helpText": null,
  "attributes": [],
  "behaviours": [],
  "dataSource": "System",
  "description": null
}