{
  "name": "EmployeeOutOfOfficeList",
  "type": "List",
  "label": "${Texts.EmployeesOutofOffice}",
  "query": "EmployeeOutOfOfficeQuery",
  "elements": [
    {
      "row": 0,
      "name": "_code",
      "size": 0,
      "type": "ListColumn",
      "label": "${Texts.Code}",
      "column": 0,
      "elements": [],
      "helpText": "",
      "isHidden": false,
      "attributes": [
        {
          "key": "formattingType",
          "value": "Text"
        }
      ],
      "behaviours": [],
      "description": null
    },
    {
      "row": 0,
      "name": "_name",
      "size": 0,
      "type": "ListColumn",
      "label": "${Texts.Name}",
      "column": 0,
      "elements": [],
      "helpText": "",
      "isHidden": false,
      "attributes": [
        {
          "key": "formattingType",
          "value": "Text"
        }
      ],
      "behaviours": [],
      "description": null
    },
    {
      "row": 0,
      "name": "outofofficesubstitute",
      "size": 0,
      "type": "ListColumn",
      "label": "${Texts.Substitute}",
      "column": 0,
      "elements": [],
      "helpText": "",
      "isHidden": false,
      "attributes": [
        {
          "key": "formattingType",
          "value": "Text"
        }
      ],
      "behaviours": [],
      "description": null
    }
  ],
  "helpText": "",
  "attributes": [],
  "behaviours": [],
  "dataSource": "System",
  "description": ""
}