{
  "name": "ExternalUserList",
  "type": "List",
  "label": "External User",
  "query": "ExternalUserQuery",
  "elements": [
    {
      "row": 0,
      "name": "_code",
      "size": 3,
      "type": "ListColumn",
      "label": "${Texts.Code}",
      "column": 1,
      "elements": [],
      "helpText": null,
      "isHidden": false,
      "attributes": [
        {
          "key": "formattingType",
          "value": "Text"
        }
      ],
      "behaviours": [],
      "description": null,
      "visibleFrom": null
    },
    {
      "row": 0,
      "name": "_name",
      "size": 3,
      "type": "ListColumn",
      "label": "${Texts.Name}",
      "column": 4,
      "elements": [],
      "helpText": null,
      "isHidden": false,
      "attributes": [
        {
          "key": "formattingType",
          "value": "Text"
        }
      ],
      "behaviours": [],
      "description": null,
      "visibleFrom": null
    },
    {
      "row": 0,
      "name": "_inactive",
      "size": 1,
      "type": "ListColumn",
      "label": "${Texts.Inactive}",
      "column": 12,
      "elements": [],
      "helpText": null,
      "isHidden": false,
      "attributes": [
        {
          "key": "formattingType",
          "value": "Boolean"
        }
      ],
      "behaviours": [],
      "description": null,
      "visibleFrom": null
    },
    {
      "row": 0,
      "name": "username",
      "size": 4,
      "type": "ListColumn",
      "label": "${Texts.Username}",
      "column": 7,
      "elements": [],
      "helpText": "",
      "isHidden": false,
      "attributes": [
        {
          "key": "formattingType",
          "value": "Text"
        }
      ],
      "behaviours": [],
      "description": null,
      "visibleFrom": "Mobile"
    }
  ],
  "helpText": null,
  "attributes": [
    {
      "key": "queryTableDefinition",
      "value": "ExternalUser"
    }
  ],
  "behaviours": [],
  "dataSource": "System",
  "description": null
}