{
  "name": "IncotermsList",
  "type": "List",
  "label": "Incoterms",
  "query": "IncotermsQuery",
  "elements": [
    {
      "row": 0,
      "name": "_code",
      "size": 8,
      "type": "ListColumn",
      "label": "${Texts.Code}",
      "column": 1,
      "elements": [],
      "helpText": null,
      "isHidden": false,
      "attributes": [
        {
          "key": "formattingType",
          "value": "Text"
        }
      ],
      "behaviours": [],
      "description": null,
      "visibleFrom": null
    },
    {
      "row": 0,
      "name": "_name",
      "size": 12,
      "type": "ListColumn",
      "label": "${Texts.Name}",
      "column": 2,
      "elements": [],
      "helpText": null,
      "isHidden": false,
      "attributes": [
        {
          "key": "formattingType",
          "value": "Text"
        }
      ],
      "behaviours": [],
      "description": null,
      "visibleFrom": null
    },
    {
      "row": 0,
      "name": "_description",
      "size": 3,
      "type": "ListColumn",
      "label": "Description",
      "column": 7,
      "elements": [],
      "helpText": null,
      "isHidden": true,
      "attributes": [
        {
          "key": "formattingType",
          "value": "Text"
        }
      ],
      "behaviours": [],
      "description": null,
      "visibleFrom": null
    },
    {
      "row": 0,
      "name": "_inactive",
      "size": 3,
      "type": "ListColumn",
      "label": "Inactive",
      "column": 10,
      "elements": [],
      "helpText": null,
      "isHidden": true,
      "attributes": [
        {
          "key": "formattingType",
          "value": "Boolean"
        }
      ],
      "behaviours": [],
      "description": null,
      "visibleFrom": null
    }
  ],
  "helpText": null,
  "attributes": [
    {
      "key": "queryTableDefinition",
      "value": "Incoterms"
    }
  ],
  "behaviours": [],
  "dataSource": "System",
  "description": null
}