{
  "name": "MyFinancialDocumentHistoryList",
  "type": "List",
  "label": "My Financial Documents",
  "query": "MyFinancialDocumentHistoryQuery",
  "elements": [
    {
      "row": 0,
      "name": "DataDoc",
      "size": 1,
      "type": "ListColumn",
      "label": "${Texts.DateText}",
      "column": 2,
      "elements": [],
      "helpText": "",
      "isHidden": false,
      "attributes": [
        {
          "key": "formattingType",
          "value": "Date"
        }
      ],
      "behaviours": [],
      "description": null,
      "visibleFrom": "Mobile"
    },
    {
      "row": 0,
      "name": "CDU_CodOmnia",
      "size": 1,
      "type": "ListColumn",
      "label": "${Texts.Requisition}",
      "column": 5,
      "elements": [],
      "helpText": "",
      "isHidden": false,
      "attributes": [
        {
          "key": "formattingType",
          "value": "Text"
        }
      ],
      "behaviours": [],
      "description": null,
      "visibleFrom": "Mobile"
    },
    {
      "row": 0,
      "name": "Entidade",
      "size": 2,
      "type": "ListColumn",
      "label": "${Texts.Supplier}",
      "column": 6,
      "elements": [],
      "helpText": "",
      "isHidden": false,
      "attributes": [
        {
          "key": "formattingType",
          "value": "Text"
        }
      ],
      "behaviours": [],
      "description": null,
      "visibleFrom": "Mobile"
    },
    {
      "row": 0,
      "name": "_state",
      "size": 1,
      "type": "ListColumn",
      "label": "${Texts.ApprovalStage}",
      "column": 10,
      "elements": [],
      "helpText": "",
      "isHidden": false,
      "attributes": [
        {
          "key": "formattingType",
          "value": "Enumeration"
        },
        {
          "key": "enumeration",
          "value": "FinancialDocumentERPStateMachineStates"
        }
      ],
      "behaviours": [],
      "description": null,
      "visibleFrom": "Mobile"
    },
    {
      "row": 0,
      "name": "_code",
      "size": 1,
      "type": "ListColumn",
      "label": "${Texts.Code}",
      "column": 1,
      "elements": [],
      "helpText": "",
      "isHidden": false,
      "attributes": [
        {
          "key": "formattingType",
          "value": "Text"
        }
      ],
      "behaviours": [],
      "description": null,
      "visibleFrom": "Mobile"
    },
    {
      "row": 0,
      "name": "Total",
      "size": 1,
      "type": "ListColumn",
      "label": "${Texts.Total}",
      "column": 3,
      "elements": [],
      "helpText": "",
      "isHidden": false,
      "attributes": [
        {
          "key": "formattingType",
          "value": "Decimal"
        }
      ],
      "behaviours": [],
      "description": null,
      "visibleFrom": "Mobile"
    },
    {
      "row": 0,
      "name": "Pago",
      "size": 1,
      "type": "ListColumn",
      "label": "${Texts.Paid}",
      "column": 12,
      "elements": [],
      "helpText": "",
      "isHidden": false,
      "attributes": [
        {
          "key": "formattingType",
          "value": "Boolean"
        }
      ],
      "behaviours": [],
      "description": null,
      "visibleFrom": "Mobile"
    },
    {
      "row": 0,
      "name": "_assigned",
      "size": 2,
      "type": "ListColumn",
      "label": "${Texts.Approver}",
      "column": 8,
      "elements": [],
      "helpText": "",
      "isHidden": false,
      "attributes": [
        {
          "key": "formattingType",
          "value": "Text"
        }
      ],
      "behaviours": [],
      "description": null,
      "visibleFrom": "Mobile"
    },
    {
      "row": 0,
      "name": "Etapa",
      "size": 1,
      "type": "ListColumn",
      "label": "${Texts.Phase}",
      "column": 11,
      "elements": [],
      "helpText": "",
      "isHidden": false,
      "attributes": [
        {
          "key": "formattingType",
          "value": "Text"
        }
      ],
      "behaviours": [],
      "description": null,
      "visibleFrom": "Mobile"
    },
    {
      "row": 0,
      "name": "DownloadDocument",
      "size": 1,
      "type": "WebComponent",
      "label": "${Texts.EmptyString}",
      "column": 13,
      "elements": [],
      "helpText": "",
      "isHidden": false,
      "attributes": [
        {
          "key": "webComponentName",
          "value": "OmniaDownloadAndLink"
        },
        {
          "key": "customElementName",
          "value": "omnia-download-and-link"
        }
      ],
      "behaviours": [],
      "description": null,
      "visibleFrom": "Mobile"
    },
    {
      "row": 0,
      "name": "Moeda",
      "size": 1,
      "type": "ListColumn",
      "label": "${Texts.Currency}",
      "column": 4,
      "elements": [],
      "helpText": null,
      "isHidden": false,
      "attributes": [
        {
          "key": "formattingType",
          "value": "Text"
        },
        {
          "key": "isDetails",
          "value": "false"
        }
      ],
      "behaviours": [],
      "description": null,
      "visibleFrom": "Mobile"
    }
  ],
  "helpText": null,
  "attributes": [
    {
      "key": "queryTableDefinition",
      "value": "FinancialDocumentERP"
    }
  ],
  "behaviours": [],
  "dataSource": "Primavera",
  "description": null
}