{
  "name": "OrganizationalUnitList",
  "type": "List",
  "label": "Organizational Unit",
  "query": "OrganizationalUnitQuery",
  "elements": [
    {
      "row": 0,
      "name": "_code",
      "size": 6,
      "type": "ListColumn",
      "label": "${Texts.Code}",
      "column": 1,
      "elements": [],
      "helpText": null,
      "isHidden": false,
      "attributes": [
        {
          "key": "formattingType",
          "value": "Text"
        }
      ],
      "behaviours": [],
      "description": null,
      "visibleFrom": null
    },
    {
      "row": 0,
      "name": "_name",
      "size": 6,
      "type": "ListColumn",
      "label": "${Texts.Name}",
      "column": 4,
      "elements": [],
      "helpText": null,
      "isHidden": false,
      "attributes": [
        {
          "key": "formattingType",
          "value": "Text"
        }
      ],
      "behaviours": [],
      "description": null,
      "visibleFrom": null
    }
  ],
  "helpText": null,
  "attributes": [
    {
      "key": "queryTableDefinition",
      "value": "OrganizationalUnit"
    }
  ],
  "behaviours": [],
  "dataSource": "System",
  "description": null
}