{
  "name": "OrgUnitByCompanyList",
  "type": "List",
  "label": "${Texts.EmptyString}",
  "query": "OrgUnitByCompanyQuery",
  "elements": [
    {
      "row": 1,
      "name": "_code",
      "size": 1,
      "type": "ListColumn",
      "label": "${Texts.Code}",
      "column": 1,
      "elements": [],
      "helpText": null,
      "isHidden": false,
      "attributes": [
        {
          "key": "formattingType",
          "value": "Text"
        }
      ],
      "behaviours": [],
      "description": null,
      "visibleFrom": "Mobile"
    },
    {
      "row": 1,
      "name": "_name",
      "size": 2,
      "type": "ListColumn",
      "label": "${Texts.Name}",
      "column": 2,
      "elements": [],
      "helpText": null,
      "isHidden": false,
      "attributes": [
        {
          "key": "formattingType",
          "value": "Text"
        },
        {
          "key": "isDetails",
          "value": "false"
        }
      ],
      "behaviours": [],
      "description": null,
      "visibleFrom": "Mobile"
    }
  ],
  "helpText": "",
  "attributes": [
    {
      "key": "queryTableDefinition",
      "value": "OrganizationalUnit"
    }
  ],
  "behaviours": [],
  "dataSource": "System",
  "description": ""
}