{
  "name": "PaymentTermsList",
  "type": "List",
  "label": "Payment Terms",
  "query": "PaymentTermsQuery",
  "elements": [
    {
      "row": 0,
      "name": "_code",
      "size": 2,
      "type": "ListColumn",
      "label": "${Texts.Code}",
      "column": 1,
      "elements": [],
      "helpText": null,
      "isHidden": false,
      "attributes": [
        {
          "key": "formattingType",
          "value": "Text"
        }
      ],
      "behaviours": [],
      "description": null,
      "visibleFrom": null
    },
    {
      "row": 0,
      "name": "descricao",
      "size": 10,
      "type": "ListColumn",
      "label": "${Texts.Description}",
      "column": 7,
      "elements": [],
      "helpText": null,
      "isHidden": false,
      "attributes": [
        {
          "key": "formattingType",
          "value": "Text"
        }
      ],
      "behaviours": [],
      "description": null,
      "visibleFrom": null
    }
  ],
  "helpText": null,
  "attributes": [
    {
      "key": "queryTableDefinition",
      "value": "PaymentTerms"
    }
  ],
  "behaviours": [],
  "dataSource": "Primavera",
  "description": null
}