{
  "name": "PrimaveraList",
  "type": "List",
  "label": "${Texts.Primavera}",
  "query": "PrimaveraQuery",
  "elements": [
    {
      "row": 0,
      "name": "_code",
      "size": 0,
      "type": "ListColumn",
      "label": "${Texts.Code}",
      "column": 0,
      "elements": [],
      "helpText": null,
      "isHidden": false,
      "attributes": [
        {
          "key": "formattingType",
          "value": "Text"
        }
      ],
      "behaviours": [],
      "description": null,
      "visibleFrom": null
    },
    {
      "row": 0,
      "name": "_name",
      "size": 0,
      "type": "ListColumn",
      "label": "${Texts.Name}",
      "column": 0,
      "elements": [],
      "helpText": null,
      "isHidden": false,
      "attributes": [
        {
          "key": "formattingType",
          "value": "Text"
        }
      ],
      "behaviours": [],
      "description": null,
      "visibleFrom": null
    },
    {
      "row": 0,
      "name": "_description",
      "size": 0,
      "type": "ListColumn",
      "label": "${Texts.Description}",
      "column": 0,
      "elements": [],
      "helpText": null,
      "isHidden": false,
      "attributes": [
        {
          "key": "formattingType",
          "value": "Text"
        }
      ],
      "behaviours": [],
      "description": null,
      "visibleFrom": null
    }
  ],
  "helpText": null,
  "attributes": [
    {
      "key": "queryTableDefinition",
      "value": "Primavera"
    }
  ],
  "behaviours": [],
  "dataSource": null,
  "description": null
}