{
  "name": "QuoteRequestQuotationList",
  "type": "List",
  "label": "{Texts.EmptyString}",
  "query": "QuoteRequestQuotationQuery",
  "elements": [
    {
      "row": 0,
      "name": "_code",
      "size": 3,
      "type": "ListColumn",
      "label": "${Texts.Code}",
      "column": 1,
      "elements": [],
      "helpText": "",
      "isHidden": false,
      "attributes": [
        {
          "key": "formattingType",
          "value": "Text"
        }
      ],
      "behaviours": [],
      "description": null,
      "visibleFrom": "Mobile"
    },
    {
      "row": 0,
      "name": "NArtigos",
      "size": 2,
      "type": "ListColumn",
      "label": "${Texts.TotalItems}",
      "column": 4,
      "elements": [],
      "helpText": "",
      "isHidden": false,
      "attributes": [
        {
          "key": "formattingType",
          "value": "Integer"
        }
      ],
      "behaviours": [],
      "description": null,
      "visibleFrom": "Mobile"
    },
    {
      "row": 0,
      "name": "DataEntrega",
      "size": 2,
      "type": "ListColumn",
      "label": "${Texts.DeliveryDate}",
      "column": 3,
      "elements": [],
      "helpText": "",
      "isHidden": false,
      "attributes": [
        {
          "key": "formattingType",
          "value": "Date"
        }
      ],
      "behaviours": [],
      "description": null,
      "visibleFrom": "Mobile"
    },
    {
      "row": 0,
      "name": "DataDoc",
      "size": 3,
      "type": "ListColumn",
      "label": "${Texts.DateText}",
      "column": 2,
      "elements": [],
      "helpText": "",
      "isHidden": false,
      "attributes": [
        {
          "key": "formattingType",
          "value": "Date"
        }
      ],
      "behaviours": [],
      "description": null,
      "visibleFrom": "Mobile"
    },
    {
      "row": 0,
      "name": "JaCotado",
      "size": 2,
      "type": "ListColumn",
      "label": "${Texts.Quoted}",
      "column": 12,
      "elements": [],
      "helpText": "",
      "isHidden": false,
      "attributes": [
        {
          "key": "formattingType",
          "value": "Boolean"
        }
      ],
      "behaviours": [],
      "description": null,
      "visibleFrom": "Mobile"
    }
  ],
  "helpText": "",
  "attributes": [
    {
      "key": "queryTableDefinition",
      "value": "QuoteRequests"
    }
  ],
  "behaviours": [],
  "dataSource": "Primavera",
  "description": ""
}