{
  "name": "QuotationsHistoryList",
  "type": "List",
  "label": "${Texts.QuotationsHistory}",
  "query": "QuotationsHistoryQuery",
  "elements": [
    {
      "row": 0,
      "name": "Documento",
      "size": 2,
      "type": "ListColumn",
      "label": "${Texts.DocumentText}",
      "column": 10,
      "elements": [],
      "helpText": null,
      "isHidden": false,
      "attributes": [
        {
          "key": "formattingType",
          "value": "Boolean"
        }
      ],
      "behaviours": [],
      "description": null,
      "visibleFrom": null
    },
    {
      "row": 0,
      "name": "DataDocumento",
      "size": 2,
      "type": "ListColumn",
      "label": "${Texts.DateText}",
      "column": 12,
      "elements": [],
      "helpText": null,
      "isHidden": false,
      "attributes": [
        {
          "key": "formattingType",
          "value": "Date"
        },
        {
          "key": "isDetails",
          "value": "false"
        }
      ],
      "behaviours": [],
      "description": null,
      "visibleFrom": "Mobile"
    },
    {
      "row": 0,
      "name": "Entidade",
      "size": 3,
      "type": "ListColumn",
      "label": "${Texts.EntityText}",
      "column": 14,
      "elements": [],
      "helpText": null,
      "isHidden": false,
      "attributes": [
        {
          "key": "formattingType",
          "value": "Text"
        },
        {
          "key": "isDetails",
          "value": "false"
        }
      ],
      "behaviours": [],
      "description": null,
      "visibleFrom": "Mobile"
    },
    {
      "row": 0,
      "name": "Artigo",
      "size": 3,
      "type": "ListColumn",
      "label": "${Texts.Item}",
      "column": 15,
      "elements": [],
      "helpText": null,
      "isHidden": false,
      "attributes": [
        {
          "key": "formattingType",
          "value": "Text"
        },
        {
          "key": "isDetails",
          "value": "false"
        }
      ],
      "behaviours": [],
      "description": null,
      "visibleFrom": "Mobile"
    },
    {
      "row": 0,
      "name": "Quantidade",
      "size": 1,
      "type": "ListColumn",
      "label": "${Texts.Quantity}",
      "column": 16,
      "elements": [],
      "helpText": null,
      "isHidden": false,
      "attributes": [
        {
          "key": "formattingType",
          "value": "Decimal"
        },
        {
          "key": "isDetails",
          "value": "false"
        }
      ],
      "behaviours": [],
      "description": null,
      "visibleFrom": "Mobile"
    },
    {
      "row": 0,
      "name": "Unidade",
      "size": 1,
      "type": "ListColumn",
      "label": "${Texts.Unit}",
      "column": 17,
      "elements": [],
      "helpText": null,
      "isHidden": false,
      "attributes": [
        {
          "key": "formattingType",
          "value": "Text"
        },
        {
          "key": "isDetails",
          "value": "false"
        }
      ],
      "behaviours": [],
      "description": null,
      "visibleFrom": "Mobile"
    },
    {
      "row": 0,
      "name": "Preco",
      "size": 2,
      "type": "ListColumn",
      "label": "${Texts.UnitPriceText}",
      "column": 19,
      "elements": [],
      "helpText": null,
      "isHidden": false,
      "attributes": [
        {
          "key": "formattingType",
          "value": "Decimal"
        },
        {
          "key": "isDetails",
          "value": "false"
        }
      ],
      "behaviours": [],
      "description": null,
      "visibleFrom": "Mobile"
    },
    {
      "row": 0,
      "name": "Desconto",
      "size": 2,
      "type": "ListColumn",
      "label": "${Texts.DiscountText}",
      "column": 23,
      "elements": [],
      "helpText": null,
      "isHidden": false,
      "attributes": [
        {
          "key": "formattingType",
          "value": "Decimal"
        },
        {
          "key": "isDetails",
          "value": "false"
        }
      ],
      "behaviours": [],
      "description": null,
      "visibleFrom": "Mobile"
    },
    {
      "row": 0,
      "name": "PrecoLiquido",
      "size": 2,
      "type": "ListColumn",
      "label": "${Texts.NetTotal}",
      "column": 24,
      "elements": [],
      "helpText": null,
      "isHidden": false,
      "attributes": [
        {
          "key": "formattingType",
          "value": "Decimal"
        },
        {
          "key": "isDetails",
          "value": "false"
        }
      ],
      "behaviours": [],
      "description": null,
      "visibleFrom": "Mobile"
    },
    {
      "row": 0,
      "name": "DataEntrega",
      "size": 2,
      "type": "ListColumn",
      "label": "${Texts.DeliveryDate}",
      "column": 25,
      "elements": [],
      "helpText": null,
      "isHidden": false,
      "attributes": [
        {
          "key": "formattingType",
          "value": "Date"
        },
        {
          "key": "isDetails",
          "value": "false"
        }
      ],
      "behaviours": [],
      "description": null,
      "visibleFrom": "Mobile"
    },
    {
      "row": 0,
      "name": "PrecoIliquido",
      "size": 2,
      "type": "ListColumn",
      "label": "${Texts.TotalAmount}",
      "column": 21,
      "elements": [],
      "helpText": null,
      "isHidden": false,
      "attributes": [
        {
          "key": "formattingType",
          "value": "Decimal"
        },
        {
          "key": "isDetails",
          "value": "false"
        }
      ],
      "behaviours": [],
      "description": null,
      "visibleFrom": "Mobile"
    },
    {
      "row": 0,
      "name": "Moeda",
      "size": 1,
      "type": "ListColumn",
      "label": "${Texts.Currency}",
      "column": 22,
      "elements": [],
      "helpText": null,
      "isHidden": false,
      "attributes": [
        {
          "key": "formattingType",
          "value": "Text"
        },
        {
          "key": "isDetails",
          "value": "false"
        }
      ],
      "behaviours": [],
      "description": null,
      "visibleFrom": "Mobile"
    }
  ],
  "helpText": null,
  "attributes": [
    {
      "key": "queryTableDefinition",
      "value": "QuotationsHistory"
    }
  ],
  "behaviours": [],
  "dataSource": "Primavera",
  "description": null
}