{
  "name": "QuoteRequestsOpenList",
  "type": "List",
  "label": "${Texts.EmptyString}",
  "query": "QuoteRequestsOpenQuery",
  "elements": [
    {
      "row": 0,
      "name": "_code",
      "size": 2,
      "type": "ListColumn",
      "label": "${Texts.Code}",
      "column": 1,
      "elements": [],
      "helpText": "",
      "isHidden": false,
      "attributes": [
        {
          "key": "formattingType",
          "value": "Text"
        }
      ],
      "behaviours": [],
      "description": null,
      "visibleFrom": "Mobile"
    },
    {
      "row": 0,
      "name": "DataDoc",
      "size": 2,
      "type": "ListColumn",
      "label": "${Texts.DateText}",
      "column": 4,
      "elements": [],
      "helpText": "",
      "isHidden": false,
      "attributes": [
        {
          "key": "formattingType",
          "value": "Date"
        }
      ],
      "behaviours": [],
      "description": null,
      "visibleFrom": "Mobile"
    },
    {
      "row": 0,
      "name": "Total",
      "size": 1,
      "type": "ListColumn",
      "label": "${Texts.Total}",
      "column": 10,
      "elements": [],
      "helpText": "",
      "isHidden": false,
      "attributes": [
        {
          "key": "formattingType",
          "value": "Decimal"
        }
      ],
      "behaviours": [],
      "description": null,
      "visibleFrom": "Mobile"
    },
    {
      "row": 0,
      "name": "supplier",
      "size": 3,
      "type": "ListColumn",
      "label": "${Texts.Supplier}",
      "column": 6,
      "elements": [],
      "helpText": "",
      "isHidden": false,
      "attributes": [
        {
          "key": "formattingType",
          "value": "Text"
        }
      ],
      "behaviours": [],
      "description": null,
      "visibleFrom": "Mobile"
    },
    {
      "row": 0,
      "name": "Moeda",
      "size": 1,
      "type": "ListColumn",
      "label": "${Texts.Currency}",
      "column": 11,
      "elements": [],
      "helpText": null,
      "isHidden": false,
      "attributes": [
        {
          "key": "formattingType",
          "value": "Text"
        },
        {
          "key": "isDetails",
          "value": "false"
        }
      ],
      "behaviours": [],
      "description": null,
      "visibleFrom": "Mobile"
    },
    {
      "row": 0,
      "name": "QuotationCode",
      "size": 2,
      "type": "ListColumn",
      "label": "${Texts.QuoteRequestNumber}",
      "column": 3,
      "elements": [],
      "helpText": null,
      "isHidden": false,
      "attributes": [
        {
          "key": "formattingType",
          "value": "Text"
        },
        {
          "key": "isDetails",
          "value": "false"
        }
      ],
      "behaviours": [],
      "description": null,
      "visibleFrom": "Mobile"
    }
  ],
  "helpText": "",
  "attributes": [
    {
      "key": "queryTableDefinition",
      "value": "QuoteRequests"
    }
  ],
  "behaviours": [],
  "dataSource": "Primavera",
  "description": ""
}