{
  "name": "QuotationAwaitingValidationList",
  "type": "List",
  "label": "QuotationAwaitingValidationList",
  "query": "QuotationAwaitingValidationQuery",
  "elements": [
    {
      "row": 0,
      "name": "_code",
      "size": 1,
      "type": "ListColumn",
      "label": "${Texts.Code}",
      "column": 1,
      "elements": [],
      "helpText": "",
      "isHidden": false,
      "attributes": [
        {
          "key": "formattingType",
          "value": "Text"
        }
      ],
      "behaviours": [],
      "description": null,
      "visibleFrom": "Mobile"
    },
    {
      "row": 0,
      "name": "documentType",
      "size": 2,
      "type": "ListColumn",
      "label": "${Texts.DocumentType}",
      "column": 2,
      "elements": [],
      "helpText": "",
      "isHidden": false,
      "attributes": [
        {
          "key": "formattingType",
          "value": "Enumeration"
        },
        {
          "key": "enumeration",
          "value": "RequisitionTypes"
        }
      ],
      "behaviours": [],
      "description": null,
      "visibleFrom": "Mobile"
    },
    {
      "row": 0,
      "name": "_date",
      "size": 2,
      "type": "ListColumn",
      "label": "${Texts.DateText}",
      "column": 3,
      "elements": [],
      "helpText": "",
      "isHidden": false,
      "attributes": [
        {
          "key": "formattingType",
          "value": "Date"
        }
      ],
      "behaviours": [],
      "description": null,
      "visibleFrom": "Mobile"
    },
    {
      "row": 0,
      "name": "_assigned",
      "size": 2,
      "type": "ListColumn",
      "label": "${Texts.Approver}",
      "column": 16,
      "elements": [],
      "helpText": "",
      "isHidden": false,
      "attributes": [
        {
          "key": "formattingType",
          "value": "Text"
        }
      ],
      "behaviours": [],
      "description": null,
      "visibleFrom": "Mobile"
    },
    {
      "row": 0,
      "name": "_state",
      "size": 2,
      "type": "ListColumn",
      "label": "${Texts.ApprovalStage}",
      "column": 19,
      "elements": [],
      "helpText": "",
      "isHidden": false,
      "attributes": [
        {
          "key": "formattingType",
          "value": "Enumeration"
        },
        {
          "key": "enumeration",
          "value": "RequisitionsStateMachineStates"
        }
      ],
      "behaviours": [],
      "description": null,
      "visibleFrom": "Mobile"
    },
    {
      "row": 0,
      "name": "Etapa",
      "size": 2,
      "type": "ListColumn",
      "label": "${Texts.Phase}",
      "column": 21,
      "elements": [],
      "helpText": "",
      "isHidden": false,
      "attributes": [
        {
          "key": "formattingType",
          "value": "Text"
        }
      ],
      "behaviours": [],
      "description": null,
      "visibleFrom": "Mobile"
    },
    {
      "row": 0,
      "name": "EmployeeName",
      "size": 2,
      "type": "ListColumn",
      "label": "${Texts.Author}",
      "column": 6,
      "elements": [],
      "helpText": "",
      "isHidden": false,
      "attributes": [
        {
          "key": "formattingType",
          "value": "Text"
        }
      ],
      "behaviours": [],
      "description": null,
      "visibleFrom": "Mobile"
    },
    {
      "row": 0,
      "name": "Company",
      "size": 2,
      "type": "ListColumn",
      "label": "${Texts.Company}",
      "column": 17,
      "elements": [],
      "helpText": null,
      "isHidden": false,
      "attributes": [
        {
          "key": "formattingType",
          "value": "Text"
        },
        {
          "key": "isDetails",
          "value": "false"
        }
      ],
      "behaviours": [],
      "description": null,
      "visibleFrom": "Mobile"
    }
  ],
  "helpText": "",
  "attributes": [
    {
      "key": "queryTableDefinition",
      "value": "Requisitions"
    }
  ],
  "behaviours": [],
  "dataSource": "System",
  "description": ""
}