{
  "name": "RequisitionsSerieList",
  "type": "List",
  "label": "Requisitions Serie",
  "query": "RequisitionsSerieQuery",
  "elements": [
    {
      "row": 0,
      "name": "_code",
      "size": 2,
      "type": "ListColumn",
      "label": "${Texts.Code}",
      "column": 1,
      "elements": [],
      "helpText": null,
      "isHidden": false,
      "attributes": [
        {
          "key": "formattingType",
          "value": "Text"
        }
      ],
      "behaviours": [],
      "description": null,
      "visibleFrom": null
    },
    {
      "row": 0,
      "name": "_name",
      "size": 2,
      "type": "ListColumn",
      "label": "${Texts.Name}",
      "column": 3,
      "elements": [],
      "helpText": null,
      "isHidden": false,
      "attributes": [
        {
          "key": "formattingType",
          "value": "Text"
        }
      ],
      "behaviours": [],
      "description": null,
      "visibleFrom": null
    },
    {
      "row": 0,
      "name": "_inactive",
      "size": 2,
      "type": "ListColumn",
      "label": "${Texts.Inactive}",
      "column": 7,
      "elements": [],
      "helpText": null,
      "isHidden": false,
      "attributes": [
        {
          "key": "formattingType",
          "value": "Boolean"
        }
      ],
      "behaviours": [],
      "description": null,
      "visibleFrom": null
    },
    {
      "row": 0,
      "name": "_startingNumber",
      "size": 2,
      "type": "ListColumn",
      "label": "${Texts.StartingNumber}",
      "column": 9,
      "elements": [],
      "helpText": null,
      "isHidden": false,
      "attributes": [
        {
          "key": "formattingType",
          "value": "Integer"
        }
      ],
      "behaviours": [],
      "description": null,
      "visibleFrom": null
    }
  ],
  "helpText": null,
  "attributes": [
    {
      "key": "queryTableDefinition",
      "value": "RequisitionsSerie"
    }
  ],
  "behaviours": [],
  "dataSource": "System",
  "description": null
}