{
  "name": "SupplierOrdersList",
  "type": "List",
  "label": "SupplierOrdersList",
  "query": "SupplierOrdersQuery",
  "elements": [
    {
      "row": 0,
      "name": "_code",
      "size": 2,
      "type": "ListColumn",
      "label": "${Texts.Code}",
      "column": 1,
      "elements": [],
      "helpText": "",
      "isHidden": false,
      "attributes": [
        {
          "key": "formattingType",
          "value": "Text"
        }
      ],
      "behaviours": [],
      "description": null,
      "visibleFrom": "Mobile"
    },
    {
      "row": 0,
      "name": "documentType",
      "size": 3,
      "type": "ListColumn",
      "label": "${Texts.DocumentType}",
      "column": 4,
      "elements": [],
      "helpText": "",
      "isHidden": false,
      "attributes": [
        {
          "key": "formattingType",
          "value": "Text"
        }
      ],
      "behaviours": [],
      "description": null,
      "visibleFrom": "Mobile"
    },
    {
      "row": 0,
      "name": "_date",
      "size": 2,
      "type": "ListColumn",
      "label": "${Texts.DateText}",
      "column": 5,
      "elements": [],
      "helpText": "",
      "isHidden": false,
      "attributes": [
        {
          "key": "formattingType",
          "value": "Date"
        }
      ],
      "behaviours": [],
      "description": null,
      "visibleFrom": "Mobile"
    },
    {
      "row": 0,
      "name": "_state",
      "size": 2,
      "type": "ListColumn",
      "label": "${Texts.ApprovalStage}",
      "column": 10,
      "elements": [],
      "helpText": "",
      "isHidden": false,
      "attributes": [
        {
          "key": "formattingType",
          "value": "Text"
        }
      ],
      "behaviours": [],
      "description": null,
      "visibleFrom": "Mobile"
    },
    {
      "row": 1,
      "name": "DownloadDocument",
      "size": 1,
      "type": "WebComponent",
      "label": "${Texts.Download}",
      "column": 11,
      "elements": [],
      "helpText": "",
      "isHidden": false,
      "attributes": [
        {
          "key": "webComponentName",
          "value": "OmniaErpDownload"
        },
        {
          "key": "customElementName",
          "value": "omnia-erp-download"
        }
      ],
      "behaviours": [],
      "description": null,
      "visibleFrom": "Mobile"
    }
  ],
  "helpText": "",
  "attributes": [
    {
      "key": "queryTableDefinition",
      "value": "Requisitions"
    }
  ],
  "behaviours": [],
  "dataSource": "System",
  "description": ""
}