{
  "name": "TreasuryDocSeriesList",
  "type": "List",
  "label": "Treasury Doc Series",
  "query": "TreasuryDocSeriesQuery",
  "elements": [
    {
      "row": 0,
      "name": "_code",
      "size": 2,
      "type": "ListColumn",
      "label": "${Texts.Code}",
      "column": 1,
      "elements": [],
      "helpText": null,
      "isHidden": false,
      "attributes": [
        {
          "key": "formattingType",
          "value": "Text"
        }
      ],
      "behaviours": [],
      "description": null,
      "visibleFrom": null
    },
    {
      "row": 0,
      "name": "_description",
      "size": 2,
      "type": "ListColumn",
      "label": "${Texts.Description}",
      "column": 7,
      "elements": [],
      "helpText": null,
      "isHidden": false,
      "attributes": [
        {
          "key": "formattingType",
          "value": "Text"
        }
      ],
      "behaviours": [],
      "description": null,
      "visibleFrom": null
    },
    {
      "row": 0,
      "name": "beginDate",
      "size": 2,
      "type": "ListColumn",
      "label": "${Texts.Begins}",
      "column": 8,
      "elements": [],
      "helpText": null,
      "isHidden": false,
      "attributes": [
        {
          "key": "formattingType",
          "value": "Text"
        },
        {
          "key": "isDetails",
          "value": "false"
        }
      ],
      "behaviours": [],
      "description": null,
      "visibleFrom": "Mobile"
    },
    {
      "row": 0,
      "name": "endDate",
      "size": 2,
      "type": "ListColumn",
      "label": "${Texts.Ends}",
      "column": 9,
      "elements": [],
      "helpText": null,
      "isHidden": false,
      "attributes": [
        {
          "key": "formattingType",
          "value": "Text"
        },
        {
          "key": "isDetails",
          "value": "false"
        }
      ],
      "behaviours": [],
      "description": null,
      "visibleFrom": "Mobile"
    },
    {
      "row": 0,
      "name": "documentType",
      "size": 2,
      "type": "ListColumn",
      "label": "${Texts.DocumentText}",
      "column": 10,
      "elements": [],
      "helpText": null,
      "isHidden": false,
      "attributes": [
        {
          "key": "formattingType",
          "value": "Text"
        },
        {
          "key": "isDetails",
          "value": "false"
        }
      ],
      "behaviours": [],
      "description": null,
      "visibleFrom": "Mobile"
    }
  ],
  "helpText": null,
  "attributes": [
    {
      "key": "queryTableDefinition",
      "value": "TreasuryDocSeries"
    }
  ],
  "behaviours": [],
  "dataSource": "Primavera",
  "description": null
}