{
  "name": "Item",
  "attributes": [
    {
      "name": "_code",
      "type": "Text",
      "isSystem": true,
      "isReadOnly": false,
      "description": null,
      "multiplicity": {
        "lower": 1,
        "upper": 1
      },
      "aggregationKind": "None",
      "isSensitiveData": null,
      "dependsOnAttribute": null
    },
    {
      "name": "_name",
      "type": "Text",
      "isSystem": true,
      "isReadOnly": false,
      "description": null,
      "multiplicity": {
        "lower": 1,
        "upper": 1
      },
      "aggregationKind": "None",
      "isSensitiveData": null,
      "dependsOnAttribute": null
    },
    {
      "name": "_description",
      "type": "Text",
      "isSystem": true,
      "isReadOnly": false,
      "description": null,
      "multiplicity": {
        "lower": 0,
        "upper": 1
      },
      "aggregationKind": "None",
      "isSensitiveData": null,
      "dependsOnAttribute": null
    },
    {
      "name": "_inactive",
      "type": "Boolean",
      "isSystem": true,
      "isReadOnly": false,
      "description": null,
      "multiplicity": {
        "lower": 1,
        "upper": 1
      },
      "aggregationKind": "None",
      "isSensitiveData": null,
      "dependsOnAttribute": null
    },
    {
      "name": "Unit",
      "type": "Text",
      "isSystem": false,
      "isReadOnly": true,
      "description": "",
      "multiplicity": {
        "lower": 1,
        "upper": 1
      },
      "aggregationKind": "None",
      "isSensitiveData": false,
      "dependsOnAttribute": ""
    }
  ],
  "dataSource": "Primavera",
  "description": "",
  "dataBehaviours": [
    {
      "name": "Create",
      "type": "Create",
      "expression": " ",
      "description": ""
    },
    {
      "name": "Delete",
      "type": "Delete",
      "expression": " ",
      "description": ""
    },
    {
      "name": "Read",
      "type": "Read",
      "expression": " ItemDto dto = new ItemDto();\r\n\r\nDictionary<string, object> queryData = new Dictionary<string, object>{{\"Company\", this._Context.Operation.DataSource}, {\"Query\", $\"SELECT Artigo, Descricao as Descricao, UnidadeCompra Unit FROM Artigo WHERE Artigo = '{identifier}'\"}};\r\n\r\nvar queryResult = PrimaveraApplicationBehaviours.PrimaveraRead(queryData, this._Context);\r\nvar entityData = (Dictionary<string, object>)queryResult[\"Data\"];\r\n\r\ndto._code = entityData[\"Artigo\"].ToString();\r\ndto._name = entityData[\"Descricao\"].ToString();\r\ndto.Unit = entityData[\"Unit\"].ToString();\r\nreturn dto;\r\n",
      "description": ""
    },
    {
      "name": "ReadList",
      "type": "ReadList",
      "expression": " Dictionary<string, object> queryData = new Dictionary<string, object> {\r\n    { \"Company\", this._Context.Operation.DataSource },\r\n    { \"QueryContext\", queryContext } ,\r\n    { \"Page\", page }, { \"Rows\", pageSize },\r\n    { \"KeyParameter\", \"_code\" }\r\n};\r\n    \r\nvar queryResult = PrimaveraApplicationBehaviours.PrimaveraReadList(queryData, this._Context);\r\n\r\nreturn (\r\n    (int)queryResult[\"NumberOfRecords\"],\r\n    (List<IDictionary<string, object>>)queryResult[\"Data\"]\r\n);",
      "description": ""
    },
    {
      "name": "Update",
      "type": "Update",
      "expression": " ",
      "description": ""
    }
  ],
  "entityBehaviours": [],
  "behaviourNamespaces": []
}