{
  "name": "ApprovalProfiles",
  "isRoot": true,
  "attributes": [
    {
      "name": "_code",
      "type": "Text",
      "isSystem": true,
      "isReadOnly": false,
      "description": null,
      "multiplicity": {
        "lower": 1,
        "upper": 1
      },
      "aggregationKind": "None",
      "isSensitiveData": null,
      "dependsOnAttribute": null
    },
    {
      "name": "_name",
      "type": "Text",
      "isSystem": true,
      "isReadOnly": false,
      "description": null,
      "multiplicity": {
        "lower": 1,
        "upper": 1
      },
      "aggregationKind": "None",
      "isSensitiveData": null,
      "dependsOnAttribute": null
    },
    {
      "name": "_description",
      "type": "Text",
      "isSystem": true,
      "isReadOnly": false,
      "description": null,
      "multiplicity": {
        "lower": 0,
        "upper": 1
      },
      "aggregationKind": "None",
      "isSensitiveData": null,
      "dependsOnAttribute": null
    },
    {
      "name": "_inactive",
      "type": "Boolean",
      "isSystem": true,
      "isReadOnly": false,
      "description": null,
      "multiplicity": {
        "lower": 1,
        "upper": 1
      },
      "aggregationKind": "None",
      "isSensitiveData": null,
      "dependsOnAttribute": null
    },
    {
      "name": "Approver",
      "type": "Employee",
      "isSystem": false,
      "isReadOnly": false,
      "description": "",
      "multiplicity": {
        "lower": 0,
        "upper": 1
      },
      "aggregationKind": "Shared",
      "isSensitiveData": false,
      "dependsOnAttribute": ""
    },
    {
      "name": "System",
      "type": "Boolean",
      "isSystem": false,
      "isReadOnly": true,
      "description": "",
      "multiplicity": {
        "lower": 1,
        "upper": 1
      },
      "aggregationKind": "None",
      "isSensitiveData": false,
      "dependsOnAttribute": ""
    }
  ],
  "dataSource": "System",
  "description": "",
  "dataBehaviours": [],
  "entityBehaviours": [
    {
      "name": "OnApproverChange",
      "type": "Action",
      "attribute": "Approver",
      "expression": "this._description = \"\";\r\nif(string.IsNullOrEmpty(this.Approver?.ToString()))\r\n    return;\r\n\r\nvar httpClient = this._Context.CreateApplicationHttpClient();\r\nvar requestResult = httpClient.GetAsync($\"Employee/Default/{this.Approver}\").GetAwaiter().GetResult();\r\n\r\nif (!requestResult.IsSuccessStatusCode)\r\n     throw new Exception(SystemApplicationBehaviours.System_GetText(new Dictionary<string, object>{\r\n    \t{\"name\",\"EntityRetrieveError\"},\r\n    \t{\"language\",_Context.Operation.Language},\r\n    \t{\"parameters\",new object[]{this.Approver}}\r\n    })[\"text\"].ToString());\r\n\r\nvar entity = requestResult.Content.ReadAsAsync<EmployeeDto>().GetAwaiter().GetResult();\r\n\r\nthis._description = entity._name; \r\n",
      "description": ""
    },
    {
      "name": "BeforeSave",
      "type": "BeforeSave",
      "attribute": null,
      "expression": "if(this._Context.Operation.Action != Libraries.Infrastructure.Behaviours.Action.EntityCreate)\n{\n    if (this.System)\n         throw new Exception(\n                                SystemApplicationBehaviours.System_GetText(new Dictionary<string, object>{\n                                            {\"name\",\"ApprovalProfilesSystemChangeError\"},\n                                            {\"language\",_Context.Operation.Language}\n                                                                })[\"text\"].ToString()\n                        );\n                        \n    if(string.IsNullOrEmpty(this.Approver))\n        throw new Exception(\n                                SystemApplicationBehaviours.System_GetText(new Dictionary<string, object>{\n                                            {\"name\",\"ApprovalProfilesApproverMissing\"},\n                                            {\"language\",_Context.Operation.Language}\n                                                                })[\"text\"].ToString()\n                        );\n}",
      "description": ""
    },
    {
      "name": "AfterSave",
      "type": "AfterSave",
      "attribute": null,
      "expression": "var httpClient = this._Context.CreateApplicationHttpClient();\nvar dataSource = \"Default\";\nvar requestCompanyResult = httpClient.PostAsJsonAsync($\"Queries/PrimaveraQuery/{dataSource}?pageSize=1\", new {}).GetAwaiter().GetResult();\n\nif (!requestCompanyResult.IsSuccessStatusCode)\n     throw new Exception(SystemApplicationBehaviours.System_GetText(new Dictionary<string, object>{\n    \t{\"name\",\"QueryExecuteError\"},\n    \t{\"language\",_Context.Operation.Language},\n    \t{\"parameters\",new object[]{\"PrimaveraQuery\"}}\n    })[\"text\"].ToString());\n\nvar resultPRIMAVERA = requestCompanyResult.Content.ReadAsAsync<List<Dictionary<string, object>>>().GetAwaiter().GetResult();\n\nif (resultPRIMAVERA.Count > 0 && resultPRIMAVERA.Where(row => Convert.ToBoolean(row[\"_inactive\"] = true)).Any())\n{\n    var primavera = resultPRIMAVERA.Where(row => Convert.ToBoolean(row[\"_inactive\"] = true)).First()[\"_code\"].ToString();\n    \n    Dictionary<string, object> requestData = new Dictionary<string, object>();\n                    requestData.Add(\"entity\", this.ToDto());\n    \n    if(this._Context.Operation.Action == Libraries.Infrastructure.Behaviours.Action.EntityDelete)\n            requestData.Add(\"delete\", true);\n            \n    var request = httpClient.PostAsJsonAsync($\"Behaviours/{primavera}/ApprovalProfilesUpdateERP\", requestData).GetAwaiter().GetResult();\n\n    SystemApplicationBehaviours.EnsureSuccessApiResult(new Dictionary<string, object> { { \"requestResult\", request } }, _Context);\n\n    var result =  request.Content.ReadAsAsync<Dictionary<string, object>>()\n     .GetAwaiter().GetResult();\n\n    return new AfterSaveMessage(\"\", AfterSaveMessageType.Success);\n}\nelse\n    throw new Exception(SystemApplicationBehaviours.System_GetText(new Dictionary<string, object>{\n    \t{\"name\",\"QueryExecuteError\"},\n    \t{\"language\",_Context.Operation.Language},\n    \t{\"parameters\",new object[]{\"PrimaveraQuery\"}}\n    })[\"text\"].ToString());",
      "description": ""
    }
  ],
  "behaviourNamespaces": []
}