{
  "name": "Currency",
  "isRoot": true,
  "attributes": [
    {
      "name": "_code",
      "type": "Text",
      "length": null,
      "isSystem": true,
      "isReadOnly": false,
      "description": null,
      "multiplicity": {
        "lower": 1,
        "upper": 1
      },
      "aggregationKind": "None",
      "isSensitiveData": null,
      "dependsOnAttribute": null
    },
    {
      "name": "_name",
      "type": "Text",
      "length": null,
      "isSystem": true,
      "isReadOnly": false,
      "description": null,
      "multiplicity": {
        "lower": 1,
        "upper": 1
      },
      "aggregationKind": "None",
      "isSensitiveData": null,
      "dependsOnAttribute": null
    },
    {
      "name": "_description",
      "type": "Text",
      "length": null,
      "isSystem": true,
      "isReadOnly": false,
      "description": null,
      "multiplicity": {
        "lower": 0,
        "upper": 1
      },
      "aggregationKind": "None",
      "isSensitiveData": null,
      "dependsOnAttribute": null
    },
    {
      "name": "_inactive",
      "type": "Boolean",
      "length": null,
      "isSystem": true,
      "isReadOnly": false,
      "description": null,
      "multiplicity": {
        "lower": 1,
        "upper": 1
      },
      "aggregationKind": "None",
      "isSensitiveData": null,
      "dependsOnAttribute": null
    }
  ],
  "dataSource": "Primavera",
  "description": "",
  "dataBehaviours": [
    {
      "name": "Create",
      "type": "Create",
      "expression": "throw new NotImplementedException(\"Create data behaviour not implemented.\");",
      "description": ""
    },
    {
      "name": "Delete",
      "type": "Delete",
      "expression": "throw new NotImplementedException(\"Delete data behaviour not implemented.\");",
      "description": ""
    },
    {
      "name": "Read",
      "type": "Read",
      "expression": "throw new NotImplementedException(\"Read data behaviour not implemented.\");",
      "description": ""
    },
    {
      "name": "ReadList",
      "type": "ReadList",
      "expression": "            var queryDefinition = new ERP.ListQueryDefinition()\r\n            {\r\n                ErpCompany = this._Context.Operation.DataSource,\r\n                QueryContext = queryContext,\r\n                Page = page,\r\n                Rows = pageSize,\r\n                KeyParameter = \"Moeda\",\r\n                IsOmniaDbQuery = true,\r\n            };\r\n            var queryResult = await ERP.Entities.ReadListAsync(queryDefinition, _Context);\r\n            return (queryResult.NumberOfRecords, queryResult.Data);",
      "description": ""
    },
    {
      "name": "Update",
      "type": "Update",
      "expression": "throw new NotImplementedException(\"Update data behaviour not implemented.\");",
      "description": ""
    }
  ],
  "entityBehaviours": [],
  "behaviourNamespaces": []
}