{
  "name": "ExternalUserEntityType",
  "isRoot": false,
  "attributes": [
    {
      "name": "_code",
      "type": "Text",
      "isSystem": true,
      "isReadOnly": false,
      "description": null,
      "multiplicity": {
        "lower": 1,
        "upper": 1
      },
      "aggregationKind": "None",
      "isSensitiveData": null,
      "dependsOnAttribute": null
    },
    {
      "name": "_name",
      "type": "Text",
      "isSystem": true,
      "isReadOnly": true,
      "description": null,
      "multiplicity": {
        "lower": 1,
        "upper": 1
      },
      "aggregationKind": "None",
      "isSensitiveData": null,
      "dependsOnAttribute": null
    },
    {
      "name": "_description",
      "type": "Text",
      "isSystem": true,
      "isReadOnly": false,
      "description": null,
      "multiplicity": {
        "lower": 0,
        "upper": 1
      },
      "aggregationKind": "None",
      "isSensitiveData": null,
      "dependsOnAttribute": null
    },
    {
      "name": "_inactive",
      "type": "Boolean",
      "isSystem": true,
      "isReadOnly": false,
      "description": null,
      "multiplicity": {
        "lower": 1,
        "upper": 1
      },
      "aggregationKind": "None",
      "isSensitiveData": null,
      "dependsOnAttribute": null
    },
    {
      "name": "Type",
      "type": "ERPEntityType",
      "isSystem": false,
      "isReadOnly": false,
      "description": "",
      "multiplicity": {
        "lower": 1,
        "upper": 1
      },
      "aggregationKind": "None",
      "isSensitiveData": false,
      "dependsOnAttribute": ""
    },
    {
      "name": "Primavera",
      "type": "Primavera",
      "isSystem": false,
      "isReadOnly": true,
      "description": "",
      "multiplicity": {
        "lower": 1,
        "upper": 1
      },
      "aggregationKind": "Shared",
      "isSensitiveData": false,
      "dependsOnAttribute": ""
    },
    {
      "name": "Company",
      "type": "Company",
      "isSystem": false,
      "isReadOnly": false,
      "description": "",
      "multiplicity": {
        "lower": 1,
        "upper": 1
      },
      "aggregationKind": "Shared",
      "isSensitiveData": false,
      "dependsOnAttribute": ""
    },
    {
      "name": "ERPCode",
      "type": "ERPEntity",
      "isSystem": false,
      "isReadOnly": false,
      "description": "",
      "multiplicity": {
        "lower": 1,
        "upper": 1
      },
      "aggregationKind": "Shared",
      "isSensitiveData": false,
      "dependsOnAttribute": "Primavera"
    }
  ],
  "dataSource": "System",
  "description": "",
  "dataBehaviours": [],
  "entityBehaviours": [
    {
      "name": "Defaults",
      "type": "Initialize",
      "attribute": null,
      "expression": "if(this._code != null && this._code != String.Empty) return; \r\nthis._code = Guid.NewGuid().ToString(\"N\");\r\nthis.Type = ERPEntityType.Supplier;",
      "description": null
    },
    {
      "name": "OnCompanyChange",
      "type": "Action",
      "attribute": "Company",
      "expression": "this.Primavera = null;\nthis._name = null;\nthis.ERPCode = null;\nif (string.IsNullOrEmpty(this.Company?.ToString()))\n    return;\n\nif (this._Dto.HasPropertyChanged(nameof(this.Primavera)))\n    return;\n\nvar httpClient = this._Context.CreateApplicationHttpClient();\nvar dataSource = \"Default\";\nvar requestResult = httpClient.GetAsync($\"Company/{dataSource}/{this.Company}\").GetAwaiter().GetResult();\n\nif (!requestResult.IsSuccessStatusCode)\n    throw new Exception(SystemApplicationBehaviours.System_GetText(new Dictionary<string, object>{\n\t\t\t\t{\"name\",\"EntityRetrieveError\"},\n\t\t\t\t{\"language\",_Context.Operation.Language},\n\t\t\t\t{\"parameters\",new object[]{this.Company}}\n\t\t})[\"text\"].ToString());\n\nvar entity = requestResult.Content.ReadAsAsync<CompanyDto>().GetAwaiter().GetResult();\n\nthis.Primavera = entity.Primavera;",
      "description": ""
    },
    {
      "name": "OnERPCodeChange",
      "type": "Action",
      "attribute": "ERPCode",
      "expression": "this._name = \"\";\r\nif (string.IsNullOrEmpty(this.Primavera))\r\n    return;\r\nif (string.IsNullOrEmpty(this.ERPCode))\r\n    return;\r\n\r\nvar httpClient = this._Context.CreateApplicationHttpClient();\r\nvar dataSource = this.Primavera;\r\nvar requestResult = httpClient.PostAsJsonAsync($\"Queries/ERPEntityQuery/{dataSource}?pageSize=1\", new\r\n{\r\n    Filter = new { Property = \"_code\", Value = this.ERPCode },\r\n    Parameters = new List<object> { new { Name = \"type\", Value = this.Type.ToString() } }\r\n}).GetAwaiter().GetResult();\r\n\r\nif (!requestResult.IsSuccessStatusCode)\r\n    throw new Exception(SystemApplicationBehaviours.System_GetText(new Dictionary<string, object>{\r\n        \t{\"name\",\"QueryExecuteError\"},\r\n        \t{\"language\",_Context.Operation.Language},\r\n        \t{\"parameters\",new object[]{\"ERPEntityQuery\"}}\r\n        })[\"text\"].ToString());\r\n\r\nvar result = requestResult.Content.ReadAsAsync<List<Dictionary<string, object>>>().GetAwaiter().GetResult();\r\n\r\nif (result == null || result.Count == 0)\r\n        throw new Exception(SystemApplicationBehaviours.System_GetText(new Dictionary<string, object>{\r\n                                                                {\"name\",\"RecordNotFound\"},\r\n                                                                {\"language\",this._Context.Operation.Language},\r\n                                                                {\"parameters\",new object[]{ this.ERPCode}}\r\n                                                            })[\"text\"].ToString());\r\n\r\nthis._name = result.First()[\"_name\"].ToString();",
      "description": ""
    },
    {
      "name": "OnTypeChange",
      "type": "Action",
      "attribute": "Type",
      "expression": "this._name = \"\";\nthis.ERPCode = \"\";",
      "description": ""
    }
  ],
  "behaviourNamespaces": []
}