{
  "name": "OrganizationalUnit",
  "isRoot": true,
  "attributes": [
    {
      "name": "_code",
      "type": "Text",
      "length": null,
      "isSystem": true,
      "isReadOnly": false,
      "description": null,
      "multiplicity": {
        "lower": 1,
        "upper": 1
      },
      "aggregationKind": "None",
      "isSensitiveData": null,
      "dependsOnAttribute": null
    },
    {
      "name": "_name",
      "type": "Text",
      "length": null,
      "isSystem": true,
      "isReadOnly": false,
      "description": null,
      "multiplicity": {
        "lower": 1,
        "upper": 1
      },
      "aggregationKind": "None",
      "isSensitiveData": null,
      "dependsOnAttribute": null
    },
    {
      "name": "_description",
      "type": "Text",
      "length": null,
      "isSystem": true,
      "isReadOnly": false,
      "description": null,
      "multiplicity": {
        "lower": 0,
        "upper": 1
      },
      "aggregationKind": "None",
      "isSensitiveData": null,
      "dependsOnAttribute": null
    },
    {
      "name": "_inactive",
      "type": "Boolean",
      "length": null,
      "isSystem": true,
      "isReadOnly": false,
      "description": null,
      "multiplicity": {
        "lower": 1,
        "upper": 1
      },
      "aggregationKind": "None",
      "isSensitiveData": null,
      "dependsOnAttribute": null
    },
    {
      "name": "Manager",
      "type": "Employee",
      "length": null,
      "isSystem": false,
      "isReadOnly": false,
      "description": "",
      "multiplicity": {
        "lower": 1,
        "upper": 1
      },
      "aggregationKind": "Shared",
      "isSensitiveData": false,
      "dependsOnAttribute": ""
    },
    {
      "name": "PurchasingManager",
      "type": "Employee",
      "length": null,
      "isSystem": false,
      "isReadOnly": false,
      "description": "",
      "multiplicity": {
        "lower": 0,
        "upper": 1
      },
      "aggregationKind": "Shared",
      "isSensitiveData": false,
      "dependsOnAttribute": ""
    },
    {
      "name": "RequisitionApprovalFlow",
      "type": "ApprovalFlowItem",
      "length": null,
      "isSystem": false,
      "isReadOnly": false,
      "description": "",
      "multiplicity": {
        "lower": 0,
        "upper": 100
      },
      "aggregationKind": "Composite",
      "isSensitiveData": false,
      "dependsOnAttribute": ""
    },
    {
      "name": "QuotationsApprovalFlow",
      "type": "ApprovalFlowItem",
      "length": null,
      "isSystem": false,
      "isReadOnly": false,
      "description": "",
      "multiplicity": {
        "lower": 0,
        "upper": 100
      },
      "aggregationKind": "Composite",
      "isSensitiveData": false,
      "dependsOnAttribute": ""
    },
    {
      "name": "PaymentApprovalFlow",
      "type": "ApprovalFlowItem",
      "length": null,
      "isSystem": false,
      "isReadOnly": false,
      "description": "",
      "multiplicity": {
        "lower": 0,
        "upper": 100
      },
      "aggregationKind": "Composite",
      "isSensitiveData": false,
      "dependsOnAttribute": ""
    },
    {
      "name": "ManagerName",
      "type": "Text",
      "length": null,
      "isSystem": false,
      "isReadOnly": true,
      "description": "",
      "multiplicity": {
        "lower": 1,
        "upper": 1
      },
      "aggregationKind": "None",
      "isSensitiveData": false,
      "dependsOnAttribute": ""
    },
    {
      "name": "PurchasingManagerName",
      "type": "Text",
      "length": null,
      "isSystem": false,
      "isReadOnly": true,
      "description": "",
      "multiplicity": {
        "lower": 0,
        "upper": 1
      },
      "aggregationKind": "None",
      "isSensitiveData": false,
      "dependsOnAttribute": ""
    },
    {
      "name": "Company",
      "type": "Company",
      "length": {
        "maximum": null,
        "minimum": 1
      },
      "isSystem": false,
      "isReadOnly": false,
      "description": "",
      "multiplicity": {
        "lower": 0,
        "upper": 1
      },
      "aggregationKind": "Shared",
      "isSensitiveData": false,
      "dependsOnAttribute": ""
    },
    {
      "name": "Primavera",
      "type": "Primavera",
      "length": {
        "maximum": null,
        "minimum": 0
      },
      "isSystem": false,
      "isReadOnly": false,
      "description": "",
      "multiplicity": {
        "lower": 0,
        "upper": 1
      },
      "aggregationKind": "Shared",
      "isSensitiveData": false,
      "dependsOnAttribute": ""
    },
    {
      "name": "Currency",
      "type": "Currency",
      "length": {
        "maximum": null,
        "minimum": 1
      },
      "isSystem": false,
      "isReadOnly": false,
      "description": "",
      "multiplicity": {
        "lower": 0,
        "upper": 1
      },
      "aggregationKind": "Shared",
      "isSensitiveData": false,
      "dependsOnAttribute": "Primavera"
    },
    {
      "name": "DocumentERPRI",
      "type": "InternalReqDocTypes",
      "length": {
        "maximum": null,
        "minimum": 0
      },
      "isSystem": false,
      "isReadOnly": false,
      "description": "",
      "multiplicity": {
        "lower": 0,
        "upper": 1
      },
      "aggregationKind": "Shared",
      "isSensitiveData": false,
      "dependsOnAttribute": "Primavera"
    },
    {
      "name": "DocumentERPPCO",
      "type": "QuotationReqDocTypes",
      "length": {
        "maximum": null,
        "minimum": 0
      },
      "isSystem": false,
      "isReadOnly": false,
      "description": "",
      "multiplicity": {
        "lower": 0,
        "upper": 1
      },
      "aggregationKind": "Shared",
      "isSensitiveData": false,
      "dependsOnAttribute": "Primavera"
    },
    {
      "name": "DocumentERPCF",
      "type": "QuotationDocTypes",
      "length": {
        "maximum": null,
        "minimum": 0
      },
      "isSystem": false,
      "isReadOnly": false,
      "description": "",
      "multiplicity": {
        "lower": 0,
        "upper": 1
      },
      "aggregationKind": "Shared",
      "isSensitiveData": false,
      "dependsOnAttribute": "Primavera"
    },
    {
      "name": "documentERPECF",
      "type": "OrderSupplierTypes",
      "length": {
        "maximum": null,
        "minimum": 0
      },
      "isSystem": false,
      "isReadOnly": false,
      "description": "Documento Encomenda",
      "multiplicity": {
        "lower": 0,
        "upper": 1
      },
      "aggregationKind": "Shared",
      "isSensitiveData": false,
      "dependsOnAttribute": "Primavera"
    },
    {
      "name": "UseDefIntReqSerie",
      "type": "Boolean",
      "length": {
        "maximum": null,
        "minimum": 0
      },
      "isSystem": false,
      "isReadOnly": false,
      "description": "",
      "multiplicity": {
        "lower": 1,
        "upper": 1
      },
      "aggregationKind": "None",
      "isSensitiveData": false,
      "dependsOnAttribute": ""
    },
    {
      "name": "UseDefOrdSuppSerie",
      "type": "Boolean",
      "length": {
        "maximum": null,
        "minimum": 0
      },
      "isSystem": false,
      "isReadOnly": false,
      "description": "",
      "multiplicity": {
        "lower": 1,
        "upper": 1
      },
      "aggregationKind": "None",
      "isSensitiveData": false,
      "dependsOnAttribute": ""
    },
    {
      "name": "UseDefQuotDocSerie",
      "type": "Boolean",
      "length": {
        "maximum": null,
        "minimum": 0
      },
      "isSystem": false,
      "isReadOnly": false,
      "description": "",
      "multiplicity": {
        "lower": 1,
        "upper": 1
      },
      "aggregationKind": "None",
      "isSensitiveData": false,
      "dependsOnAttribute": ""
    },
    {
      "name": "UseDefLiqDocSerie",
      "type": "Boolean",
      "length": {
        "maximum": null,
        "minimum": 0
      },
      "isSystem": false,
      "isReadOnly": false,
      "description": "",
      "multiplicity": {
        "lower": 1,
        "upper": 1
      },
      "aggregationKind": "None",
      "isSensitiveData": false,
      "dependsOnAttribute": ""
    },
    {
      "name": "IntReqSeries",
      "type": "IntReqSeries",
      "length": {
        "maximum": null,
        "minimum": 0
      },
      "isSystem": false,
      "isReadOnly": false,
      "description": "",
      "multiplicity": {
        "lower": 0,
        "upper": 1
      },
      "aggregationKind": "Shared",
      "isSensitiveData": false,
      "dependsOnAttribute": "Primavera"
    },
    {
      "name": "TreasuryDocSeries",
      "type": "TreasuryDocSeries",
      "length": {
        "maximum": null,
        "minimum": 0
      },
      "isSystem": false,
      "isReadOnly": false,
      "description": "",
      "multiplicity": {
        "lower": 0,
        "upper": 1
      },
      "aggregationKind": "Shared",
      "isSensitiveData": false,
      "dependsOnAttribute": "Primavera"
    },
    {
      "name": "PurchasesDocSeries",
      "type": "PurchasesDocSeries",
      "length": {
        "maximum": null,
        "minimum": 0
      },
      "isSystem": false,
      "isReadOnly": false,
      "description": "",
      "multiplicity": {
        "lower": 0,
        "upper": 1
      },
      "aggregationKind": "Shared",
      "isSensitiveData": false,
      "dependsOnAttribute": "Primavera"
    },
    {
      "name": "QuotationDocumentSeries",
      "type": "PurchasesDocSeries",
      "length": {
        "maximum": null,
        "minimum": 0
      },
      "isSystem": false,
      "isReadOnly": false,
      "description": "",
      "multiplicity": {
        "lower": 0,
        "upper": 1
      },
      "aggregationKind": "Shared",
      "isSensitiveData": false,
      "dependsOnAttribute": "Primavera"
    },
    {
      "name": "SupplierOrderSeries",
      "type": "PurchasesDocSeries",
      "length": {
        "maximum": null,
        "minimum": 0
      },
      "isSystem": false,
      "isReadOnly": false,
      "description": "",
      "multiplicity": {
        "lower": 0,
        "upper": 1
      },
      "aggregationKind": "Shared",
      "isSensitiveData": false,
      "dependsOnAttribute": "Primavera"
    },
    {
      "name": "QuoteRequestSeries",
      "type": "PurchasesDocSeries",
      "length": {
        "maximum": null,
        "minimum": 0
      },
      "isSystem": false,
      "isReadOnly": false,
      "description": "",
      "multiplicity": {
        "lower": 0,
        "upper": 1
      },
      "aggregationKind": "Shared",
      "isSensitiveData": false,
      "dependsOnAttribute": "Primavera"
    },
    {
      "name": "LiquidationDocType",
      "type": "LiquidationDocTypes",
      "length": {
        "maximum": null,
        "minimum": 0
      },
      "isSystem": false,
      "isReadOnly": false,
      "description": "",
      "multiplicity": {
        "lower": 0,
        "upper": 1
      },
      "aggregationKind": "Shared",
      "isSensitiveData": false,
      "dependsOnAttribute": "Primavera"
    },
    {
      "name": "RequisitionPurchaseUsers",
      "type": "RequisitionPurchaseUsers",
      "length": {
        "maximum": null,
        "minimum": 0
      },
      "isSystem": false,
      "isReadOnly": false,
      "description": "",
      "multiplicity": {
        "lower": 0,
        "upper": 1
      },
      "aggregationKind": "Shared",
      "isSensitiveData": false,
      "dependsOnAttribute": "Primavera"
    },
    {
      "name": "PurchaseTeam",
      "type": "PurchaseTeam",
      "length": {
        "maximum": null,
        "minimum": 0
      },
      "isSystem": false,
      "isReadOnly": false,
      "description": "",
      "multiplicity": {
        "lower": 0,
        "upper": 100
      },
      "aggregationKind": "Composite",
      "isSensitiveData": false,
      "dependsOnAttribute": ""
    }
  ],
  "dataSource": "System",
  "description": "",
  "dataBehaviours": [],
  "entityBehaviours": [
    {
      "name": "BeforeSave",
      "type": "BeforeSave",
      "attribute": null,
      "expression": "this.RequisitionApprovalFlow = this.RequisitionApprovalFlow.OrderBy(linha => linha.Order).ToList();\r\nthis.QuotationsApprovalFlow = this.QuotationsApprovalFlow.OrderBy(linha => linha.Order).ToList();\r\nthis.PaymentApprovalFlow = this.PaymentApprovalFlow.OrderBy(linha => linha.Order).ToList();\r\n\r\nif(this.Company != null) \r\n{\r\n    var httpClient = this._Context.CreateApplicationHttpClient();\r\n    var dataSource = \"Default\";\r\n    var requestCompanyResult = httpClient.PostAsJsonAsync($\"Queries/CheckExistsInCompQuery/{dataSource}?pageSize=1\", new\r\n    {\r\n        Parameters = new List<object>{\r\n                        new {Name = \"orgunit\", Value = this._code},\r\n                        new {Name = \"comp\", Value = this.Company} }\r\n    }).GetAwaiter().GetResult();\r\n\r\n    if (!requestCompanyResult.IsSuccessStatusCode)\r\n        throw new Exception(SystemApplicationBehaviours.System_GetText(new Dictionary<string, object>{\r\n        {\"name\",\"QueryExecuteError\"},\r\n        {\"language\",_Context.Operation.Language},\r\n        {\"parameters\",new object[]{\"CheckExistsInCompQuery\"}}\r\n        })[\"text\"].ToString());\r\n\r\n    var result = requestCompanyResult.Content.ReadAsAsync<List<Dictionary<string, object>>>().GetAwaiter().GetResult();\r\n    int total = Convert.ToInt32(result.First()[\"total\"]);\r\n\r\n    if (total > 0)\r\n    {\r\n        throw new Exception(\"ErrorPreenche\");\r\n    }\r\n}",
      "description": ""
    },
    {
      "name": "AfterChange",
      "type": "AfterChange",
      "attribute": null,
      "expression": "if (this._Dto.HasPropertyChanged(\"RequisitionApprovalFlow\"))\r\n{\r\n    int topValue = 0;\r\n    var lastOrderElement = this.RequisitionApprovalFlow.OrderByDescending(a => a.Order).FirstOrDefault();\r\n    if (lastOrderElement != null)\r\n        topValue = lastOrderElement.Order;\r\n\r\n    var lastLine = this.RequisitionApprovalFlow.LastOrDefault();\r\n    if (lastLine!= null && lastLine.Order == 0)\r\n        lastLine.Order = topValue + 1;\r\n}\r\n\r\nif (this._Dto.HasPropertyChanged(\"QuotationsApprovalFlow\"))\r\n{\r\n    int topValue = 0;\r\n    var lastOrderElement = this.QuotationsApprovalFlow.OrderByDescending(a => a.Order).FirstOrDefault();\r\n    if (lastOrderElement != null)\r\n        topValue = lastOrderElement.Order;\r\n\r\n    var lastLine = this.QuotationsApprovalFlow.LastOrDefault();\r\n    if (lastLine!= null && lastLine.Order == 0)\r\n        lastLine.Order = topValue + 1;\r\n}\r\n\r\nif (this._Dto.HasPropertyChanged(\"PaymentApprovalFlow\"))\r\n{\r\n    int topValue = 0;\r\n    var lastOrderElement = this.PaymentApprovalFlow.OrderByDescending(a => a.Order).FirstOrDefault();\r\n    if (lastOrderElement != null)\r\n        topValue = lastOrderElement.Order;\r\n\r\n    var lastLine = this.PaymentApprovalFlow.LastOrDefault();\r\n    if (lastLine!= null && lastLine.Order == 0)\r\n        lastLine.Order = topValue + 1;\r\n}",
      "description": ""
    },
    {
      "name": "OnManagerChange",
      "type": "Action",
      "attribute": "Manager",
      "expression": "this.ManagerName = \"\";\n// Code generated by an accelerator (you can change it if you need)\n// The following code invokes the API to retrieve the data of an entity and set the values in the current entity\nif(string.IsNullOrEmpty(this.Manager?.ToString()))\n    return;\n\n// In order to prevent to invoke the API if the values were sent by the user\nif(\n    this._Dto.HasPropertyChanged(nameof(this.ManagerName))  \n)\n    return;\n\nvar httpClient = this._Context.CreateApplicationHttpClient();\nvar dataSource = \"Default\";\nvar requestResult = httpClient.GetAsync($\"Employee/{dataSource}/{this.Manager}\").GetAwaiter().GetResult();\n\nif (!requestResult.IsSuccessStatusCode)\n    throw new Exception(SystemApplicationBehaviours.System_GetText(new Dictionary<string, object>{\n\t\t\t\t{\"name\",\"EntityRetrieveError\"},\n\t\t\t\t{\"language\",_Context.Operation.Language},\n\t\t\t\t{\"parameters\",new object[]{this.Manager}}\n\t\t})[\"text\"].ToString());\n\nvar entity = requestResult.Content.ReadAsAsync<EmployeeDto>().GetAwaiter().GetResult();\n\nthis.ManagerName = entity._name; \n",
      "description": ""
    },
    {
      "name": "OnPurchasingManagerChange",
      "type": "Action",
      "attribute": "PurchasingManager",
      "expression": "this.PurchasingManagerName = \"\";\n\n// Code generated by an accelerator (you can change it if you need)\n// The following code invokes the API to retrieve the data of an entity and set the values in the current entity\nif(string.IsNullOrEmpty(this.PurchasingManager?.ToString()))\n    return;\n\n// In order to prevent to invoke the API if the values were sent by the user\nif(\n    this._Dto.HasPropertyChanged(nameof(this.PurchasingManagerName))  \n)\n    return;\n\nvar httpClient = this._Context.CreateApplicationHttpClient();\nvar dataSource = \"Default\";\nvar requestResult = httpClient.GetAsync($\"Employee/{dataSource}/{this.PurchasingManager}\").GetAwaiter().GetResult();\n\nif (!requestResult.IsSuccessStatusCode)\n    throw new Exception(SystemApplicationBehaviours.System_GetText(new Dictionary<string, object>{\n\t\t\t\t{\"name\",\"EntityRetrieveError\"},\n\t\t\t\t{\"language\",_Context.Operation.Language},\n\t\t\t\t{\"parameters\",new object[]{this.PurchasingManager}}\n\t\t})[\"text\"].ToString());\n\nvar entity = requestResult.Content.ReadAsAsync<EmployeeDto>().GetAwaiter().GetResult();\n\nthis.PurchasingManagerName = entity._name; \n",
      "description": ""
    },
    {
      "name": "AfterSave",
      "type": "AfterSave",
      "attribute": null,
      "expression": "var httpClient = this._Context.CreateApplicationHttpClient();\nvar dataSource = \"Default\";\nvar requestCompanyResult = httpClient.PostAsJsonAsync($\"Queries/CompanyQuery/{dataSource}?pageSize=1\", new {}).GetAwaiter().GetResult();\n\nif (!requestCompanyResult.IsSuccessStatusCode)\n    throw new Exception(SystemApplicationBehaviours.System_GetText(new Dictionary<string, object>{\n        \t{\"name\",\"QueryExecuteError\"},\n        \t{\"language\",_Context.Operation.Language},\n        \t{\"parameters\",new object[]{\"CompanyQuery\"}}\n        })[\"text\"].ToString());\n\nvar resultCompany = requestCompanyResult.Content.ReadAsAsync<List<Dictionary<string, object>>>().GetAwaiter().GetResult();\nvar primavera = resultCompany.First()[\"primavera\"].ToString();\n\n\n\nDictionary<string, object> requestData = new Dictionary<string, object>();\n                    requestData.Add(\"entity\", this.ToDto());\n\nif(this._Context.Operation.Action == Libraries.Infrastructure.Behaviours.Action.EntityDelete)\n            requestData.Add(\"delete\", true);\n                    \nvar request = httpClient.PostAsJsonAsync($\"Behaviours/{primavera}/OrganizationalUnitUpdateERP\", requestData).GetAwaiter().GetResult();\n\nSystemApplicationBehaviours.EnsureSuccessApiResult(new Dictionary<string, object> { { \"requestResult\", request } }, _Context);\n\nvar result =  request.Content.ReadAsAsync<Dictionary<string, object>>()\n     .GetAwaiter().GetResult();\n\nreturn new AfterSaveMessage(\"\", AfterSaveMessageType.Success);\n\n\n",
      "description": ""
    },
    {
      "name": "Initialize",
      "type": "Initialize",
      "attribute": null,
      "expression": "if (_Context.Operation.IsNew)         \r\n{\r\n    this.RequisitionApprovalFlow.Add(new ApprovalFlowItem(this._Context) { ApprovalProfile = \"2\", Amount = 0, Order = 1 });\r\n    this.RequisitionApprovalFlow.Add(new ApprovalFlowItem(this._Context) { ApprovalProfile = \"3\", Amount = 0, Order = 2 });\r\n\r\n    //this.QuotationsApprovalFlow.Add(new ApprovalFlowItem(this._Context) { ApprovalProfile = \"1\", Amount = 0, Order = 1 });\r\n    this.QuotationsApprovalFlow.Add(new ApprovalFlowItem(this._Context) { ApprovalProfile = \"2\", Amount = 0, Order = 1 });\r\n    this.QuotationsApprovalFlow.Add(new ApprovalFlowItem(this._Context) { ApprovalProfile = \"3\", Amount = 0, Order = 2 });\r\n\r\n    //this.PaymentApprovalFlow.Add(new ApprovalFlowItem(this._Context) { ApprovalProfile = \"1\", Amount = 0, Order = 1 });\r\n    this.PaymentApprovalFlow.Add(new ApprovalFlowItem(this._Context) { ApprovalProfile = \"2\", Amount = 0, Order = 1 });\r\n    this.PaymentApprovalFlow.Add(new ApprovalFlowItem(this._Context) { ApprovalProfile = \"3\", Amount = 0, Order = 2 });\r\n}",
      "description": ""
    },
    {
      "name": "OnChangeCompany",
      "type": "Action",
      "attribute": "Company",
      "expression": "this.Primavera = null;\r\nif(string.IsNullOrEmpty(this.Company?.ToString()))\r\n    return;\r\n\r\nif(this._Dto.HasPropertyChanged(nameof(this.Primavera)))\r\n    return;\r\n\r\nvar httpClient = this._Context.CreateApplicationHttpClient();\r\nvar dataSource = \"Default\";\r\nvar requestResult = httpClient.GetAsync($\"Company/{dataSource}/{this.Company}\").GetAwaiter().GetResult();\r\n\r\nif (!requestResult.IsSuccessStatusCode)\r\n    throw new Exception(SystemApplicationBehaviours.System_GetText(new Dictionary<string, object>{\r\n\t\t\t\t{\"name\",\"EntityRetrieveError\"},\r\n\t\t\t\t{\"language\",_Context.Operation.Language},\r\n\t\t\t\t{\"parameters\",new object[]{this.Company}}\r\n\t\t})[\"text\"].ToString());\r\n\r\nvar entity = requestResult.Content.ReadAsAsync<CompanyDto>().GetAwaiter().GetResult();\r\n\r\nthis.Primavera = entity.Primavera; ",
      "description": ""
    },
    {
      "name": "BeforeInitialize_RequisitionApprovalFlow",
      "type": "BeforeCollectionEntityInitialize",
      "attribute": "RequisitionApprovalFlow",
      "expression": "entry.Primavera = this.Primavera;",
      "description": ""
    },
    {
      "name": "BeforeInitialize_QuotationsApprovalFlow",
      "type": "BeforeCollectionEntityInitialize",
      "attribute": "QuotationsApprovalFlow",
      "expression": "entry.Primavera = this.Primavera;",
      "description": ""
    },
    {
      "name": "BeforeInitialize_PaymentApprovalFlow",
      "type": "BeforeCollectionEntityInitialize",
      "attribute": "PaymentApprovalFlow",
      "expression": "entry.Primavera = this.Primavera;",
      "description": ""
    }
  ],
  "behaviourNamespaces": []
}