{
  "name": "PurchaseTeam",
  "isRoot": false,
  "attributes": [
    {
      "name": "_code",
      "type": "Text",
      "length": null,
      "isSystem": true,
      "isReadOnly": false,
      "description": null,
      "multiplicity": {
        "lower": 1,
        "upper": 1
      },
      "aggregationKind": "None",
      "isSensitiveData": null,
      "dependsOnAttribute": null
    },
    {
      "name": "_name",
      "type": "Text",
      "length": null,
      "isSystem": true,
      "isReadOnly": false,
      "description": null,
      "multiplicity": {
        "lower": 1,
        "upper": 1
      },
      "aggregationKind": "None",
      "isSensitiveData": null,
      "dependsOnAttribute": null
    },
    {
      "name": "_description",
      "type": "Text",
      "length": null,
      "isSystem": true,
      "isReadOnly": false,
      "description": null,
      "multiplicity": {
        "lower": 0,
        "upper": 1
      },
      "aggregationKind": "None",
      "isSensitiveData": null,
      "dependsOnAttribute": null
    },
    {
      "name": "_inactive",
      "type": "Boolean",
      "length": null,
      "isSystem": true,
      "isReadOnly": false,
      "description": null,
      "multiplicity": {
        "lower": 1,
        "upper": 1
      },
      "aggregationKind": "None",
      "isSensitiveData": null,
      "dependsOnAttribute": null
    },
    {
      "name": "Employee",
      "type": "Employee",
      "length": {
        "maximum": null,
        "minimum": 0
      },
      "isSystem": false,
      "isReadOnly": false,
      "description": "",
      "multiplicity": {
        "lower": 1,
        "upper": 1
      },
      "aggregationKind": "Shared",
      "isSensitiveData": false,
      "dependsOnAttribute": ""
    },
    {
      "name": "EmployeeName",
      "type": "Text",
      "length": {
        "maximum": null,
        "minimum": 0
      },
      "isSystem": false,
      "isReadOnly": true,
      "description": "",
      "multiplicity": {
        "lower": 1,
        "upper": 1
      },
      "aggregationKind": "None",
      "isSensitiveData": false,
      "dependsOnAttribute": ""
    }
  ],
  "dataSource": "System",
  "description": "",
  "dataBehaviours": [],
  "entityBehaviours": [
    {
      "name": "Defaults",
      "type": "Initialize",
      "attribute": null,
      "expression": "if(this._code != null && this._code != String.Empty) return; \nthis._code = Guid.NewGuid().ToString(\"N\");\nthis._name = this._code;",
      "description": null
    },
    {
      "name": "OnChange_Employee",
      "type": "Action",
      "attribute": "Employee",
      "expression": "this.EmployeeName = \"\";\r\n\r\n// Code generated by an accelerator (you can change it if you need)\r\n// The following code invokes the API to retrieve the data of an entity and set the values in the current entity\r\nif(string.IsNullOrEmpty(this.Employee?.ToString()))\r\n    return;\r\n\r\n// In order to prevent to invoke the API if the values were sent by the user\r\nif(\r\n    this._Dto.HasPropertyChanged(nameof(this.EmployeeName))  \r\n)\r\n    return;\r\n\r\nvar httpClient = this._Context.CreateApplicationHttpClient();\r\nvar dataSource = \"Default\";\r\nvar requestResult = httpClient.GetAsync($\"Employee/{dataSource}/{this.Employee}\").GetAwaiter().GetResult();\r\n\r\nif (!requestResult.IsSuccessStatusCode)\r\n     throw new Exception(SystemApplicationBehaviours.System_GetText(new Dictionary<string, object>{\r\n    \t{\"name\",\"EntityRetrieveError\"},\r\n    \t{\"language\",_Context.Operation.Language},\r\n    \t{\"parameters\",new object[]{this.Employee}}\r\n    })[\"text\"].ToString());\r\n\r\nvar entity = requestResult.Content.ReadAsAsync<EmployeeDto>().GetAwaiter().GetResult();\r\n\r\nthis.EmployeeName = entity._name; \r\n",
      "description": ""
    }
  ],
  "behaviourNamespaces": []
}