{
  "name": "QuoteRequests",
  "isRoot": true,
  "attributes": [
    {
      "name": "_code",
      "type": "Text",
      "length": null,
      "isSystem": true,
      "isReadOnly": true,
      "description": null,
      "multiplicity": {
        "lower": 1,
        "upper": 1
      },
      "aggregationKind": "None",
      "isSensitiveData": null,
      "dependsOnAttribute": null
    },
    {
      "name": "_name",
      "type": "Text",
      "length": null,
      "isSystem": true,
      "isReadOnly": false,
      "description": null,
      "multiplicity": {
        "lower": 1,
        "upper": 1
      },
      "aggregationKind": "None",
      "isSensitiveData": null,
      "dependsOnAttribute": null
    },
    {
      "name": "_description",
      "type": "Text",
      "length": null,
      "isSystem": true,
      "isReadOnly": false,
      "description": null,
      "multiplicity": {
        "lower": 0,
        "upper": 1
      },
      "aggregationKind": "None",
      "isSensitiveData": null,
      "dependsOnAttribute": null
    },
    {
      "name": "_inactive",
      "type": "Boolean",
      "length": null,
      "isSystem": true,
      "isReadOnly": false,
      "description": null,
      "multiplicity": {
        "lower": 1,
        "upper": 1
      },
      "aggregationKind": "None",
      "isSensitiveData": null,
      "dependsOnAttribute": null
    },
    {
      "name": "ID",
      "type": "Uuid",
      "length": null,
      "isSystem": false,
      "isReadOnly": true,
      "description": "ID do Documento Primavera",
      "multiplicity": {
        "lower": 0,
        "upper": 1
      },
      "aggregationKind": "None",
      "isSensitiveData": false,
      "dependsOnAttribute": ""
    },
    {
      "name": "Requisition",
      "type": "Text",
      "length": null,
      "isSystem": false,
      "isReadOnly": true,
      "description": "Nº da Requisição Criada no OMNIA",
      "multiplicity": {
        "lower": 1,
        "upper": 1
      },
      "aggregationKind": "None",
      "isSensitiveData": false,
      "dependsOnAttribute": ""
    },
    {
      "name": "Date",
      "type": "Date",
      "length": null,
      "isSystem": false,
      "isReadOnly": true,
      "description": "Data do Pedido",
      "multiplicity": {
        "lower": 1,
        "upper": 1
      },
      "aggregationKind": "None",
      "isSensitiveData": false,
      "dependsOnAttribute": ""
    },
    {
      "name": "DocNumber",
      "type": "Text",
      "length": null,
      "isSystem": false,
      "isReadOnly": true,
      "description": "",
      "multiplicity": {
        "lower": 0,
        "upper": 1
      },
      "aggregationKind": "None",
      "isSensitiveData": false,
      "dependsOnAttribute": ""
    },
    {
      "name": "Items",
      "type": "QuoteRequestItems",
      "length": null,
      "isSystem": false,
      "isReadOnly": false,
      "description": "",
      "multiplicity": {
        "lower": 0,
        "upper": 100
      },
      "aggregationKind": "Composite",
      "isSensitiveData": false,
      "dependsOnAttribute": ""
    },
    {
      "name": "Primavera",
      "type": "Primavera",
      "length": null,
      "isSystem": false,
      "isReadOnly": false,
      "description": "",
      "multiplicity": {
        "lower": 0,
        "upper": 1
      },
      "aggregationKind": "Shared",
      "isSensitiveData": false,
      "dependsOnAttribute": ""
    },
    {
      "name": "Supplier",
      "type": "Supplier",
      "length": null,
      "isSystem": false,
      "isReadOnly": false,
      "description": "",
      "multiplicity": {
        "lower": 1,
        "upper": 1
      },
      "aggregationKind": "Shared",
      "isSensitiveData": false,
      "dependsOnAttribute": "Primavera"
    },
    {
      "name": "Filial",
      "type": "Text",
      "length": null,
      "isSystem": false,
      "isReadOnly": true,
      "description": "",
      "multiplicity": {
        "lower": 0,
        "upper": 1
      },
      "aggregationKind": "None",
      "isSensitiveData": false,
      "dependsOnAttribute": ""
    },
    {
      "name": "SupplierDiscount",
      "type": "Decimal",
      "length": null,
      "isSystem": false,
      "isReadOnly": false,
      "description": "",
      "multiplicity": {
        "lower": 1,
        "upper": 1
      },
      "aggregationKind": "None",
      "isSensitiveData": false,
      "dependsOnAttribute": ""
    },
    {
      "name": "TotalMercServ",
      "type": "Decimal",
      "length": null,
      "isSystem": false,
      "isReadOnly": true,
      "description": "",
      "multiplicity": {
        "lower": 1,
        "upper": 1
      },
      "aggregationKind": "None",
      "isSensitiveData": false,
      "dependsOnAttribute": ""
    },
    {
      "name": "TotalTax",
      "type": "Decimal",
      "length": null,
      "isSystem": false,
      "isReadOnly": true,
      "description": "",
      "multiplicity": {
        "lower": 1,
        "upper": 1
      },
      "aggregationKind": "None",
      "isSensitiveData": false,
      "dependsOnAttribute": ""
    },
    {
      "name": "TotalDiscount",
      "type": "Decimal",
      "length": null,
      "isSystem": false,
      "isReadOnly": true,
      "description": "",
      "multiplicity": {
        "lower": 1,
        "upper": 1
      },
      "aggregationKind": "None",
      "isSensitiveData": false,
      "dependsOnAttribute": ""
    },
    {
      "name": "TotalDoc",
      "type": "Decimal",
      "length": null,
      "isSystem": false,
      "isReadOnly": true,
      "description": "",
      "multiplicity": {
        "lower": 1,
        "upper": 1
      },
      "aggregationKind": "None",
      "isSensitiveData": false,
      "dependsOnAttribute": ""
    },
    {
      "name": "SupplierName",
      "type": "Text",
      "length": null,
      "isSystem": false,
      "isReadOnly": true,
      "description": "",
      "multiplicity": {
        "lower": 1,
        "upper": 1
      },
      "aggregationKind": "None",
      "isSensitiveData": false,
      "dependsOnAttribute": ""
    },
    {
      "name": "BaseDiscount",
      "type": "Decimal",
      "length": null,
      "isSystem": false,
      "isReadOnly": true,
      "description": "",
      "multiplicity": {
        "lower": 1,
        "upper": 1
      },
      "aggregationKind": "None",
      "isSensitiveData": false,
      "dependsOnAttribute": ""
    },
    {
      "name": "DocStatus",
      "type": "Boolean",
      "length": null,
      "isSystem": false,
      "isReadOnly": false,
      "description": "",
      "multiplicity": {
        "lower": 0,
        "upper": 1
      },
      "aggregationKind": "None",
      "isSensitiveData": false,
      "dependsOnAttribute": ""
    },
    {
      "name": "ReqOrganizationalUnit",
      "type": "Text",
      "length": null,
      "isSystem": false,
      "isReadOnly": false,
      "description": "",
      "multiplicity": {
        "lower": 0,
        "upper": 1
      },
      "aggregationKind": "None",
      "isSensitiveData": false,
      "dependsOnAttribute": ""
    },
    {
      "name": "ReqAuthor",
      "type": "Text",
      "length": null,
      "isSystem": false,
      "isReadOnly": false,
      "description": "",
      "multiplicity": {
        "lower": 0,
        "upper": 1
      },
      "aggregationKind": "None",
      "isSensitiveData": false,
      "dependsOnAttribute": ""
    },
    {
      "name": "ReqAuthorName",
      "type": "Text",
      "length": null,
      "isSystem": false,
      "isReadOnly": true,
      "description": "",
      "multiplicity": {
        "lower": 0,
        "upper": 1
      },
      "aggregationKind": "None",
      "isSensitiveData": false,
      "dependsOnAttribute": ""
    },
    {
      "name": "PaymentTerm",
      "type": "PaymentTerms",
      "length": {
        "maximum": null,
        "minimum": 0
      },
      "isSystem": false,
      "isReadOnly": false,
      "description": "",
      "multiplicity": {
        "lower": 1,
        "upper": 1
      },
      "aggregationKind": "Shared",
      "isSensitiveData": false,
      "dependsOnAttribute": "Primavera"
    },
    {
      "name": "IncotermLocation",
      "type": "Text",
      "length": {
        "maximum": null,
        "minimum": 0
      },
      "isSystem": false,
      "isReadOnly": false,
      "description": "",
      "multiplicity": {
        "lower": 0,
        "upper": 1
      },
      "aggregationKind": "None",
      "isSensitiveData": false,
      "dependsOnAttribute": ""
    },
    {
      "name": "Currency",
      "type": "Currency",
      "length": {
        "maximum": null,
        "minimum": 0
      },
      "isSystem": false,
      "isReadOnly": false,
      "description": "",
      "multiplicity": {
        "lower": 1,
        "upper": 1
      },
      "aggregationKind": "Shared",
      "isSensitiveData": false,
      "dependsOnAttribute": "Primavera"
    },
    {
      "name": "UseIncoterm",
      "type": "Boolean",
      "length": {
        "maximum": null,
        "minimum": 0
      },
      "isSystem": false,
      "isReadOnly": false,
      "description": "",
      "multiplicity": {
        "lower": 0,
        "upper": 1
      },
      "aggregationKind": "None",
      "isSensitiveData": false,
      "dependsOnAttribute": ""
    },
    {
      "name": "IsIncoterm",
      "type": "Incoterms",
      "length": {
        "maximum": null,
        "minimum": 0
      },
      "isSystem": false,
      "isReadOnly": false,
      "description": "",
      "multiplicity": {
        "lower": 0,
        "upper": 1
      },
      "aggregationKind": "Shared",
      "isSensitiveData": false,
      "dependsOnAttribute": ""
    },
    {
      "name": "PaymentDesc",
      "type": "Text",
      "length": {
        "maximum": null,
        "minimum": 1
      },
      "isSystem": false,
      "isReadOnly": true,
      "description": "",
      "multiplicity": {
        "lower": 1,
        "upper": 1
      },
      "aggregationKind": "None",
      "isSensitiveData": false,
      "dependsOnAttribute": ""
    },
    {
      "name": "incotermDesc",
      "type": "Text",
      "length": {
        "maximum": null,
        "minimum": 0
      },
      "isSystem": false,
      "isReadOnly": true,
      "description": "",
      "multiplicity": {
        "lower": 0,
        "upper": 1
      },
      "aggregationKind": "None",
      "isSensitiveData": false,
      "dependsOnAttribute": ""
    },
    {
      "name": "ObservationsERP",
      "type": "Text",
      "length": {
        "maximum": null,
        "minimum": 0
      },
      "isSystem": false,
      "isReadOnly": true,
      "description": "",
      "multiplicity": {
        "lower": 0,
        "upper": 1
      },
      "aggregationKind": "None",
      "isSensitiveData": false,
      "dependsOnAttribute": ""
    },
    {
      "name": "ObservationsSupplier",
      "type": "Text",
      "length": {
        "maximum": null,
        "minimum": 0
      },
      "isSystem": false,
      "isReadOnly": false,
      "description": "",
      "multiplicity": {
        "lower": 0,
        "upper": 1
      },
      "aggregationKind": "None",
      "isSensitiveData": false,
      "dependsOnAttribute": ""
    },
    {
      "name": "QuotationCode",
      "type": "Text",
      "length": {
        "maximum": null,
        "minimum": 0
      },
      "isSystem": false,
      "isReadOnly": true,
      "description": "",
      "multiplicity": {
        "lower": 0,
        "upper": 1
      },
      "aggregationKind": "None",
      "isSensitiveData": false,
      "dependsOnAttribute": ""
    }
  ],
  "dataSource": "Primavera",
  "description": "",
  "dataBehaviours": [
    {
      "name": "Create",
      "type": "Create",
      "expression": " ",
      "description": ""
    },
    {
      "name": "Delete",
      "type": "Delete",
      "expression": " ",
      "description": ""
    },
    {
      "name": "Read",
      "type": "Read",
      "expression": "            var logger = this._Context.Services.GetService<ILogger<Context>>();\r\n            logger.LogInformation($\"QuoteRequests Read: Iniciou\");\r\n            List<string> documentoERP = identifier?.Split('.').ToList();\r\n\r\n            QuoteRequestsDto dto = new QuoteRequestsDto();\r\n\r\n            if (documentoERP != null && documentoERP.Count == 4)\r\n            {\r\n                string tipoDoc = documentoERP[0];\r\n                string serieDoc = documentoERP[1];\r\n                string numDoc = documentoERP[2];\r\n                string fornecedor = documentoERP[3];\r\n                var Supplier = string.Empty;\r\n                var SupplierName = string.Empty;\r\n\r\n                var httpClient = this._Context.CreateApplicationHttpClient();\r\n                logger.LogInformation($\"QuoteRequests Read: Before GetExternalUserByUserQuery\");\r\n                var requestResult = await httpClient.PostAsJsonAsync(\"Queries/GetExternalUserByUserQuery/Default?page=1&pageSize=1\", new\r\n                {\r\n                    Parameters = new List<object>{\r\n                                new {Name = \"type\", Value = \"Supplier\"},\r\n                                new {Name = \"datasource\", Value = this._Context.Operation.DataSource}\r\n                          }\r\n                });\r\n\r\n                if (!requestResult.IsSuccessStatusCode)\r\n                    await Helpers.Helpers.SendErrorAsync(_Context, \"QueryExecuteErrorStatus\", new object[] { \"GetExternalUserByUserQuery\", requestResult.StatusCode, await requestResult.Content.ReadAsStringAsync() });\r\n\r\n                var result = await requestResult?.Content?.ReadAsAsync<List<Dictionary<string, object>>>();\r\n                logger.LogInformation($\"QuoteRequests Read: After GetExternalUserByUserQuery\");\r\n                if (result != null && result.Count > 0)\r\n                {\r\n                    var employee = result[0];\r\n                    Supplier = employee[\"erpcode\"].ToString();\r\n                    SupplierName = employee[\"_name\"].ToString();\r\n                }\r\n                else if (!string.IsNullOrEmpty(fornecedor))\r\n                    Supplier = fornecedor;\r\n\r\n                var onlyPCO = string.Empty;\r\n\r\n                if (identifier.StartsWith(\"PCO\"))\r\n                {\r\n                    onlyPCO = \"AND 1 = 0\";\r\n                }                    \r\n\r\n                var query = $@\"\r\nSELECT * FROM\r\n    (Select \r\n    CC.Id as PCO_ID\r\n    ,CC.CDU_CodOmnia as PCO_CodOmnia\r\n    ,CC.CDU_OrganizationalUnit as PCO_OrganizationUnit\r\n    ,CC.CDU_Autor as PCO_Autor\r\n    ,CC.CDU_AutorNome as PCO_AutorNome\r\n    ,CC_COT.Id as COT_ID\r\n    ,CC_COT.Nome as COT_Nome\r\n    ,CASE WHEN CCS_COT.Fechado = 1 OR CCS_COT.Anulado = 1 OR CI.Fechado = 1 THEN 1 ELSE 0 END as Status\r\n    ,CC.Filial\r\n    ,CC.DataDoc\r\n    ,CC.Entidade\r\n    ,CC.Nome\r\n    ,CC.DescEntidade\r\n    ,CC.Moeda\r\n    ,CC.CondPag\r\n    ,LC.TipoLinha\r\n    ,LC.PrecoLiquido\r\n    ,LC.ValorLiquidoDesconto\r\n    ,LC.Artigo\r\n    ,LC.Descricao\r\n    ,LC.Quantidade\r\n    ,LC.PrecUnit\r\n    ,LC.DataEntrega\r\n    ,LC.Desconto1\r\n    ,LC.Unidade\r\n    ,LC.TaxaIva \r\n    ,CC_COT.Tipodoc COT_Tipodoc\r\n    ,CC_COT.Serie COT_Serie\r\n    ,CC_COT.NumDoc COT_NumDoc\r\n    ,CC_COT.Filial COT_Filial\r\n    ,CC_COT.DescEntidade COT_DescEntidade\r\n    ,CC_COT.TotalMerc COT_TotalMerc\r\n    ,CC_COT.TotalDesc COT_TotalDesc\r\n    ,CC_COT.TotalIva COT_TotalIva\r\n    ,CC_COT.TotalDocumento COT_TotalDocumento\r\n    ,CC_COT.CondPag as COT_condPag\r\n    ,CC_COT.CDU_Incoterms as incoter\r\n    ,CC_COT.CDU_IncotermsDesc as incDesc\r\n    ,CC_COT.CDU_IncotermsLocal as incolocal\r\n    ,CC_COT.Moeda as COT_moeda\r\n    ,LC_COT.PrecoLiquido LC_COT_PrecoLiquido\r\n    ,LC_COT.ValorLiquidoDesconto LC_COT_ValorLiquidoDesconto\r\n    ,LC_COT.PrecUnit LC_COT_PrecUnit\r\n    ,LC_COT.DataEntrega LC_COT_DataEntrega\r\n    ,LC_COT.Desconto1 LC_COT_Desconto1\r\n    ,LC_COT.TaxaIva LC_COT_TaxaIva\r\n    ,C_PAG.Descricao as descPag\r\n    ,CASE WHEN CC_COT.Serie IS NOT NULL THEN CONCAT(CC_COT.Serie,'.',CC_COT.NumDoc,'.',CC_COT.Entidade) ELSE NULL END QuotationCode\r\n    ,CC.Observacoes ObservationsERP\r\n\t,CC_COT.Observacoes ObservationsSupplier\r\n    ,ROW_NUMBER() OVER (PARTITION BY CC_COT.Entidade, LC.Artigo ORDER BY CC_COT.Entidade, LC.Artigo ) Ordem\r\nFROM CabecCompras CC\r\n    INNER JOIN LinhasCompras LC ON LC.IdCabecCompras = CC.Id\r\n    INNER JOIN LinhasInternos LI ON LI.Id = LC.IdLinhaOrigemCopia\r\n    INNER JOIN CabecInternos CI ON CI.Id = LI.IdCabecInternos\r\n    LEFT JOIN LinhasComprasTrans LCT ON LCT.IdLinhasComprasOrigem = LC.Id {onlyPCO}\r\n    LEFT JOIN LinhasCompras LC_COT ON LC_COT.Id = LCT.IdLinhasCompras\r\n    LEFT JOIN CabecCompras CC_COT ON CC_COT.Id = LC_COT.IdCabecCompras AND CC_COT.Entidade = '{Supplier}'\r\n    LEFT JOIN CabecComprasStatus CCS_COT ON CCS_COT.IdCabecCompras = CC_COT.Id\r\n    LEFT JOIN CondPag C_PAG ON C_PAG.CondPag = CC_COT.CondPag OR C_PAG.CondPag = CC.CondPag\r\n    WHERE CC.CDU_CodOmnia IS NOT NULL AND CC.TipoDoc = '{tipoDoc}' AND CC.Serie = '{serieDoc}' AND CC.NumDoc = {numDoc}\r\n    AND (CC_COT.Entidade = '{Supplier}' OR (NULLIF('{Supplier}','') IS NOT NULL AND CC_COT.Entidade is NULL AND NOT EXISTS(\r\n    SELECT 1\r\n    FROM CabecCompras CC2\r\n    INNER JOIN LinhasCompras LC2 ON LC2.IdCabecCompras = CC2.Id\r\n    INNER JOIN LinhasInternos LI2 ON LI2.Id = LC2.IdLinhaOrigemCopia\r\n    INNER JOIN CabecInternos CI2 ON CI2.Id = LI2.IdCabecInternos\r\n    INNER JOIN LinhasComprasTrans LCT2 ON LCT2.IdLinhasComprasOrigem = LC2.Id {onlyPCO}\r\n    INNER JOIN LinhasCompras LC_COT2 ON LC_COT2.Id = LCT2.IdLinhasCompras\r\n    INNER JOIN CabecCompras CC_COT2 ON CC_COT2.Id = LC_COT2.IdCabecCompras\r\n    WHERE CC2.CDU_CodOmnia IS NOT NULL AND CC2.TipoDoc = '{tipoDoc}' AND CC2.Serie = '{serieDoc}' AND CC2.NumDoc = {numDoc} AND CC_COT2.Entidade = '{Supplier}' AND LC_COT2.Artigo = LC_COT.Artigo\r\n            )) OR (NULLIF('{Supplier}','') IS NULL AND CC_COT.Entidade is NULL))\r\n            OR (CC_COT.CDU_CodOmnia IS NOT NULL AND CC_COT.TipoDoc = '{tipoDoc}' AND CC_COT.Serie = '{serieDoc}' AND CC_COT.NumDoc = {numDoc})) as tab                        \r\n    WHERE Ordem = 1\r\n\";\r\n\r\n                logger.LogInformation($\"QuoteRequests Read: Before PrimaveraReadList\");\r\n                var queryDefinition = new ERP.ListQueryDefinition()\r\n                {\r\n                    ErpCompany = this._Context.Operation.DataSource,\r\n                    QueryString = query,\r\n                    Page = 1,\r\n                    Rows = 100,\r\n                    KeyParameter = \"PCO_CodOmnia\",\r\n                };\r\n                var queryResult = await ERP.Entities.ReadListAsync(queryDefinition, _Context);\r\n                List<IDictionary<string, object>> results = queryResult.Data;\r\n\r\n                logger.LogInformation($\"QuoteRequests Read: After PrimaveraReadList\");\r\n\r\n                dto._code = identifier;\r\n                dto._name = \" \";\r\n                dto.DocNumber = documentoERP[2].ToString();\r\n\r\n\r\n                foreach (var data in results)\r\n                {\r\n                    dto.PaymentTerm = data[\"CondPag\"].ToString();\r\n                    dto.QuotationCode = data[\"QuotationCode\"].ToString();\r\n                    if (dto.ID == null)\r\n                    {\r\n                        dto.Requisition = data[\"PCO_CodOmnia\"].ToString();\r\n                        dto.Date = Convert.ToDateTime(data[\"DataDoc\"]);\r\n                        dto.ID = Guid.Parse(data[\"PCO_ID\"].ToString());\r\n                        dto.Filial = data[\"Filial\"].ToString();\r\n                        dto.ReqOrganizationalUnit = data[\"PCO_OrganizationUnit\"].ToString();\r\n                        dto.ReqAuthor = data[\"PCO_Autor\"].ToString();\r\n                        dto.ReqAuthorName = data[\"PCO_AutorNome\"].ToString();\r\n                            dto.ObservationsSupplier = data[\"ObservationsSupplier\"].ToString();\r\n                            dto.ObservationsERP = data[\"ObservationsERP\"].ToString();\r\n\r\n\r\n                        if (!string.IsNullOrEmpty(data[\"Entidade\"].ToString()))\r\n                        {\r\n                            dto.Supplier = data[\"Entidade\"].ToString();\r\n                            dto.SupplierName = data[\"Nome\"].ToString();\r\n                        }\r\n                        else if (this._Context.Authentication.UserIsInRole(\"Supplier\"))\r\n                        {\r\n                            dto.Supplier = Supplier;\r\n                            dto.SupplierName = SupplierName;\r\n                        }\r\n                        else if (!string.IsNullOrEmpty(fornecedor))\r\n                        {\r\n                            var requestSupplierResult = await httpClient.PostAsJsonAsync(\"Queries/GetExternalUserByCodeQuery/Default?page=1&pageSize=1\", new\r\n                            {\r\n                                Parameters = new List<object>{\r\n                                    new {Name = \"type\", Value = \"Supplier\"},\r\n                                    new {Name = \"datasource\", Value = this._Context.Operation.DataSource},\r\n                                    new {Name = \"code\", Value = fornecedor}\r\n                                  }\r\n                            });\r\n\r\n                            if (requestSupplierResult.IsSuccessStatusCode)\r\n                            {\r\n                                var resultSupplier = await requestSupplierResult?.Content?.ReadAsAsync<List<Dictionary<string, object>>>();\r\n                                if(resultSupplier != null && resultSupplier.Count() > 0)\r\n                                {\r\n                                    if (resultSupplier[0] != null && resultSupplier.Count > 0)\r\n                                    {\r\n                                        dto.Supplier = resultSupplier[0][\"erpcode\"].ToString();\r\n                                        dto.SupplierName = resultSupplier[0][\"_name\"].ToString();\r\n                                    }\r\n                                    else\r\n                                    {\r\n                                        dto.Supplier = fornecedor;\r\n                                        dto.SupplierName = data[\"COT_Nome\"].ToString();\r\n                                    }\r\n                                }\r\n                                else\r\n                                {\r\n                                    dto.Supplier = fornecedor;\r\n                                    dto.SupplierName = data[\"COT_Nome\"].ToString();\r\n                                }\r\n\r\n                            }\r\n                            else\r\n                            {\r\n                                dto.Supplier = fornecedor;\r\n                                dto.SupplierName = data[\"COT_Nome\"].ToString();\r\n                            }\r\n                        }\r\n\r\n                        dto.DocStatus = Convert.ToBoolean(data[\"Status\"]);\r\n\r\n                        dto.BaseDiscount = Convert.ToDecimal(data[\"DescEntidade\"]);\r\n                        dto.SupplierDiscount = dto.BaseDiscount;\r\n\r\n                        if (data[\"COT_ID\"] != System.DBNull.Value)\r\n                        {\r\n                            dto.SupplierDiscount = Convert.ToDecimal(data[\"COT_DescEntidade\"]);\r\n                            dto.TotalMercServ = Convert.ToDecimal(data[\"COT_TotalMerc\"]);\r\n                            dto.TotalDiscount = Convert.ToDecimal(data[\"COT_TotalDesc\"]);\r\n                            dto.TotalTax = Convert.ToDecimal(data[\"COT_TotalIva\"]);\r\n                            dto.TotalDoc = Convert.ToDecimal(data[\"COT_TotalDocumento\"]);\r\n                            dto.PaymentTerm = data[\"COT_condPag\"].ToString();\r\n                            dto.Currency = data[\"COT_moeda\"].ToString();\r\n                            dto.PaymentDesc = data[\"descPag\"].ToString();\r\n                            dto.IsIncoterm = data[\"incoter\"].ToString();\r\n                            dto.incotermDesc = data[\"incDesc\"].ToString();\r\n                            dto.IncotermLocation = data[\"incolocal\"].ToString();\r\n                        }\r\n                        else\r\n                        {\r\n                            dto.PaymentTerm = data[\"CondPag\"].ToString();\r\n                            dto.Currency = data[\"Moeda\"].ToString();\r\n                            dto.PaymentDesc = data[\"descPag\"].ToString();\r\n                        }\r\n\r\n                        // var dataSource = this._Context.Operation.DataSource; \r\n                        // var requestResulte = httpClient.PostAsJsonAsync($\"Queries/IncotermsQuery/{dataSource}?pageSize=1\", new { Filter = new\r\n                        //                     {   Property = \"_code\",\r\n                        //                         Value = dto.IsIncoterm\r\n                        //                     }}).GetAwaiter().GetResult();\r\n\r\n                        // if (!requestResulte.IsSuccessStatusCode)\r\n                        //     throw new Exception($\"Can't retrieve the data of query 'IncotermsQuery'\");\r\n\r\n                        // var resulte = requestResulte.Content.ReadAsAsync<List<Dictionary<string, object>>>().GetAwaiter().GetResult();\r\n                        //     if (resulte.Count > 0)\r\n                        //     {\r\n                        //         dto.incotermDesc = resulte.First()[\"_name\"].ToString();\r\n                        //     }\r\n                        //     else\r\n                        //     {\r\n                        //         dto.incotermDesc = \"\";\r\n                        //     }\r\n                    }\r\n\r\n\r\n                    int tipoLinha = Convert.ToInt32(data[\"TipoLinha\"]);\r\n                    if (tipoLinha >= 10 && tipoLinha < 40)\r\n                    {\r\n                        decimal total = Convert.ToDecimal(data[\"PrecoLiquido\"]);\r\n                        decimal ValorLiquidoDesconto = Convert.ToDecimal(data[\"ValorLiquidoDesconto\"]);\r\n                        if (ValorLiquidoDesconto != 0)\r\n                            total = total + ValorLiquidoDesconto;\r\n\r\n                        QuoteRequestItemsDto itemDto = new QuoteRequestItemsDto()\r\n                        {\r\n                            //_code = linha.IdLinha,\r\n                            //Item = linha.Artigo,\r\n                            _code = data[\"Artigo\"].ToString(),\r\n                            _name = data[\"Descricao\"].ToString(),\r\n                            _description = data[\"Descricao\"].ToString(),\r\n                            Quantity = Convert.ToDecimal(data[\"Quantidade\"]),\r\n                            Amount = Convert.ToDecimal(data[\"PrecUnit\"]),\r\n                            DeliveryDate = Convert.ToDateTime(data[\"DataEntrega\"]),\r\n                            Total = total,\r\n                            DeliveryDateSupplier = Convert.ToDateTime(data[\"DataEntrega\"]),\r\n                            BaseDiscount = Convert.ToDecimal(data[\"Desconto1\"]),\r\n                            Unit = data[\"Unidade\"].ToString(),\r\n                            VATTax = Convert.ToDecimal(data[\"TaxaIva\"])\r\n                        };\r\n\r\n                        //Supplier set to load COT lines?\r\n                        if (data[\"COT_ID\"] != System.DBNull.Value)\r\n                        {\r\n                            total = Convert.ToDecimal(data[\"LC_COT_PrecoLiquido\"]);\r\n                            ValorLiquidoDesconto = Convert.ToDecimal(data[\"LC_COT_ValorLiquidoDesconto\"]);\r\n                            dto.PaymentTerm = data[\"COT_condPag\"].ToString();\r\n                            dto.Currency = data[\"COT_moeda\"].ToString();\r\n                            dto.PaymentDesc = data[\"descPag\"].ToString();\r\n                            dto.IsIncoterm = data[\"incoter\"].ToString();\r\n                            dto.incotermDesc = data[\"incDesc\"].ToString();\r\n                            dto.IncotermLocation = data[\"incolocal\"].ToString();\r\n                            dto.SupplierDiscount = Convert.ToDecimal(data[\"COT_DescEntidade\"]);\r\n\r\n                            if (ValorLiquidoDesconto != 0)\r\n                            {\r\n                                total = total + ValorLiquidoDesconto;\r\n                            }\r\n\r\n                            itemDto.QuantitySupplier = itemDto.Quantity;\r\n                            itemDto.AmountSupplier = Convert.ToDecimal(data[\"LC_COT_PrecUnit\"]);\r\n                            itemDto.DeliveryDateSupplier = Convert.ToDateTime(data[\"LC_COT_DataEntrega\"]);\r\n                            itemDto.Discount = Convert.ToInt32(data[\"LC_COT_Desconto1\"]);\r\n\r\n                            itemDto.TotalSupplier = total;\r\n                            itemDto.VATTax = Convert.ToDecimal(data[\"LC_COT_TaxaIva\"]);\r\n\r\n                            /*itemDto.erpTipoDoc = tipoDoc;\r\n                            itemDto.erpSerieDoc = serieDoc;\r\n                            itemDto.erpNumDoc = numDoc;\r\n                            itemDto.erpFilial = filial;*/\r\n                            itemDto.erpTipoDoc = data[\"COT_Tipodoc\"].ToString();\r\n                            itemDto.erpSerieDoc = data[\"COT_Serie\"].ToString();\r\n                            itemDto.erpNumDoc = data[\"COT_NumDoc\"].ToString();\r\n                            itemDto.erpFilial = data[\"COT_Filial\"].ToString();\r\n                        }\r\n                        dto.Items.Add(itemDto);\r\n                    }\r\n                }\r\n            }\r\n            else\r\n                await Helpers.Helpers.SendErrorAsync(_Context, \"SplitIdentifierFailded\", new object[] { identifier, documentoERP?.Count });\r\n\r\n            logger.LogInformation($\"QuoteRequests Read: Terminou\");\r\n            return dto;",
      "description": ""
    },
    {
      "name": "ReadList",
      "type": "ReadList",
      "expression": "            var httpClient = this._Context.CreateApplicationHttpClient();\r\n            var dataSource = this._Context.Operation.DataSource;\r\n            var tipoDoc = \"\";\r\n            var tipoDocCot = \"\";\r\n            //Get Company\r\n            var requestCompanyResult = await httpClient.PostAsJsonAsync($\"Queries/CompleteCompanyQuery/{dataSource}?pageSize=1\", new { Parameters = new List<object> { new { Name = \"datasource\", Value = dataSource } } });\r\n\r\n            if (!requestCompanyResult.IsSuccessStatusCode)\r\n                await Helpers.Helpers.SendErrorAsync(_Context, \"QueryExecuteError\", new object[] { \"CompleteCompanyQuery\" });\r\n\r\n            var resultCompany = await requestCompanyResult.Content.ReadAsAsync<List<Dictionary<string, object>>>();\r\n            if (resultCompany != null && resultCompany.Count > 0){\r\n                tipoDoc = resultCompany.FirstOrDefault()[\"documenterppco\"].ToString();\r\n                tipoDocCot = resultCompany.FirstOrDefault()[\"documenterpcf\"].ToString();\r\n            }\r\n\r\n            //Get Supplier\r\n            var requestEmployeeResult = await httpClient.PostAsJsonAsync($\"Queries/GetExternalUserByUserQuery/default?pageSize=1\",\r\n                new\r\n                {\r\n                    Parameters = new List<object>{\r\n                        new {Name = \"type\", Value = \"Supplier\"},\r\n                        new {Name = \"datasource\", Value = dataSource}\r\n                    }\r\n                });\r\n\r\n            if (!requestEmployeeResult.IsSuccessStatusCode)\r\n                await Helpers.Helpers.SendErrorAsync(_Context, \"GetExternalUserByUserQuery\", new object[] { \"CompleteCompanyQuery\" });\r\n\r\n            var resultEmployee = await requestEmployeeResult.Content.ReadAsAsync<List<Dictionary<string, object>>>();\r\n            var entidade = string.Empty;\r\n            if (resultEmployee != null && resultEmployee.Count > 0)\r\n                entidade = resultEmployee.FirstOrDefault()[\"erpcode\"].ToString();\r\n\r\n            //Get Role\r\n            var role = this._Context.Authentication.UserRoles.FirstOrDefault();\r\n\r\n            if (this._Context.Authentication.UserIsInRole(\"Administration\"))\r\n                role = \"Administration\";\r\n            if (this._Context.Authentication.UserIsInRole(\"FinancialAdministration\"))\r\n                role = \"FinancialAdministration\";\r\n            else if (this._Context.Authentication.UserIsInRole(\"Supplier\"))\r\n                role = \"Supplier\";\r\n\r\n            var queryDefinition = new ERP.ListQueryDefinition()\r\n            {\r\n                ErpCompany = this._Context.Operation.DataSource,\r\n                QueryContext = queryContext,\r\n                Page = page,\r\n                Rows = pageSize,\r\n                QuerySort = \"DataDoc DESC, NumDoc DESC\",\r\n                KeyParameter = \"_code\",\r\n                Parameters = new Dictionary<string, string>{\r\n                    {\"TIPODOC\", tipoDoc },\r\n                    {\"TIPODOCCOT\", tipoDocCot},\r\n                    {\"ENTIDADE\", entidade },\r\n                    {\"Role\", role }\r\n                }\r\n            };\r\n            var queryResult = await ERP.Entities.ReadListAsync(queryDefinition, _Context);\r\n\r\n            foreach (var resultData in queryResult.Data)\r\n                resultData.Add(\"DataSource\", this._Context.Operation.DataSource);\r\n\r\n            return (queryResult.NumberOfRecords, queryResult.Data);",
      "description": ""
    },
    {
      "name": "Update",
      "type": "Update",
      "expression": "            var logger = this._Context.Services.GetService<ILogger<Context>>();\r\n            logger.LogInformation(\"QuoteRequests Update -> Início do processo\");\r\n\r\n            Dictionary<string, object> results = new Dictionary<string, object>();\r\n\r\n            ErpBS erpBS = null;\r\n\r\n            try\r\n            {\r\n                //Consultar Configs da Company\r\n                var httpClient = _Context.CreateApplicationHttpClient();\r\n                var dataSource = _Context.Operation.DataSource;\r\n\r\n                logger.LogInformation($\"QuoteRequests Update {dto._code}-> Carregar Dados da Empresa\");\r\n                //Get Company\r\n                var requestCompanyResult = await httpClient.PostAsJsonAsync($\"Queries/CompleteCompanyQuery/{dataSource}?pageSize=1\", new { Parameters = new List<object> { new { Name = \"datasource\", Value = dataSource } } });\r\n\r\n                logger.LogInformation($\"QuoteRequests Update {dto._code}-> Carregar Dados da Empresa: After execute POST\");\r\n                if (!requestCompanyResult.IsSuccessStatusCode)\r\n                    await Helpers.Helpers.SendErrorAsync(_Context, \"QueryExecuteError\", new object[] { \"CompleteCompanyQuery\" });\r\n\r\n                var resultCompany = await requestCompanyResult.Content.ReadAsAsync<List<Dictionary<string, object>>>();\r\n\r\n                if (!resultCompany.First().Keys.Contains(\"documenterpcf\"))\r\n                    await Helpers.Helpers.SendErrorAsync(_Context, \"ErrorCompanyMissingKey\", new object[] { \"documenterpcf\" });\r\n\r\n                logger.LogInformation(\"InternalRequisition_Integrate -> Before Get OrganizationalUnit\");\r\n                //Get OrganizationalUnit\r\n                var requestOrganizationalUnitResult = await httpClient.PostAsJsonAsync($\"Queries/CompleteOrganizationalUnitQuery/{dto.ReqOrganizationalUnit}?pageSize=1\", new\r\n                {\r\n                    Parameters = new List<object> { new { Name = \"ou\", Value = dto.ReqOrganizationalUnit } }\r\n                });\r\n\r\n                if (!requestOrganizationalUnitResult.IsSuccessStatusCode)\r\n                    await Helpers.Helpers.SendErrorAsync(_Context, \"QueryExecuteError\", new object[] { \"CompleteOrganizationalUnitQuery\" });\r\n\r\n\r\n                var organizationalUnit = await requestOrganizationalUnitResult.Content.ReadAsAsync<List<Dictionary<string, object>>>();\r\n\r\n                logger.LogInformation($\"QuoteRequests Update {dto._code}-> Carregar Dados da Empresa: After execute ReadAsAsync: {resultCompany.First()[\"documenterpcf\"].ToString()}\");\r\n\r\n                var tipoDocCF = organizationalUnit?.First()[\"documenterpcf\"]?.ToString() != null ? organizationalUnit?.First()[\"documenterpcf\"].ToString() : resultCompany.First()[\"documenterpcf\"].ToString();\r\n                var useDefaultSerie = Convert.ToBoolean(organizationalUnit?.First()[\"usedefquotdocserie\"] != null ? organizationalUnit.First()[\"usedefquotdocserie\"] : resultCompany.First()[\"usedefquotdocserie\"]);\r\n                var intCotSeries = organizationalUnit?.First()[\"quotationdocumentseries\"]?.ToString() != null ? organizationalUnit.First()[\"quotationdocumentseries\"]?.ToString() : resultCompany.First()[\"quotationdocumentseries\"]?.ToString();\r\n\r\n                logger.LogInformation($\"QuoteRequests Update {dto._code}-> GetERP\");\r\n\r\n                //Abrir Empresa\r\n\r\n                erpBS = await ERP.ErpBSFactory.GetErpBsAsync(_Context);\r\n\r\n                List<string> documentoERP = dto._code?.Split('.').ToList();\r\n\r\n                string tipoDoc = documentoERP[0];\r\n                string serieDoc = documentoERP[1];\r\n                string numDoc = documentoERP[2];\r\n                string filial = dto.Filial;\r\n\r\n                logger.LogInformation($\"QuoteRequests Update {dto._code}-> Before Edita Original\");\r\n\r\n                CmpBEDocumentoCompra documentoOriginal = erpBS.Compras.Documentos.Edita(filial, tipoDoc, serieDoc, Convert.ToInt32(numDoc));\r\n\r\n                if (documentoOriginal == null)\r\n                    await Helpers.Helpers.SendErrorAsync(_Context, \"EntityNotFound\", new object[] { $\"{tipoDoc}/{serieDoc}/{numDoc}' with filial '{filial}\" });\r\n\r\n                logger.LogInformation($\"QuoteRequests Update {dto._code}-> After Edita Original\");\r\n\r\n                if (tipoDocCF == tipoDoc && dto.Items.Where(item => !string.IsNullOrEmpty(item.erpTipoDoc)).Any())\r\n                {\r\n                    QuoteRequestItemsDto firstItem = dto.Items.Where(item => !string.IsNullOrEmpty(item.erpTipoDoc)).FirstOrDefault();\r\n\r\n                    CmpBEDocumentoCompra documentoCotacao = erpBS.Compras.Documentos.Edita(\r\n                        firstItem.erpFilial,\r\n                        firstItem.erpTipoDoc,\r\n                        firstItem.erpSerieDoc,\r\n                        Convert.ToInt32(firstItem.erpNumDoc)\r\n                        );\r\n\r\n                    if (documentoCotacao == null)\r\n                        await Helpers.Helpers.SendErrorAsync(_Context, \"ErrorRetrieveQuotationDocument\", new object[] { firstItem.erpTipoDoc, firstItem.erpSerieDoc, firstItem.erpNumDoc, firstItem.erpFilial });\r\n\r\n                    documentoCotacao.DescFornecedor = Convert.ToDouble(dto.SupplierDiscount);\r\n                    documentoCotacao.CondPag = dto.PaymentTerm;\r\n                    documentoCotacao.Moeda = dto.Currency;\r\n                    documentoCotacao.Observacoes = dto.ObservationsSupplier;\r\n\r\n                    //Atualizar\r\n                    foreach (QuoteRequestItemsDto itemDto in dto.Items.Where(item => !string.IsNullOrEmpty(item.erpTipoDoc)))\r\n                    {\r\n                        foreach (CmpBELinhaDocumentoCompra linha in documentoCotacao.Linhas)\r\n                        {\r\n                            //if (itemDto._code == linha.IDLinhaOriginal)\r\n                            if (linha.Artigo.Equals(itemDto._code))\r\n                            {\r\n                                linha.PrecUnit = Convert.ToDouble(itemDto.AmountSupplier.Value);\r\n                                linha.DataEntrega = itemDto.DeliveryDateSupplier.Value;\r\n                                linha.Desconto1 = Convert.ToSingle(itemDto.Discount);\r\n                            }\r\n                        }\r\n                    }\r\n\r\n                    CriaAtualizaDocumentoCompra(documentoOriginal, documentoCotacao);\r\n                }\r\n                else\r\n                {\r\n                    CmpBEDocumentoCompra documentoCompra = new CmpBEDocumentoCompra()\r\n                    {\r\n                        Tipodoc = tipoDocCF,\r\n                        Serie = useDefaultSerie ? erpBS.Base.Series.DaSerieDefeito(\"C\", tipoDocCF, dto.Date.Value) : intCotSeries,\r\n                        TipoEntidade = \"F\",\r\n                        Entidade = dto.Supplier,\r\n                        CondPag = dto.PaymentTerm,\r\n                        Moeda = dto.Currency\r\n                    };\r\n\r\n\r\n\r\n                    erpBS.Compras.Documentos.PreencheDadosRelacionados(documentoCompra);\r\n\r\n                    documentoCompra.DescFornecedor = Convert.ToDouble(dto.SupplierDiscount);\r\n                    documentoCompra.Observacoes = dto.ObservationsSupplier;\r\n\r\n                    CriaAtualizaDocumentoCompra(documentoOriginal, documentoCompra);\r\n                }\r\n            }\r\n            catch (Exception ex) { await Helpers.Helpers.SendErrorAsync(_Context, \"ErpIntegrationFailed\", new object[] { ex.Message }); }\r\n\r\n            logger.LogInformation($\"QuoteRequests Update {dto._code}-> Terminou\");\r\n\r\n            return dto;\r\n\r\n            void CriaAtualizaDocumentoCompra(CmpBEDocumentoCompra documentoOriginal, CmpBEDocumentoCompra documentoCompra)\r\n            {\r\n                documentoCompra.Moeda = dto.Currency;\r\n                documentoCompra.CondPag = dto.PaymentTerm;\r\n                documentoCompra.DescFornecedor = Convert.ToDouble(dto.SupplierDiscount);\r\n                /*if (dto.Items.Where(item => item.AmountSupplier > 0 && item.QuantitySupplier > 0 && item.DeliveryDateSupplier.HasValue && string.IsNullOrEmpty(item.erpTipoDoc)).Any())\r\n                {\r\n                    foreach (QuoteRequestItemsDto itemDto in dto.Items.Where(item => item.AmountSupplier > 0 && item.QuantitySupplier > 0 && item.DeliveryDateSupplier.HasValue && string.IsNullOrEmpty(item.erpTipoDoc)))\r\n                    {\r\n                        double quantidade = Convert.ToDouble(itemDto.QuantitySupplier.Value);\r\n                        double precUnit = Convert.ToDouble(itemDto.AmountSupplier.Value); ;\r\n                        string emptyString = string.Empty;\r\n\r\n                        for (int i = 1; i <= documentoOriginal.Linhas.NumItens; i++)\r\n                        {\r\n\r\n                            //if (documentoOriginal.Linhas.GetEdita(i).IdLinha == itemDto._code)\r\n                            if (documentoOriginal.Linhas.GetEdita(i).Artigo.Equals(itemDto._code))\r\n                            {\r\n                                string serieOriginal = documentoOriginal.Serie;\r\n                                string filialOriginal = documentoOriginal.Filial;\r\n\r\n                                erpBS.Compras.Documentos.AdicionaLinhaTransformada(documentoCompra, documentoOriginal.Tipodoc, documentoOriginal.NumDoc, i, ref filialOriginal, ref serieOriginal, quantidade);\r\n                                //erpBS.Compras.Documentos.AdicionaLinha(documentoCompra, itemDto._code, ref quantidade, ref emptyString, ref emptyString, precUnit, 0.0, emptyString, 0.0, 0.0, 0.0, 0.0, 0.0, 0, 0, false, true);\r\n                                documentoCompra.Linhas.GetEdita(documentoCompra.Linhas.NumItens).DataEntrega = itemDto.DeliveryDateSupplier.Value;\r\n                                documentoCompra.Linhas.GetEdita(documentoCompra.Linhas.NumItens).PrecUnit = Convert.ToDouble(itemDto.AmountSupplier.Value);\r\n                                documentoCompra.Linhas.GetEdita(documentoCompra.Linhas.NumItens).Desconto1 = Convert.ToSingle(itemDto.Discount);\r\n                            }\r\n                        }\r\n                    }\r\n                }*/\r\n                logger.LogInformation($\"QuoteRequests Update {dto._code}-> CriaAtualizaDocumentoCompra Inicia\");\r\n\r\n                foreach (QuoteRequestItemsDto itemDto in dto.Items)\r\n                {\r\n                    if (itemDto.AmountSupplier > 0 && itemDto.QuantitySupplier > 0 && itemDto.DeliveryDateSupplier.HasValue && string.IsNullOrEmpty(itemDto.erpTipoDoc))\r\n                    {\r\n\r\n                        double quantidade = Convert.ToDouble(itemDto.QuantitySupplier.Value);\r\n                        double precUnit = Convert.ToDouble(itemDto.AmountSupplier.Value); ;\r\n                        string emptyString = string.Empty;\r\n\r\n                        for (int i = 1; i <= documentoOriginal.Linhas.NumItens; i++)\r\n                        {\r\n\r\n                            //if (documentoOriginal.Linhas.GetEdita(i).IdLinha == itemDto._code)\r\n                            if (documentoOriginal.Linhas.GetEdita(i).Artigo.Equals(itemDto._code))\r\n                            {\r\n                                string serieOriginal = documentoOriginal.Serie;\r\n                                string filialOriginal = documentoOriginal.Filial;\r\n\r\n                                erpBS.Compras.Documentos.AdicionaLinhaTransformada(documentoCompra, documentoOriginal.Tipodoc, documentoOriginal.NumDoc, i, ref filialOriginal, ref serieOriginal, quantidade);\r\n                                //erpBS.Compras.Documentos.AdicionaLinha(documentoCompra, itemDto._code, ref quantidade, ref emptyString, ref emptyString, precUnit, 0.0, emptyString, 0.0, 0.0, 0.0, 0.0, 0.0, 0, 0, false, true);\r\n                                documentoCompra.Linhas.GetEdita(documentoCompra.Linhas.NumItens).DataEntrega = itemDto.DeliveryDateSupplier.Value;\r\n                                documentoCompra.Linhas.GetEdita(documentoCompra.Linhas.NumItens).PrecUnit = Convert.ToDouble(itemDto.AmountSupplier.Value);\r\n                                documentoCompra.Linhas.GetEdita(documentoCompra.Linhas.NumItens).Desconto1 = Convert.ToSingle(itemDto.Discount);\r\n                                documentoCompra.Linhas.GetEdita(documentoCompra.Linhas.NumItens).Unidade = Convert.ToString(itemDto.Unit);\r\n                                //documentoCompra.Linhas.GetEdita(documentoCompra.Linhas.NumItens).CondPag = dto.PaymentTerm;\r\n                            }\r\n                        }\r\n                    }\r\n                }\r\n\r\n                documentoCompra.CamposUtil[\"CDU_CodOmnia\"].Valor = dto.Requisition;\r\n                documentoCompra.CamposUtil[\"CDU_OrganizationalUnit\"].Valor = dto.ReqOrganizationalUnit;\r\n                documentoCompra.CamposUtil[\"CDU_Autor\"].Valor = dto.ReqAuthor;\r\n                documentoCompra.CamposUtil[\"CDU_AutorNome\"].Valor = dto.ReqAuthorName;\r\n                documentoCompra.CamposUtil[\"CDU_IncotermsLocal\"].Valor = dto.IncotermLocation;\r\n                documentoCompra.CamposUtil[\"CDU_Incoterms\"].Valor = dto.IsIncoterm;\r\n                documentoCompra.CamposUtil[\"CDU_IncotermsDesc\"].Valor = dto.incotermDesc;\r\n                //throw new Exception(dto.Currency);\r\n\r\n\r\n                logger.LogInformation($\"QuoteRequests Update {dto._code}-> CriaAtualizaDocumentoCompra vai atualizar\");\r\n                erpBS.Compras.Documentos.Actualiza(documentoCompra);\r\n\r\n                logger.LogInformation($\"QuoteRequests Update {dto._code}-> CriaAtualizaDocumentoCompra Fim\");\r\n            }",
      "description": ""
    }
  ],
  "entityBehaviours": [
    {
      "name": "Initialize",
      "type": "Initialize",
      "attribute": null,
      "expression": "var logger = this._Context.Services.GetService<ILogger<Context>>();\r\nlogger.LogInformation($\"QuoteRequests Initialize: Iniciou\");\r\nvar httpClient = _Context.CreateApplicationHttpClient();\r\n\r\nlogger.LogInformation($\"QuoteRequests Initialize: Before Get Primavera\");\r\n//Get Primavera\r\nvar primaveraResult = httpClient.GetAsync($\"Primavera/Default/{this._Context.Operation.DataSource}\").ConfigureAwait(false).GetAwaiter().GetResult();\r\n\r\nPrimaveraApplicationBehaviours.Primavera_EnsureSuccessApiResult(new Dictionary<string, object>\r\n{\r\n    {\"requestResult\", primaveraResult}\r\n}, this._Context);\r\n\r\nthis.Primavera = primaveraResult.Content.ReadAsAsync<PrimaveraDto>().ConfigureAwait(false).GetAwaiter().GetResult()._code;\r\nlogger.LogInformation($\"QuoteRequests Initialize: After Get Primavera\");\r\n\r\nvar Inco = httpClient.GetAsync($\"Company/Default/{this.Primavera}\").ConfigureAwait(false).GetAwaiter().GetResult();\r\nPrimaveraApplicationBehaviours.Primavera_EnsureSuccessApiResult(new Dictionary<string, object>\r\n{\r\n    {\"requestResult\", Inco}\r\n}, this._Context);\r\n\r\n    this.UseIncoterm = Convert.ToBoolean(Inco.Content.ReadAsAsync<CompanyDto>().Result.UseIncoterm ?? false);\r\n    var type = Inco.Content.ReadAsStringAsync().ConfigureAwait(false).GetAwaiter().GetResult();\r\n    var Comp = JsonConvert.DeserializeObject<CompanyDto>(type);\r\n\r\nvar args = new Dictionary<string, object>()\r\n{\r\n    {\"quoteRequests\", this.ToDto() }\r\n};\r\n\r\nlogger.LogInformation($\"QuoteRequests Initialize: Before Primavera_PreencheCotacaoERP\");\r\nIDictionary<string, object> requestResults = PrimaveraApplicationBehaviours.Primavera_PreencheCotacaoERP(args, _Context);\r\nCmpBEDocumentoCompra documentoCompra = null;\r\nlogger.LogInformation($\"QuoteRequests Initialize: After Primavera_PreencheCotacaoERP\");\r\n\r\nif (requestResults.ContainsKey(\"documentoERP\"))\r\n    documentoCompra = (CmpBEDocumentoCompra)requestResults[\"documentoERP\"];\r\nelse\r\n    throw new Exception(PrimaveraApplicationBehaviours.Primavera_GetText(new Dictionary<string, object>{\r\n        {\"name\",\"ErrorPreencheCotacaoERPMissingKey\"},\r\n        {\"language\",_Context.Operation.Language},\r\n        {\"parameters\",new object[]{\"documentoERP\"}}\r\n    })[\"text\"].ToString());\r\n    \r\nvar dto = this.ToDto();\r\n\r\nif (SupplierDiscount == -1)\r\n    SupplierDiscount = Convert.ToInt32(documentoCompra.DescFornecedor);\r\n    //PaymentTerm = dto.PaymentTerm;\r\n    Currency = dto.Currency;\r\n    \r\nforeach (CmpBELinhaDocumentoCompra linha in documentoCompra.Linhas)\r\n{\r\n    foreach (QuoteRequestItems item in Items)\r\n    {\r\n        if (linha.Artigo.Equals(item._code))\r\n        {\r\n            item.TotalSupplier = Convert.ToDecimal(linha.PrecoLiquido + linha.TotalIva + linha.TotalEcotaxa + linha.TotalIEC + linha.TotalRecargo);\r\n            item.Discount = Convert.ToInt32(linha.Desconto1);\r\n        }\r\n    }\r\n}\r\n\r\n    if(string.IsNullOrEmpty(this.IsIncoterm))\r\n    {\r\n            var queryDefinition = new ERP.ListQueryDefinition()\r\n            {\r\n                ErpCompany = this._Context.Operation.DataSource,\r\n                QueryString = $\"SELECT CDU_Incoterms, CDU_IncotermsLocal FROM CabecCompras WHERE TipoDoc = '{dto._code.Split('.')[0]}' AND Serie = '{dto._code.Split('.')[1]}' AND NumDoc = {dto._code.Split('.')[2]} AND Entidade = '{dto._code.Split('.')[3]}'\",\r\n                IsPaginatedQuery = false            \r\n            };\r\n            var queryResult = ERP.Entities.ReadList(queryDefinition, _Context);\r\n\r\n            if (queryResult.NumberOfRecords > 0)\r\n            {\r\n                this.IsIncoterm = Convert.ToString(queryResult.Data.FirstOrDefault()[\"CDU_Incoterms\"]);\r\n                this.IncotermLocation = Convert.ToString(queryResult.Data.FirstOrDefault()[\"CDU_IncotermsLocal\"]);\r\n            }\r\n    }\r\n\r\ndocumentoCompra = null;\r\nlogger.LogInformation($\"QuoteRequests Initialize: Terminou\");",
      "description": ""
    },
    {
      "name": "OnChange_Supplier",
      "type": "Action",
      "attribute": "Supplier",
      "expression": "            if (!string.IsNullOrEmpty(newValue))\r\n            {\r\n                var logger = this._Context.Services.GetService<ILogger<Context>>();\r\n                logger.LogInformation($\"QuoteRequests OnChangeSupplier: Iniciou\");\r\n                Console.WriteLine(\"*******************************\");\r\n                var httpClient = this._Context.CreateApplicationHttpClient();\r\n\r\n                Console.WriteLine(\"Before Get Supplier\");\r\n\r\n                foreach (QuoteRequestItems linhaDto in Items)\r\n                {\r\n                    linhaDto.QuantitySupplier = linhaDto.Quantity;\r\n                    linhaDto.AmountSupplier = 0;\r\n                    linhaDto.Discount = 0;\r\n                    linhaDto.TotalSupplier = 0;\r\n\r\n                    linhaDto.erpTipoDoc = \"\";\r\n                    linhaDto.erpSerieDoc = \"\";\r\n                    linhaDto.erpNumDoc = \"\";\r\n                    linhaDto.erpFilial = \"\";\r\n                    linhaDto.Unit = \"UN\";\r\n                }\r\n\r\n                var supplierDao = new Daos.SupplierDao(this._Context);\r\n                var entity = supplierDao.Read(newValue, null);\r\n\r\n                this.SupplierName = entity._name;\r\n                if (this.SupplierDiscount <= 0)\r\n                    this.SupplierDiscount = entity.Desconto.Value;\r\n\r\n//                 string[] erpDoc = this._code.Split('.');\r\n\r\n//                 string tipoDoc = erpDoc[0];\r\n//                 string serie = erpDoc[1];\r\n//                 string numDoc = erpDoc[2];\r\n\r\n//                 var query = $@\"\r\n// SELECT TOP 1 CC_COT.Id\r\n// FROM CabecCompras CC\r\n//     INNER JOIN LinhasCompras LC ON LC.IdCabecCompras = CC.Id\r\n//     LEFT JOIN LinhasComprasTrans LCT ON LCT.IdLinhasComprasOrigem = LC.Id\r\n//     LEFT JOIN LinhasCompras LC_COT ON LC_COT.Id = LCT.IdLinhasCompras\r\n//     LEFT JOIN CabecCompras CC_COT ON LC_COT.IdCabecCompras = CC_COT.Id\r\n// WHERE CC_COT.Entidade = '{newValue}' AND CC.CDU_CodOmnia = '{Requisition}' AND CC.TipoDoc = '{tipoDoc}' AND CC.Serie = '{serie}' AND CC.NumDoc = {numDoc} AND (CC_COT.Entidade = '{Supplier}' OR '{Supplier}' is NULL)\";\r\n\r\n//                 var queryDefinition = new ERP.ListQueryDefinition()\r\n//                 {\r\n//                     ErpCompany = this._Context.Operation.DataSource,\r\n//                     QueryString = query,\r\n//                     Page = 1,\r\n//                     Rows = 1,\r\n//                     KeyParameter = \"Id\",\r\n//                 };\r\n//                 var queryResult = ERP.Entities.ReadList(queryDefinition, _Context);\r\n//                 List<IDictionary<string, object>> results = queryResult.Data;\r\n\r\n//                 string id = string.Empty;\r\n//                 if (results.Count > 0)\r\n//                 {\r\n\r\n//                     foreach (var data in results)\r\n//                     {\r\n//                         var idCabecCompras = data[\"Id\"].ToString();\r\n\r\n//                         Dictionary<string, object> arguments = new Dictionary<string, object>() { { \"id\", idCabecCompras } };\r\n\r\n//                         IDictionary<string, object> editaResults = PrimaveraApplicationBehaviours.Primavera_EditaDocumentoCompra(arguments, _Context);\r\n//                         CmpBEDocumentoCompra documentoCotacao = null;\r\n\r\n//                         if (editaResults.ContainsKey(\"documentoCompra\"))\r\n//                         {\r\n//                             JsonSerializerSettings settings = new JsonSerializerSettings\r\n//                             {\r\n//                                 TypeNameHandling = TypeNameHandling.All,\r\n//                                 Converters = { new ERP.InvBEEncargosConverter() },\r\n//                                 MetadataPropertyHandling = MetadataPropertyHandling.Ignore\r\n//                             };\r\n//                             documentoCotacao = JsonConvert.DeserializeObject<CmpBEDocumentoCompra>(editaResults[\"documentoCompra\"].ToString(), settings);\r\n//                         }\r\n//                         else\r\n//                             Helpers.Helpers.SendError(this._Context, \"EditPurchaseDocumentFailedWithId\", new object[] { id });\r\n\r\n//                         this.SupplierDiscount = Convert.ToDecimal(documentoCotacao.DescFornecedor);\r\n\r\n//                         this.TotalMercServ = Convert.ToDecimal(documentoCotacao.TotalMerc);\r\n//                         this.TotalDiscount = Convert.ToDecimal(documentoCotacao.TotalDesc);\r\n//                         this.TotalTax = Convert.ToDecimal(documentoCotacao.TotalIva);\r\n//                         this.TotalDoc = Convert.ToDecimal(documentoCotacao.TotalDocumento);\r\n//                         this.Currency = Convert.ToString(documentoCotacao.Moeda);\r\n//                         this.PaymentTerm = Convert.ToString(documentoCotacao.CondPag);\r\n//                         this.IsIncoterm = Convert.ToString(documentoCotacao.CamposUtil[\"CDU_Incoterm\"].Valor);\r\n//                         this.incotermDesc = Convert.ToString(documentoCotacao.CamposUtil[\"CDU_IncotermDesc\"].Valor);\r\n//                         this.ObservationsSupplier = documentoCotacao.Observacoes;\r\n\r\n//                         foreach (CmpBELinhaDocumentoCompra linhaCOT in documentoCotacao.Linhas)\r\n//                         {\r\n//                             foreach (QuoteRequestItems linhaDto in Items)\r\n//                             {\r\n//                                 if (linhaDto._code.Equals(linhaCOT.Artigo))\r\n//                                 {\r\n//                                     decimal total = Convert.ToDecimal(linhaCOT.PrecoLiquido);\r\n\r\n//                                     if (linhaCOT.ValorLiquidoDesconto != 0)\r\n//                                     {\r\n//                                         total = total + Convert.ToDecimal(linhaCOT.ValorLiquidoDesconto);\r\n//                                     }\r\n\r\n//                                     linhaDto.QuantitySupplier = linhaDto.Quantity;\r\n//                                     linhaDto.AmountSupplier = Convert.ToDecimal(linhaCOT.PrecUnit);\r\n//                                     linhaDto.DeliveryDateSupplier = linhaCOT.DataEntrega;\r\n//                                     linhaDto.Discount = Convert.ToInt32(linhaCOT.Desconto1);\r\n//                                     linhaDto.TotalSupplier = total;\r\n\r\n//                                     linhaDto.erpTipoDoc = documentoCotacao.Tipodoc;\r\n//                                     linhaDto.erpSerieDoc = documentoCotacao.Serie;\r\n//                                     linhaDto.erpNumDoc = documentoCotacao.NumDoc.ToString();\r\n//                                     linhaDto.erpFilial = documentoCotacao.Filial;\r\n//                                     linhaDto.VATTax = Convert.ToDecimal(linhaCOT.TaxaIva);\r\n//                                     linhaDto.Unit = linhaCOT.Unidade;\r\n//                                 }\r\n//                             }\r\n//                         }\r\n//                     }\r\n//                 }\r\n//                 else\r\n//                 {\r\n//                     foreach (QuoteRequestItems linhaDto in Items)\r\n//                     {\r\n//                         linhaDto.QuantitySupplier = linhaDto.Quantity;\r\n//                         linhaDto.AmountSupplier = 0;\r\n//                         linhaDto.DeliveryDateSupplier = DateTime.Now;\r\n//                         linhaDto.Discount = 0;\r\n//                         linhaDto.TotalSupplier = 0;\r\n\r\n//                         linhaDto.erpTipoDoc = string.Empty;\r\n//                         linhaDto.erpSerieDoc = string.Empty;\r\n//                         linhaDto.erpNumDoc = string.Empty;\r\n//                         linhaDto.erpFilial = string.Empty;\r\n//                     }\r\n//                 }\r\n            }\r\n            else\r\n            {\r\n                foreach (QuoteRequestItems linhaDto in Items)\r\n                {\r\n                    linhaDto.QuantitySupplier = linhaDto.Quantity;\r\n                    linhaDto.AmountSupplier = 0;\r\n                    linhaDto.DeliveryDateSupplier = DateTime.Now;\r\n                    linhaDto.Discount = 0;\r\n                    linhaDto.TotalSupplier = 0;\r\n\r\n                    linhaDto.erpTipoDoc = string.Empty;\r\n                    linhaDto.erpSerieDoc = string.Empty;\r\n                    linhaDto.erpNumDoc = string.Empty;\r\n                    linhaDto.erpFilial = string.Empty;\r\n                }\r\n            }",
      "description": ""
    },
    {
      "name": "AfterChange",
      "type": "AfterChange",
      "attribute": null,
      "expression": "var args = new Dictionary<string, object>()\r\n            {\r\n                {\"quoteRequests\", this.ToDto() }\r\n            };\r\n\r\n            IDictionary<string, object> requestResults = PrimaveraApplicationBehaviours.Primavera_PreencheCotacaoERP(args, _Context);\r\n            CmpBEDocumentoCompra documentoCompra = null;\r\n\r\n            if (requestResults.ContainsKey(\"documentoERP\"))\r\n                documentoCompra = (CmpBEDocumentoCompra)requestResults[\"documentoERP\"];\r\n            else\r\n                throw new Exception(PrimaveraApplicationBehaviours.Primavera_GetText(new Dictionary<string, object>{\r\n                    {\"name\",\"ErrorPreencheCotacaoERPMissingKey\"},\r\n                    {\"language\",_Context.Operation.Language},\r\n                    {\"parameters\",new object[]{\"documentoERP\"}}\r\n                })[\"text\"].ToString());\r\n\r\n            this.TotalMercServ = Convert.ToDecimal(documentoCompra.TotalMerc);\r\n            this.TotalDiscount = Convert.ToDecimal(documentoCompra.TotalDesc);\r\n            this.TotalTax = Convert.ToDecimal(documentoCompra.TotalIva);\r\n            this.TotalDoc = Convert.ToDecimal(documentoCompra.TotalDocumento);\r\n\r\n            foreach (CmpBELinhaDocumentoCompra linha in documentoCompra.Linhas)\r\n            {\r\n                foreach (QuoteRequestItems item in Items)\r\n                {\r\n                    //if (linha.IdLinha == item._code)\r\n                    if (linha.Artigo.Equals(item._code) && linha.Quantidade == (double)item.Quantity)\r\n                        item.TotalSupplier = Convert.ToDecimal(linha.PrecoLiquido + linha.TotalIva + linha.TotalEcotaxa + linha.TotalIEC + linha.TotalRecargo);\r\n                }\r\n            }\r\n            \r\n            documentoCompra = null;",
      "description": ""
    },
    {
      "name": "onChange_PaymentTerm",
      "type": "Action",
      "attribute": "PaymentTerm",
      "expression": "var httpClient = this._Context.CreateApplicationHttpClient();\r\nvar dataSource = this.Primavera; \r\n\r\nvar requestResult = httpClient.PostAsJsonAsync($\"Queries/PaymentTermsQuery/{dataSource}?pageSize=1\", new { Filter = new\r\n                    {                 \r\n                        Property = \"_code\",\r\n                        Value = newValue\r\n                    }}).GetAwaiter().GetResult();\r\n\r\nif (!requestResult.IsSuccessStatusCode)\r\n    throw new Exception($\"Can't retrieve the data of query 'PaymentTermsQuery'\");\r\n\r\nvar result = requestResult.Content.ReadAsAsync<List<Dictionary<string, object>>>().GetAwaiter().GetResult();\r\n\r\n// Example of how to get the first record and set a value of an attribute with the result\r\nthis.PaymentDesc = result.First()[\"descricao\"].ToString();\r\n\r\n",
      "description": ""
    },
    {
      "name": "onChange_Incoterm",
      "type": "Action",
      "attribute": "IsIncoterm",
      "expression": "var httpClient = this._Context.CreateApplicationHttpClient();\r\nvar dataSource = this.Primavera; \r\n\r\nvar requestResult = httpClient.PostAsJsonAsync($\"Queries/IncotermsQuery/{dataSource}?pageSize=1\", new { Filter = new\r\n                    {                 \r\n                        Property = \"_code\",\r\n                        Value = newValue\r\n                    }}).GetAwaiter().GetResult();\r\n\r\nif (!requestResult.IsSuccessStatusCode)\r\n    throw new Exception($\"Can't retrieve the data of query 'IncotermsQuery'\");\r\n\r\nvar result = requestResult.Content.ReadAsAsync<List<Dictionary<string, object>>>().GetAwaiter().GetResult();\r\n\r\n        if (result.Count > 0)\r\n        {\r\n            this.incotermDesc = result.First()[\"_name\"].ToString();\r\n        }\r\n        else\r\n        {\r\n            this.incotermDesc = \"\";\r\n        }\r\n\r\n\r\n\r\n",
      "description": ""
    },
    {
      "name": "onchange_Currency",
      "type": "Action",
      "attribute": "Currency",
      "expression": "            if (!string.IsNullOrEmpty(newValue))\r\n            {\r\n                Console.WriteLine(\"*******************************\");\r\n                var httpClient = this._Context.CreateApplicationHttpClient();\r\n\r\n                Console.WriteLine(\"Before Get Line\");\r\n\r\n                string[] erpDoc = this._code.Split('.');\r\n\r\n                string tipoDoc = erpDoc[0];\r\n                string serie = erpDoc[1];\r\n                string numDoc = erpDoc[2];\r\n                string moeda = this.Currency;\r\n\r\n                foreach (QuoteRequestItems linhaDto in Items)\r\n                {\r\n                    string artigo = linhaDto._code;\r\n\r\n                    var query = $@\"SELECT TOP 1 CC_COT.Id,\r\n                            CASE WHEN '{moeda}' != CI_RI.Moeda\r\n                            THEN\r\n                            dbo.STD_TransfPrUnitMBase(LC_PCO.PrecUnit, dbo.FTR_DaCambio('{moeda}', GETDATE()), dbo.FTR_DaCambio(CI_RI.Moeda, GETDATE()))\r\n                            ELSE\r\n                            LC_PCO.PrecUnit\r\n                            END as baseUnitPrice,\r\n                            CASE WHEN '{moeda}' != CI_RI.Moeda\r\n                            THEN\r\n                                dbo.STD_TransfPrUnitMBase(LC_PCO.PrecoLiquido, dbo.FTR_DaCambio('{moeda}', GETDATE()), dbo.FTR_DaCambio(CI_RI.Moeda, GETDATE()))\r\n                            ELSE\r\n                                LC_PCO.PrecoLiquido\r\n                            END as baseTotal\r\n                            FROM LinhasCompras LC_COT \r\n                            INNER JOIN CabecCompras CC_COT ON CC_COT.Id = LC_COT.IdCabecCompras \r\n                            INNER JOIN LinhasComprasTrans LCT_COT ON LCT_COT.IdLinhasCompras = LC_COT.Id \r\n                            INNER JOIN LinhasCompras LC_PCO ON LC_PCO.Id = LCT_COT.IdLinhasComprasOrigem \r\n                            INNER JOIN CabecCompras CC_PCO ON CC_PCO.Id = LC_PCO.IdCabecCompras \r\n                            INNER JOIN LinhasInternos LC_RI ON LC_RI.Id = LC_PCO.IdLinhaOrigemCopia \r\n                            INNER JOIN CabecInternos CI_RI ON CI_RI.Id = LC_RI.IdCabecInternos \r\n                            INNER JOIN Fornecedores F ON F.Fornecedor = CC_COT.Entidade \r\n                            INNER JOIN Artigo A ON A.Artigo = LC_COT.Artigo\r\n                            INNER JOIN CondPag CP ON CP.CondPag = CC_COT.CondPag \r\n                            WHERE CI_RI.CDU_CodOmnia IS NOT NULL AND CC_PCO.TipoDoc = '{tipoDoc}' AND CC_PCO.Serie = '{serie}' AND CC_PCO.NumDoc = {numDoc} AND LC_PCO.Artigo = '{artigo}'\";\r\n\r\n                    var queryDefinition = new ERP.ListQueryDefinition()\r\n                    {\r\n                        ErpCompany = this._Context.Operation.DataSource,\r\n                        QueryString = query,\r\n                        Page = 1,\r\n                        Rows = 1,\r\n                        KeyParameter = \"Id\",\r\n                    };\r\n                    var queryResult = ERP.Entities.ReadList(queryDefinition, _Context);\r\n                    List<IDictionary<string, object>> results = queryResult.Data;\r\n\r\n                    if (results.Count > 0)\r\n                        foreach (var data in results)\r\n                        {\r\n                            linhaDto.Amount = Convert.ToDecimal(data[\"baseUnitPrice\"]);\r\n                            linhaDto.Total = Convert.ToDecimal(data[\"baseTotal\"]);\r\n                        }\r\n                }\r\n            }",
      "description": ""
    }
  ],
  "behaviourNamespaces": [
    {
      "name": "Globalization",
      "description": "",
      "executionLocation": "External",
      "fullyQualifiedName": "System.Globalization"
    },
    {
      "name": "CmpBE100",
      "description": "",
      "executionLocation": "External",
      "fullyQualifiedName": "CmpBE100"
    },
    {
      "name": "SystemNetHttp",
      "description": "",
      "executionLocation": "External",
      "fullyQualifiedName": "System.Net.Http"
    },
    {
      "name": "MicrosoftExtensionsLogging",
      "description": "",
      "executionLocation": "External",
      "fullyQualifiedName": "Microsoft.Extensions.Logging"
    },
    {
      "name": "ErpBS100",
      "description": "",
      "executionLocation": "External",
      "fullyQualifiedName": "ErpBS100"
    },
    {
      "name": "StdBE100",
      "description": "",
      "executionLocation": "External",
      "fullyQualifiedName": "StdBE100"
    },
    {
      "name": "RhpBE100",
      "description": "",
      "executionLocation": "External",
      "fullyQualifiedName": "RhpBE100"
    }
  ]
}