{
  "name": "RequisitionQuotationItem",
  "isRoot": false,
  "attributes": [
    {
      "name": "_code",
      "type": "Text",
      "length": null,
      "isSystem": true,
      "isReadOnly": false,
      "description": null,
      "multiplicity": {
        "lower": 1,
        "upper": 1
      },
      "aggregationKind": "None",
      "isSensitiveData": null,
      "dependsOnAttribute": null
    },
    {
      "name": "_name",
      "type": "Text",
      "length": null,
      "isSystem": true,
      "isReadOnly": false,
      "description": null,
      "multiplicity": {
        "lower": 1,
        "upper": 1
      },
      "aggregationKind": "None",
      "isSensitiveData": null,
      "dependsOnAttribute": null
    },
    {
      "name": "_description",
      "type": "Text",
      "length": null,
      "isSystem": true,
      "isReadOnly": false,
      "description": null,
      "multiplicity": {
        "lower": 0,
        "upper": 1
      },
      "aggregationKind": "None",
      "isSensitiveData": null,
      "dependsOnAttribute": null
    },
    {
      "name": "_inactive",
      "type": "Boolean",
      "length": null,
      "isSystem": true,
      "isReadOnly": false,
      "description": null,
      "multiplicity": {
        "lower": 1,
        "upper": 1
      },
      "aggregationKind": "None",
      "isSensitiveData": null,
      "dependsOnAttribute": null
    },
    {
      "name": "Filial",
      "type": "Text",
      "length": null,
      "isSystem": false,
      "isReadOnly": false,
      "description": "",
      "multiplicity": {
        "lower": 0,
        "upper": 1
      },
      "aggregationKind": "None",
      "isSensitiveData": false,
      "dependsOnAttribute": ""
    },
    {
      "name": "TotalItems",
      "type": "Decimal",
      "length": null,
      "isSystem": false,
      "isReadOnly": true,
      "description": "",
      "multiplicity": {
        "lower": 1,
        "upper": 1
      },
      "aggregationKind": "None",
      "isSensitiveData": false,
      "dependsOnAttribute": ""
    },
    {
      "name": "Total",
      "type": "Decimal",
      "length": null,
      "isSystem": false,
      "isReadOnly": true,
      "description": "",
      "multiplicity": {
        "lower": 1,
        "upper": 1
      },
      "aggregationKind": "None",
      "isSensitiveData": false,
      "dependsOnAttribute": ""
    },
    {
      "name": "DataDoc",
      "type": "Date",
      "length": null,
      "isSystem": false,
      "isReadOnly": true,
      "description": "",
      "multiplicity": {
        "lower": 1,
        "upper": 1
      },
      "aggregationKind": "None",
      "isSensitiveData": false,
      "dependsOnAttribute": ""
    },
    {
      "name": "Currency",
      "type": "Text",
      "length": {
        "maximum": null,
        "minimum": 1
      },
      "isSystem": false,
      "isReadOnly": true,
      "description": "",
      "multiplicity": {
        "lower": 1,
        "upper": 1
      },
      "aggregationKind": "None",
      "isSensitiveData": false,
      "dependsOnAttribute": ""
    }
  ],
  "dataSource": "System",
  "description": "",
  "dataBehaviours": [],
  "entityBehaviours": [
    {
      "name": "Defaults",
      "type": "Initialize",
      "attribute": null,
      "expression": "if(this._code != null && this._code != String.Empty) return; \r\nthis._code = Guid.NewGuid().ToString(\"N\");",
      "description": null
    }
  ],
  "behaviourNamespaces": []
}