{
  "name": "TreasuryDocSeries",
  "isRoot": true,
  "attributes": [
    {
      "name": "_code",
      "type": "Text",
      "length": null,
      "isSystem": true,
      "isReadOnly": false,
      "description": null,
      "multiplicity": {
        "lower": 1,
        "upper": 1
      },
      "aggregationKind": "None",
      "isSensitiveData": null,
      "dependsOnAttribute": null
    },
    {
      "name": "_name",
      "type": "Text",
      "length": null,
      "isSystem": true,
      "isReadOnly": false,
      "description": null,
      "multiplicity": {
        "lower": 1,
        "upper": 1
      },
      "aggregationKind": "None",
      "isSensitiveData": null,
      "dependsOnAttribute": null
    },
    {
      "name": "_description",
      "type": "Text",
      "length": null,
      "isSystem": true,
      "isReadOnly": false,
      "description": null,
      "multiplicity": {
        "lower": 0,
        "upper": 1
      },
      "aggregationKind": "None",
      "isSensitiveData": null,
      "dependsOnAttribute": null
    },
    {
      "name": "_inactive",
      "type": "Boolean",
      "length": null,
      "isSystem": true,
      "isReadOnly": false,
      "description": null,
      "multiplicity": {
        "lower": 1,
        "upper": 1
      },
      "aggregationKind": "None",
      "isSensitiveData": null,
      "dependsOnAttribute": null
    },
    {
      "name": "DocumentType",
      "type": "Text",
      "length": {
        "maximum": null,
        "minimum": 0
      },
      "isSystem": false,
      "isReadOnly": false,
      "description": "",
      "multiplicity": {
        "lower": 0,
        "upper": 1
      },
      "aggregationKind": "None",
      "isSensitiveData": false,
      "dependsOnAttribute": ""
    },
    {
      "name": "BeginDate",
      "type": "Date",
      "length": {
        "maximum": null,
        "minimum": 0
      },
      "isSystem": false,
      "isReadOnly": false,
      "description": "",
      "multiplicity": {
        "lower": 0,
        "upper": 1
      },
      "aggregationKind": "None",
      "isSensitiveData": false,
      "dependsOnAttribute": ""
    },
    {
      "name": "EndDate",
      "type": "Date",
      "length": {
        "maximum": null,
        "minimum": 0
      },
      "isSystem": false,
      "isReadOnly": false,
      "description": "",
      "multiplicity": {
        "lower": 0,
        "upper": 1
      },
      "aggregationKind": "None",
      "isSensitiveData": false,
      "dependsOnAttribute": ""
    }
  ],
  "dataSource": "Primavera",
  "description": "",
  "dataBehaviours": [
    {
      "name": "Create",
      "type": "Create",
      "expression": "throw new NotImplementedException(\"Create data behaviour not implemented.\");",
      "description": ""
    },
    {
      "name": "Delete",
      "type": "Delete",
      "expression": "throw new NotImplementedException(\"Delete data behaviour not implemented.\");",
      "description": ""
    },
    {
      "name": "Read",
      "type": "Read",
      "expression": "throw new NotImplementedException(\"Read data behaviour not implemented.\");",
      "description": ""
    },
    {
      "name": "ReadList",
      "type": "ReadList",
      "expression": "\t\t\tvar queryDefinition = new ERP.ListQueryDefinition()\r\n\t\t\t{\r\n\t\t\t\tErpCompany = this._Context.Operation.DataSource,\r\n\t\t\t\tQueryContext = queryContext,\r\n\t\t\t\tPage = page,\r\n\t\t\t\tRows = pageSize,\r\n\t\t\t\tKeyParameter = \"documentType\",\r\n\t\t\t\tIsOmniaDbQuery = true,\r\n\t\t\t};\r\n\t\t\tvar queryResult = await ERP.Entities.ReadListAsync(queryDefinition, _Context);\r\n\t\t\treturn (queryResult.NumberOfRecords, queryResult.Data);",
      "description": ""
    },
    {
      "name": "Update",
      "type": "Update",
      "expression": "throw new NotImplementedException(\"Update data behaviour not implemented.\");",
      "description": ""
    }
  ],
  "entityBehaviours": [],
  "behaviourNamespaces": []
}