{
  "name": "Units",
  "isRoot": true,
  "attributes": [
    {
      "name": "_code",
      "type": "Text",
      "length": null,
      "isSystem": true,
      "isReadOnly": false,
      "description": null,
      "multiplicity": {
        "lower": 1,
        "upper": 1
      },
      "aggregationKind": "None",
      "isSensitiveData": null,
      "dependsOnAttribute": null
    },
    {
      "name": "_name",
      "type": "Text",
      "length": null,
      "isSystem": true,
      "isReadOnly": false,
      "description": null,
      "multiplicity": {
        "lower": 1,
        "upper": 1
      },
      "aggregationKind": "None",
      "isSensitiveData": null,
      "dependsOnAttribute": null
    },
    {
      "name": "_description",
      "type": "Text",
      "length": null,
      "isSystem": true,
      "isReadOnly": false,
      "description": null,
      "multiplicity": {
        "lower": 0,
        "upper": 1
      },
      "aggregationKind": "None",
      "isSensitiveData": null,
      "dependsOnAttribute": null
    },
    {
      "name": "_inactive",
      "type": "Boolean",
      "length": null,
      "isSystem": true,
      "isReadOnly": false,
      "description": null,
      "multiplicity": {
        "lower": 1,
        "upper": 1
      },
      "aggregationKind": "None",
      "isSensitiveData": null,
      "dependsOnAttribute": null
    }
  ],
  "dataSource": "Primavera",
  "description": "",
  "dataBehaviours": [
    {
      "name": "Create",
      "type": "Create",
      "expression": " ",
      "description": ""
    },
    {
      "name": "Delete",
      "type": "Delete",
      "expression": " ",
      "description": ""
    },
    {
      "name": "Read",
      "type": "Read",
      "expression": "            var dto = new UnitsDto();\r\n        \r\n            var queryDefinition = new ERP.ListQueryDefinition()\r\n            {\r\n                ErpCompany = this._Context.Operation.DataSource,\r\n                QueryString = $\"Select unidade _Code, descricao _name from Unidades where unidade = '{identifier}' \"\r\n            };\r\n\r\n            var entityData = await ERP.Entities.ReadAsync(queryDefinition, _Context);\r\n\r\n            dto._code = entityData[\"_code\"].ToString();\r\n            dto._name = entityData[\"_name\"].ToString();\r\n\r\n            return dto;",
      "description": ""
    },
    {
      "name": "ReadList",
      "type": "ReadList",
      "expression": "            var queryDefinition = new ERP.ListQueryDefinition()\r\n            {\r\n                ErpCompany = this._Context.Operation.DataSource,\r\n                QueryContext = queryContext,\r\n                Page = page,\r\n                Rows = pageSize,\r\n                KeyParameter = \"_code\",\r\n                IsOmniaDbQuery = false\r\n            };\r\n            var queryResult = await ERP.Entities.ReadListAsync(queryDefinition, _Context);\r\n            return (queryResult.NumberOfRecords, queryResult.Data);",
      "description": ""
    },
    {
      "name": "Update",
      "type": "Update",
      "expression": " ",
      "description": ""
    }
  ],
  "entityBehaviours": [],
  "behaviourNamespaces": []
}