<?xml version="1.0" encoding="utf-8"?>
<ArrayOfBank xmlns:xsd="http://www.w3.org/2001/XMLSchema" xmlns:xsi="http://www.w3.org/2001/XMLSchema-instance">
  <Bank>
    <Code>BPF</Code>
    <TargetCode>BPF</TargetCode>
    <Description>Banco Paribas de França</Description>
    <OfficialCode />
    <Contacts>
      <Contact>
        <Code>17</Code>
        <Name>Contacto do BNP PARIBAS</Name>
        <Email />
        <Position />
        <Phone />
        <HomePhone />
        <CellPhone />
        <Fax />
        <Obs />
        <ZoneCode />
        <Webpage />
        <DistrictCode />
        <DistrictDescription />
        <Address1 />
        <Address2 />
        <Location />
        <PostalCode />
        <PostalCodeLocation />
        <CountryCode>PT</CountryCode>
        <TaxPayerNumber />
        <ContactType>GERAL</ContactType>
      </Contact>
    </Contacts>
  </Bank>
</ArrayOfBank>