<?xml version="1.0" encoding="utf-8"?>
<ArrayOfBankAccount xmlns:xsd="http://www.w3.org/2001/XMLSchema" xmlns:xsi="http://www.w3.org/2001/XMLSchema-instance">
  <BankAccount>
    <Code>CX1</Code>
    <TargetCode>CX1</TargetCode>
    <Description>Caixa 1</Description>
    <AccountType>4</AccountType>
    <Currency>EUR</Currency>
    <BIN>Caixa1</BIN>
    <Bank>1111</Bank>
    <BankCounter>111</BankCounter>
    <BankCounterName>222</BankCounterName>
    <AccountHolderName>666</AccountHolderName>
    <AccountHolderAddress>666</AccountHolderAddress>
    <AccountHolderLocation>66</AccountHolderLocation>
    <AccountHolderPostalCode>666</AccountHolderPostalCode>
    <AccountManagerName>666</AccountManagerName>
    <AccountManagerPhone>66</AccountManagerPhone>
    <AccountManagerFax>6666</AccountManagerFax>
    <SWIFT>BIC</SWIFT>
    <IBAN>IBAN</IBAN>
    <CountryCode>0</CountryCode>
    <ShipmentsPlafond>0</ShipmentsPlafond>
  </BankAccount>
  <BankAccount>
    <Description />
    <AccountType>4</AccountType>
    <Currency>EUR</Currency>
    <BIN>Caixa-Oficinas</BIN>
    <BankCounter />
    <BankCounterName />
    <AccountHolderName />
    <AccountHolderAddress />
    <AccountHolderLocation />
    <AccountHolderPostalCode />
    <AccountManagerName />
    <AccountManagerPhone />
    <AccountManagerFax />
    <SWIFT />
    <IBAN />
    <CountryCode>0</CountryCode>
    <ShipmentsPlafond>0</ShipmentsPlafond>
    <Code>CX2</Code>
    <TargetCode>CX2</TargetCode>
  </BankAccount>
  <BankAccount>
    <Description />
    <AccountType>0</AccountType>
    <Currency>EUR</Currency>
    <BIN>01-0987654-032</BIN>
    <Bank>1111</Bank>
    <BankCounter />
    <BankCounterName />
    <AccountHolderName />
    <AccountHolderAddress />
    <AccountHolderLocation />
    <AccountHolderPostalCode />
    <AccountManagerName />
    <AccountManagerPhone />
    <AccountManagerFax />
    <SWIFT>swift swift</SWIFT>
    <IBAN>12345j12345j12345j12345j12345j</IBAN>
    <CountryCode>0</CountryCode>
    <ShipmentsPlafond>0</ShipmentsPlafond>
    <Code>BNC-O</Code>
    <TargetCode>BNC-O</TargetCode>
  </BankAccount>
  <BankAccount>
    <Description />
    <AccountType>2</AccountType>
    <Currency>USD</Currency>
    <BIN>01-0987654-230</BIN>
    <Bank>1212</Bank>
    <BankCounter />
    <BankCounterName />
    <AccountHolderName />
    <AccountHolderAddress />
    <AccountHolderLocation />
    <AccountHolderPostalCode />
    <AccountManagerName />
    <AccountManagerPhone />
    <AccountManagerFax />
    <SWIFT />
    <IBAN />
    <CountryCode>0</CountryCode>
    <ShipmentsPlafond>0</ShipmentsPlafond>
    <Code>BNC-P</Code>
    <TargetCode>BNC-P</TargetCode>
  </BankAccount>
  <BankAccount>
    <AccountType>4</AccountType>
    <Currency>EUR</Currency>
    <BIN>Caixa3</BIN>
    <CountryCode>0</CountryCode>
    <ShipmentsPlafond>0</ShipmentsPlafond>
    <Code>CX3</Code>
    <TargetCode>CX3</TargetCode>
  </BankAccount>
  <BankAccount>
    <AccountType>4</AccountType>
    <Currency>EUR</Currency>
    <BIN>Caixa4</BIN>
    <CountryCode>0</CountryCode>
    <ShipmentsPlafond>0</ShipmentsPlafond>
    <Code>CX4</Code>
    <TargetCode>CX4</TargetCode>
  </BankAccount>
  <BankAccount>
    <AccountType>4</AccountType>
    <Currency>EUR</Currency>
    <BIN>Caixa5</BIN>
    <CountryCode>0</CountryCode>
    <ShipmentsPlafond>0</ShipmentsPlafond>
    <Code>CX5</Code>
    <TargetCode>CX5</TargetCode>
  </BankAccount>
  <BankAccount>
    <AccountType>4</AccountType>
    <Currency>EUR</Currency>
    <BIN>CaixaGeral-Recebimentos</BIN>
    <CountryCode>0</CountryCode>
    <ShipmentsPlafond>0</ShipmentsPlafond>
    <Code>CXR</Code>
    <TargetCode>CXR</TargetCode>
  </BankAccount>
  <BankAccount>
    <AccountType>4</AccountType>
    <Currency>EUR</Currency>
    <BIN>CaixaGeral-Pagamentos</BIN>
    <CountryCode>0</CountryCode>
    <ShipmentsPlafond>0</ShipmentsPlafond>
    <Code>CXP</Code>
    <TargetCode>CXP</TargetCode>
  </BankAccount>
</ArrayOfBankAccount>