<?xml version="1.0" encoding="utf-8"?>
<ArrayOfBatch xmlns:xsd="http://www.w3.org/2001/XMLSchema" xmlns:xsi="http://www.w3.org/2001/XMLSchema-instance">
  <Batch>
    <ItemCode>123456</ItemCode>
    <Code>1</Code>
    <Description>Lote 1</Description>
    <Active>true</Active>
    <ExpirationDate>2027-01-01T00:00:00</ExpirationDate>
    <Observations />
  </Batch>
  <Batch>
    <ItemCode>123456</ItemCode>
    <Code>2</Code>
    <Description>Lote 2</Description>
    <Active>true</Active>
    <ExpirationDate>0001-01-01T00:00:00</ExpirationDate>
    <Observations />
  </Batch>
</ArrayOfBatch>