<?xml version="1.0" encoding="utf-8"?>
<ArrayOfBrand xmlns:xsd="http://www.w3.org/2001/XMLSchema" xmlns:xsi="http://www.w3.org/2001/XMLSchema-instance">
  <Brand>
    <Code>MSC</Code>
    <TargetCode>MSC</TargetCode>
    <Description>SCANIA</Description>
    <Models />
  </Brand>
  <Brand>
    <Code>JEEP</Code>
    <TargetCode>JEEP</TargetCode>
    <Description>JEEP</Description>
    <Models>
      <Model>
        <Code>1</Code>
        <TargetCode>1</TargetCode>
        <Description>Gasolina</Description>
      </Model>
      <Model>
        <Code>2</Code>
        <TargetCode>2</TargetCode>
        <Description>Gasóleo</Description>
      </Model>
    </Models>
  </Brand>
</ArrayOfBrand>