<?xml version="1.0" encoding="utf-8"?>
<CompanyData xmlns:xsd="http://www.w3.org/2001/XMLSchema" xmlns:xsi="http://www.w3.org/2001/XMLSchema-instance">
  <CompanyCode>EDV22A</CompanyCode>
  <TaxPayerNumber>203256565</TaxPayerNumber>
  <Name>Empresa V22A</Name>
  <Address>PRAÇA MANUEL FERNANDES DA SILVA </Address>
  <PostalCode>4770-123</PostalCode>
  <PostalCodeLocation>Barcelos</PostalCodeLocation>
  <Phone>253208280</Phone>
  <Fax>253208289</Fax>
  <Webpage>aaaa.pt</Webpage>
  <Location>BRAGA</Location>
  <Municipality>BRAGA</Municipality>
  <VatType>T</VatType>
  <InitMonth>1</InitMonth>
  <EndMonth>12</EndMonth>
  <DecimalPlacesQuantity>4</DecimalPlacesQuantity>
  <DecimalPlacesTotals>2</DecimalPlacesTotals>
  <DecimalPlacesUnitPrices>2</DecimalPlacesUnitPrices>
  <DecimalPlacesUnitCosts>2</DecimalPlacesUnitCosts>
  <SIIInitialYear>0</SIIInitialYear>
  <YearsCashAccountingVAT />
  <MainActivity>Venda de Ovos</MainActivity>
  <Email>vanda@ovos.pt</Email>
  <CharteredAccountantTIN>283104031</CharteredAccountantTIN>
  <LegalRepresentativeTIN>218318412</LegalRepresentativeTIN>
  <TaxOfficeCode>3221</TaxOfficeCode>
  <SocialCapital>55555666.66</SocialCapital>
  <SocialCapitalCurrency>EUR</SocialCapitalCurrency>
  <SocialCapitalPercNational>10</SocialCapitalPercNational>
  <SocialCapitalPercForeigner>20</SocialCapitalPercForeigner>
  <SocialCapitalPercPublic>70</SocialCapitalPercPublic>
  <ActivityBeginYear>1907</ActivityBeginYear>
  <NumberEmployees>456</NumberEmployees>
  <SalesVolume>123456.78</SalesVolume>
  <CommercialRegistryOffice>2013</CommercialRegistryOffice>
  <SocialSecurityNumber>1256666999</SocialSecurityNumber>
  <RegistrationNumber>3456, 123, 456</RegistrationNumber>
  <LegalNature>Natuzera do Monte</LegalNature>
  <EmployerAssociation>Associação dos Municipios da Região Autónoma da Ma</EmployerAssociation>
  <VatIncludedPrice1>true</VatIncludedPrice1>
  <VatIncludedPrice2>false</VatIncludedPrice2>
  <VatIncludedPrice3>false</VatIncludedPrice3>
  <VatIncludedPrice4>false</VatIncludedPrice4>
  <VatIncludedPrice5>false</VatIncludedPrice5>
  <VatIncludedPrice6>false</VatIncludedPrice6>
  <UDFDefinition>
    <UDFConfig>
      <Table>Armazens</Table>
      <Field>aaa</Field>
      <Description>aaa</Description>
      <Size>10</Size>
      <Base>true</Base>
      <DbType>String</DbType>
    </UDFConfig>
    <UDFConfig>
      <Table>Armazens</Table>
      <Field>sss</Field>
      <Description>sss</Description>
      <Size>10</Size>
      <Base>true</Base>
      <DbType>String</DbType>
    </UDFConfig>
  </UDFDefinition>
</CompanyData>