<?xml version="1.0" encoding="utf-8"?>
<ArrayOfContactType xmlns:xsd="http://www.w3.org/2001/XMLSchema" xmlns:xsi="http://www.w3.org/2001/XMLSchema-instance">
  <ContactType>
    <Code>1</Code>
    <Description>Gerente</Description>
  </ContactType>
  <ContactType>
    <Code>2</Code>
    <Description>Sócio-Gerente</Description>
  </ContactType>
  <ContactType>
    <Code>3</Code>
    <Description>Encarregado</Description>
  </ContactType>
  <ContactType>
    <Code>4</Code>
    <Description>Chefe Secção</Description>
  </ContactType>
  <ContactType>
    <Code>5</Code>
    <Description>Secretária/o</Description>
  </ContactType>
  <ContactType>
    <Code>GERAL</Code>
    <Description>Geral</Description>
  </ContactType>
</ArrayOfContactType>