<?xml version="1.0" encoding="utf-8"?>
<ArrayOfContact xmlns:xsd="http://www.w3.org/2001/XMLSchema" xmlns:xsi="http://www.w3.org/2001/XMLSchema-instance">
  <Contact>
    <Code>36</Code>
    <Name>Marco Chipset</Name>
    <Email />
    <Position>Operador</Position>
    <Phone />
    <HomePhone />
    <CellPhone />
    <Fax />
    <Obs />
    <ZoneCode />
    <Webpage />
    <DistrictCode />
    <DistrictDescription />
    <Address1>Rua do Marco</Address1>
    <Address2 />
    <Location />
    <PostalCode />
    <PostalCodeLocation />
    <CountryCode>PT</CountryCode>
    <TaxPayerNumber />
    <ContactType>4</ContactType>
  </Contact>
  <Contact>
    <Code>20</Code>
    <Name>Conytacto de ARMAZEM</Name>
    <Email />
    <Position />
    <Phone />
    <HomePhone />
    <CellPhone />
    <Fax />
    <Obs />
    <ZoneCode />
    <Webpage />
    <DistrictCode />
    <DistrictDescription />
    <Address1 />
    <Address2 />
    <Location />
    <PostalCode />
    <PostalCodeLocation />
    <CountryCode>PT</CountryCode>
    <TaxPayerNumber />
    <ContactType>GERAL</ContactType>
  </Contact>
</ArrayOfContact>