<?xml version="1.0" encoding="utf-8"?>
<ArrayOfCountry xmlns:xsd="http://www.w3.org/2001/XMLSchema" xmlns:xsi="http://www.w3.org/2001/XMLSchema-instance">
  <Country>
    <Description>Portugal</Description>
    <ISOA2>PT</ISOA2>
    <ISON>620</ISON>
    <ISOA3>PRT</ISOA3>
    <Code>0</Code>
    <TargetCode>PT</TargetCode>
  </Country>
  <Country>
    <Description>Espanha</Description>
    <ISOA2>ES</ISOA2>
    <ISON>724</ISON>
    <ISOA3>ESP</ISOA3>
    <Code>105</Code>
    <TargetCode>ES</TargetCode>
  </Country>
</ArrayOfCountry>