<?xml version="1.0" encoding="utf-8"?>
<ArrayOfCurrency xmlns:xsd="http://www.w3.org/2001/XMLSchema" xmlns:xsi="http://www.w3.org/2001/XMLSchema-instance">
  <Currency>
    <Code>USD</Code>
    <TargetCode>USD</TargetCode>
    <BuyExchangeRate>1.25</BuyExchangeRate>
    <SellExchangeRate>1.25</SellExchangeRate>
    <ExchangeDate>2010-01-01T00:00:00</ExchangeDate>
    <Description>DOLARES</Description>
    <Rounding>2</Rounding>
    <UnitPriceRounding>3</UnitPriceRounding>
    <VATRounding>2</VATRounding>
    <Symbol />
    <ISO4217>USD</ISO4217>
  </Currency>
  <Currency>
    <Code>EUR</Code>
    <TargetCode>EUR</TargetCode>
    <BuyExchangeRate>1</BuyExchangeRate>
    <SellExchangeRate>1</SellExchangeRate>
    <ExchangeDate>1998-05-19T00:00:00</ExchangeDate>
    <Description>EURO(S)</Description>
    <Rounding>2</Rounding>
    <UnitPriceRounding>2</UnitPriceRounding>
    <VATRounding>2</VATRounding>
    <Symbol />
    <ISO4217>EUR</ISO4217>
  </Currency>
</ArrayOfCurrency>