<?xml version="1.0" encoding="utf-8"?>
<ArrayOfCustomer xmlns:xsd="http://www.w3.org/2001/XMLSchema" xmlns:xsi="http://www.w3.org/2001/XMLSchema-instance">
  <Customer>
    <Code>1</Code>
    <Name>Miguel Asdrúbal</Name>
    <FiscalName />
    <Inactive>false</Inactive>
    <Currency>EUR</Currency>
    <TaxPayerNumber>200299506</TaxPayerNumber>
    <TaxPayerNumberNonResidents />
    <Obs>NA11</Obs>
    <MarketType>National</MarketType>
    <DistrictCode />
    <DistrictDescription>BARCELOS</DistrictDescription>
    <Address1>Rua das Flores nº44</Address1>
    <Address2>Edificio CL1- E.Norte</Address2>
    <Location>BARCELinhos</Location>
    <PostalCode>4876-001</PostalCode>
    <PostalCodeLocation>BARCELinhos</PostalCodeLocation>
    <Phone1>253 001 001</Phone1>
    <Phone2 />
    <Fax>xxxxx</Fax>
    <PaymentDay1>0</PaymentDay1>
    <PaymentDay2>0</PaymentDay2>
    <PaymentDay3>0</PaymentDay3>
    <SingularPerson>true</SingularPerson>
    <CashAccountingVAT>false</CashAccountingVAT>
    <VATRefundScheme>0</VATRefundScheme>
    <CompanyActivity>true</CompanyActivity>
    <CountryCode>0</CountryCode>
    <CommercialDescription />
    <Seller>1</Seller>
    <Supplier />
    <CommercialDiscount>1.1100000143051147</CommercialDiscount>
    <PaymentConditionCode>2</PaymentConditionCode>
    <ZoneCode>8</ZoneCode>
    <PublicAdministration>false</PublicAdministration>
    <EquivalenceTopUp>false</EquivalenceTopUp>
    <ExemptSCT>false</ExemptSCT>
    <ProcessIntrastat>true</ProcessIntrastat>
    <ExcludedDueDateReminders>true</ExcludedDueDateReminders>
    <ThirdPartyType>ssssssssss</ThirdPartyType>
    <ThirdPartySegment />
    <HasCreditLimit>false</HasCreditLimit>
    <CreditLimit>3000</CreditLimit>
    <HasAgeCreditLimit>false</HasAgeCreditLimit>
    <HasDaysCreditLimit>0</HasDaysCreditLimit>
    <BalanceAmountLimit>0</BalanceAmountLimit>
    <Email>tecno@tecnobarcelos.pt</Email>
    <Webpage>Geral@TecnoBarcelos.pt</Webpage>
    <OperationType />
    <OperationLocal>0</OperationLocal>
    <Language>P</Language>
    <ExpeditionMode>3</ExpeditionMode>
    <PaymentMode>DEPR</PaymentMode>
    <ReceivingMode>DEPP</ReceivingMode>
    <LinePrices>1</LinePrices>
    <NumberOfCopies>0</NumberOfCopies>
    <ApplyRetentions>false</ApplyRetentions>
    <ApplyOtherRetentions>false</ApplyOtherRetentions>
    <AlternativeAddresses>
      <AlternativeAddress>
        <Code>1</Code>
        <DefaultAddress>false</DefaultAddress>
        <Address1>Rua do Cliente 1 - Mor. Alt. nº 1</Address1>
        <Address2>Edifício nº 1 MA</Address2>
        <Location>Paço de Arcos - M.A.1</Location>
        <DistrictCode />
        <DistrictDescription>COIMBRA</DistrictDescription>
        <PostalCode>1234-567</PostalCode>
        <PostalCodeLocation>Paço de Arcos - M.A.1</PostalCodeLocation>
        <Phone>241 100 100</Phone>
        <Fax />
        <CountryCode>PT</CountryCode>
      </AlternativeAddress>
      <AlternativeAddress>
        <Code>2</Code>
        <DefaultAddress>false</DefaultAddress>
        <Address1>Rua da Belgica, Ed. Pingo Doce</Address1>
        <Address2>Bloco 5, Porta 33</Address2>
        <Location>VNG</Location>
        <DistrictCode />
        <DistrictDescription>Gaia</DistrictDescription>
        <PostalCode>4150-051</PostalCode>
        <PostalCodeLocation>VNG</PostalCodeLocation>
        <Phone>22 1234 567</Phone>
        <Fax />
        <CountryCode>PT</CountryCode>
      </AlternativeAddress>
    </AlternativeAddresses>
    <Retentions />
    <Contacts>
      <Contact>
        <Code>2</Code>
        <Name>Joaquim d'Almeida</Name>
        <Email>jalmeida@tecno.pt</Email>
        <Position>Gerente | CG</Position>
        <Phone>258 555 222</Phone>
        <HomePhone />
        <CellPhone>96 001 0002</CellPhone>
        <Fax />
        <Obs />
        <ZoneCode />
        <Webpage />
        <DistrictCode />
        <DistrictDescription />
        <Address1>Rua da Linha</Address1>
        <Address2>Casa Tri</Address2>
        <Location>Qua</Location>
        <PostalCode>1234-567</PostalCode>
        <PostalCodeLocation>Qua</PostalCodeLocation>
        <CountryCode>PT</CountryCode>
        <TaxPayerNumber />
        <ContactType>1</ContactType>
      </Contact>
      <Contact>
        <Code>9</Code>
        <Name>Marta Cruz</Name>
        <Email>m.cruz@tecno.pt</Email>
        <Position>Sócio-Gerente | Chefe Secção</Position>
        <Phone>258 555 222</Phone>
        <HomePhone />
        <CellPhone>96 001 0099</CellPhone>
        <Fax>96 999 8888</Fax>
        <Obs />
        <ZoneCode />
        <Webpage />
        <DistrictCode />
        <DistrictDescription />
        <Address1>1</Address1>
        <Address2>2</Address2>
        <Location>3</Location>
        <PostalCode>4</PostalCode>
        <PostalCodeLocation>3</PostalCodeLocation>
        <CountryCode>PT</CountryCode>
        <TaxPayerNumber />
        <ContactType>2</ContactType>
      </Contact>
      <Contact>
        <Code>10</Code>
        <Name>João Lopes</Name>
        <Email>jlopes@tecnobarcelos.pt</Email>
        <Position>Encarregado</Position>
        <Phone>258 555 888</Phone>
        <HomePhone />
        <CellPhone />
        <Fax />
        <Obs />
        <ZoneCode />
        <Webpage />
        <DistrictCode />
        <DistrictDescription />
        <Address1>Rua</Address1>
        <Address2>Casa</Address2>
        <Location>Local</Location>
        <PostalCode>1234-567</PostalCode>
        <PostalCodeLocation>Local</PostalCodeLocation>
        <CountryCode>PT</CountryCode>
        <TaxPayerNumber />
        <ContactType>2</ContactType>
      </Contact>
      <Contact>
        <Code>31</Code>
        <Name>Joana Paço D'Arcos</Name>
        <Email>joana@tecnobarcelos.pt</Email>
        <Position>Chefe Secção Produção</Position>
        <Phone>253 001 031</Phone>
        <HomePhone />
        <CellPhone>96 001 1031</CellPhone>
        <Fax />
        <Obs />
        <ZoneCode />
        <Webpage />
        <DistrictCode />
        <DistrictDescription />
        <Address1 />
        <Address2 />
        <Location />
        <PostalCode />
        <PostalCodeLocation />
        <CountryCode>PT</CountryCode>
        <TaxPayerNumber />
        <ContactType>5</ContactType>
      </Contact>
    </Contacts>
    <BankAccounts />
    <SEPAMandates />
  </Customer>
  <Customer>
    <Code>2</Code>
    <Name>EMP. ISOLATED, SA</Name>
    <FiscalName />
    <Inactive>false</Inactive>
    <Currency>EUR</Currency>
    <TaxPayerNumber>200299514</TaxPayerNumber>
    <TaxPayerNumberNonResidents />
    <Obs>NA</Obs>
    <MarketType>National</MarketType>
    <DistrictCode />
    <DistrictDescription>BRAGA</DistrictDescription>
    <Address1>Rua Cesário Verde</Address1>
    <Address2>Edificio MFC- B.Sul</Address2>
    <Location>Prova</Location>
    <PostalCode>4854-002</PostalCode>
    <PostalCodeLocation>Prova</PostalCodeLocation>
    <Phone1>252250250</Phone1>
    <Phone2 />
    <Fax>252251251</Fax>
    <PaymentDay1>0</PaymentDay1>
    <PaymentDay2>0</PaymentDay2>
    <PaymentDay3>0</PaymentDay3>
    <SingularPerson>true</SingularPerson>
    <CashAccountingVAT>false</CashAccountingVAT>
    <VATRefundScheme>0</VATRefundScheme>
    <CompanyActivity>true</CompanyActivity>
    <CountryCode>0</CountryCode>
    <CommercialDescription />
    <Seller>2</Seller>
    <Supplier />
    <CommercialDiscount>2</CommercialDiscount>
    <PaymentConditionCode>2</PaymentConditionCode>
    <ZoneCode>1</ZoneCode>
    <PublicAdministration>false</PublicAdministration>
    <EquivalenceTopUp>false</EquivalenceTopUp>
    <ExemptSCT>false</ExemptSCT>
    <ProcessIntrastat>false</ProcessIntrastat>
    <ExcludedDueDateReminders>true</ExcludedDueDateReminders>
    <ThirdPartyType>E2</ThirdPartyType>
    <ThirdPartySegment />
    <HasCreditLimit>true</HasCreditLimit>
    <CreditLimit>3000</CreditLimit>
    <HasAgeCreditLimit>true</HasAgeCreditLimit>
    <HasDaysCreditLimit>15</HasDaysCreditLimit>
    <BalanceAmountLimit>0</BalanceAmountLimit>
    <Email>Pedro@eticadata.pt</Email>
    <OperationType />
    <OperationLocal>0</OperationLocal>
    <ExpeditionMode>1</ExpeditionMode>
    <PaymentMode />
    <ReceivingMode />
    <LinePrices>2</LinePrices>
    <NumberOfCopies>0</NumberOfCopies>
    <ApplyRetentions>true</ApplyRetentions>
    <ApplyOtherRetentions>true</ApplyOtherRetentions>
    <AlternativeAddresses>
      <AlternativeAddress>
        <Code>1</Code>
        <DefaultAddress>false</DefaultAddress>
        <Address1 />
        <Address2 />
        <Location />
        <DistrictCode />
        <DistrictDescription>Vila Verde</DistrictDescription>
        <PostalCode />
        <PostalCodeLocation />
        <Phone />
        <Fax />
        <CountryCode>PT</CountryCode>
      </AlternativeAddress>
      <AlternativeAddress>
        <Code>2</Code>
        <DefaultAddress>false</DefaultAddress>
        <Address1>sss</Address1>
        <Address2>sss</Address2>
        <Location>Gaia</Location>
        <DistrictCode />
        <DistrictDescription>Gaia</DistrictDescription>
        <PostalCode>4500-450</PostalCode>
        <PostalCodeLocation>Gaia</PostalCodeLocation>
        <Phone>22 002 002</Phone>
        <Fax />
        <CountryCode>PT</CountryCode>
      </AlternativeAddress>
      <AlternativeAddress>
        <Code>3</Code>
        <DefaultAddress>false</DefaultAddress>
        <Address1>Calle Verdi</Address1>
        <Address2 />
        <Location>Barcelona</Location>
        <DistrictCode />
        <DistrictDescription>BARCELONA</DistrictDescription>
        <PostalCode>123-4569</PostalCode>
        <PostalCodeLocation>Barcelona</PostalCodeLocation>
        <Phone />
        <Fax />
        <CountryCode>ES</CountryCode>
      </AlternativeAddress>
    </AlternativeAddresses>
    <Retentions>
      <Retention>
        <RetentionType>0</RetentionType>
        <RetentionEntity>24122</RetentionEntity>
        <IncomeType>F</IncomeType>
        <RetentionRate>20</RetentionRate>
        <VatIncluded>false</VatIncluded>
        <PendingToGenerate>VRE</PendingToGenerate>
        <PendingForAnnulment>RET</PendingForAnnulment>
      </Retention>
    </Retentions>
    <Contacts>
      <Contact>
        <Code>15</Code>
        <Name>Augusto Silva</Name>
        <Email />
        <Position>Gerente</Position>
        <Phone>252 250 255</Phone>
        <HomePhone />
        <CellPhone>96 667 6667</CellPhone>
        <Fax />
        <Obs />
        <ZoneCode />
        <Webpage />
        <DistrictCode />
        <DistrictDescription />
        <Address1 />
        <Address2 />
        <Location />
        <PostalCode />
        <PostalCodeLocation />
        <CountryCode>PT</CountryCode>
        <TaxPayerNumber />
        <ContactType>1</ContactType>
      </Contact>
      <Contact>
        <Code>42</Code>
        <Name>Hilário Borges</Name>
        <Email>hi@rix.pt</Email>
        <Position />
        <Phone>22 002 2042</Phone>
        <HomePhone />
        <CellPhone>96 002 2042</CellPhone>
        <Fax />
        <Obs />
        <ZoneCode />
        <Webpage />
        <DistrictCode />
        <DistrictDescription />
        <Address1 />
        <Address2 />
        <Location />
        <PostalCode />
        <PostalCodeLocation />
        <CountryCode>PT</CountryCode>
        <TaxPayerNumber />
        <ContactType>4</ContactType>
      </Contact>
    </Contacts>
    <BankAccounts />
    <SEPAMandates />
  </Customer>
</ArrayOfCustomer>