<?xml version="1.0" encoding="utf-8"?>
<ArrayOfDimension xmlns:xsd="http://www.w3.org/2001/XMLSchema" xmlns:xsi="http://www.w3.org/2001/XMLSchema-instance">
  <Dimension>
    <Code>COR</Code>
    <Description>Cores</Description>
    <DimensionType>GER</DimensionType>
    <Lines>
      <DimensionLine>
        <Code>01</Code>
        <TargetCode>01</TargetCode>
        <Description>Branco </Description>
        <Order>1</Order>
      </DimensionLine>
      <DimensionLine>
        <Code>02</Code>
        <TargetCode>02</TargetCode>
        <Description>Preto </Description>
        <Order>2</Order>
      </DimensionLine>
      <DimensionLine>
        <Code>03</Code>
        <TargetCode>03</TargetCode>
        <Description>Cinza </Description>
        <Order>3</Order>
      </DimensionLine>
      <DimensionLine>
        <Code>04</Code>
        <TargetCode>04</TargetCode>
        <Description>Azul </Description>
        <Order>4</Order>
      </DimensionLine>
      <DimensionLine>
        <Code>05</Code>
        <TargetCode>05</TargetCode>
        <Description>Verde</Description>
        <Order>5</Order>
      </DimensionLine>
      <DimensionLine>
        <Code>06</Code>
        <TargetCode>06</TargetCode>
        <Description>Amarelo</Description>
        <Order>6</Order>
      </DimensionLine>
      <DimensionLine>
        <Code>07</Code>
        <TargetCode>07</TargetCode>
        <Description>Vermelho</Description>
        <Order>7</Order>
      </DimensionLine>
      <DimensionLine>
        <Code>08</Code>
        <TargetCode>08</TargetCode>
        <Description>Laranja</Description>
        <Order>8</Order>
      </DimensionLine>
      <DimensionLine>
        <Code>09</Code>
        <TargetCode>09</TargetCode>
        <Description>Rosa</Description>
        <Order>9</Order>
      </DimensionLine>
      <DimensionLine>
        <Code>10</Code>
        <TargetCode>10</TargetCode>
        <Description>Castanho</Description>
        <Order>10</Order>
      </DimensionLine>
    </Lines>
  </Dimension>
  <Dimension>
    <Code>COR_DUP</Code>
    <Description>Cores</Description>
    <DimensionType>GER</DimensionType>
    <Lines>
      <DimensionLine>
        <Code>01</Code>
        <TargetCode>01</TargetCode>
        <Description>Branco </Description>
        <Order>1</Order>
      </DimensionLine>
      <DimensionLine>
        <Code>02</Code>
        <TargetCode>02</TargetCode>
        <Description>Preto </Description>
        <Order>2</Order>
      </DimensionLine>
      <DimensionLine>
        <Code>03</Code>
        <TargetCode>03</TargetCode>
        <Description>Cinza </Description>
        <Order>3</Order>
      </DimensionLine>
      <DimensionLine>
        <Code>04</Code>
        <TargetCode>04</TargetCode>
        <Description>Azul </Description>
        <Order>4</Order>
      </DimensionLine>
      <DimensionLine>
        <Code>05</Code>
        <TargetCode>05</TargetCode>
        <Description>Verde</Description>
        <Order>5</Order>
      </DimensionLine>
      <DimensionLine>
        <Code>06</Code>
        <TargetCode>06</TargetCode>
        <Description>Amarelo</Description>
        <Order>6</Order>
      </DimensionLine>
      <DimensionLine>
        <Code>07</Code>
        <TargetCode>07</TargetCode>
        <Description>Vermelho</Description>
        <Order>7</Order>
      </DimensionLine>
      <DimensionLine>
        <Code>08</Code>
        <TargetCode>08</TargetCode>
        <Description>Laranja</Description>
        <Order>8</Order>
      </DimensionLine>
      <DimensionLine>
        <Code>09</Code>
        <TargetCode>09</TargetCode>
        <Description>Rosa</Description>
        <Order>9</Order>
      </DimensionLine>
      <DimensionLine>
        <Code>10</Code>
        <TargetCode>10</TargetCode>
        <Description>Castanho</Description>
        <Order>10</Order>
      </DimensionLine>
    </Lines>
  </Dimension>
  <Dimension>
    <Code>COR2</Code>
    <Description>Cores suaves</Description>
    <DimensionType>GER</DimensionType>
    <Lines>
      <DimensionLine>
        <Code>01</Code>
        <TargetCode>01</TargetCode>
        <Description>Branco 01</Description>
        <Order>1</Order>
      </DimensionLine>
      <DimensionLine>
        <Code>02</Code>
        <TargetCode>02</TargetCode>
        <Description>Bege 02</Description>
        <Order>2</Order>
      </DimensionLine>
      <DimensionLine>
        <Code>03</Code>
        <TargetCode>03</TargetCode>
        <Description>Cinza 03</Description>
        <Order>3</Order>
      </DimensionLine>
      <DimensionLine>
        <Code>04</Code>
        <TargetCode>04</TargetCode>
        <Description>Azul 04</Description>
        <Order>4</Order>
      </DimensionLine>
      <DimensionLine>
        <Code>05</Code>
        <TargetCode>05</TargetCode>
        <Description>Verde 05</Description>
        <Order>5</Order>
      </DimensionLine>
      <DimensionLine>
        <Code>06</Code>
        <TargetCode>06</TargetCode>
        <Description>Amarelo 06</Description>
        <Order>6</Order>
      </DimensionLine>
      <DimensionLine>
        <Code>07</Code>
        <TargetCode>07</TargetCode>
        <Description>Vermelho 07</Description>
        <Order>7</Order>
      </DimensionLine>
      <DimensionLine>
        <Code>08</Code>
        <TargetCode>08</TargetCode>
        <Description>Laranja 08</Description>
        <Order>8</Order>
      </DimensionLine>
      <DimensionLine>
        <Code>09</Code>
        <TargetCode>09</TargetCode>
        <Description>Rosa 09</Description>
        <Order>9</Order>
      </DimensionLine>
      <DimensionLine>
        <Code>10</Code>
        <TargetCode>10</TargetCode>
        <Description>Castanho 10</Description>
        <Order>10</Order>
      </DimensionLine>
    </Lines>
  </Dimension>
  <Dimension>
    <Code>DP</Code>
    <Description>Derivados Petróleo</Description>
    <DimensionType>GER</DimensionType>
    <Lines>
      <DimensionLine>
        <Code>GPL00</Code>
        <TargetCode>GPL00</TargetCode>
        <Description>Gas GPL</Description>
        <Order>1</Order>
      </DimensionLine>
      <DimensionLine>
        <Code>GASOL</Code>
        <TargetCode>GASOL</TargetCode>
        <Description>Gasoleo</Description>
        <Order>2</Order>
      </DimensionLine>
      <DimensionLine>
        <Code>GAS95</Code>
        <TargetCode>GAS95</TargetCode>
        <Description>Gasolina 95</Description>
        <Order>3</Order>
      </DimensionLine>
      <DimensionLine>
        <Code>GAS98</Code>
        <TargetCode>GAS98</TargetCode>
        <Description>Gasolina 98</Description>
        <Order>4</Order>
      </DimensionLine>
      <DimensionLine>
        <Code>GASNT</Code>
        <TargetCode>GASNT</TargetCode>
        <Description>Gas Natural</Description>
        <Order>5</Order>
      </DimensionLine>
    </Lines>
  </Dimension>
  <Dimension>
    <Code>LING</Code>
    <Description>Linguas</Description>
    <DimensionType>GER</DimensionType>
    <Lines>
      <DimensionLine>
        <Code>PO</Code>
        <TargetCode>PO</TargetCode>
        <Description>Português </Description>
        <Order>1</Order>
      </DimensionLine>
      <DimensionLine>
        <Code>FR</Code>
        <TargetCode>FR</TargetCode>
        <Description>Francês </Description>
        <Order>2</Order>
      </DimensionLine>
      <DimensionLine>
        <Code>IN</Code>
        <TargetCode>IN</TargetCode>
        <Description>Inglês</Description>
        <Order>3</Order>
      </DimensionLine>
      <DimensionLine>
        <Code>AL</Code>
        <TargetCode>AL</TargetCode>
        <Description>Alemão </Description>
        <Order>4</Order>
      </DimensionLine>
      <DimensionLine>
        <Code>ES</Code>
        <TargetCode>ES</TargetCode>
        <Description>Espanhol </Description>
        <Order>5</Order>
      </DimensionLine>
      <DimensionLine>
        <Code>LT</Code>
        <TargetCode>LT</TargetCode>
        <Description>Latim</Description>
        <Order>6</Order>
      </DimensionLine>
      <DimensionLine>
        <Code>IT</Code>
        <TargetCode>IT</TargetCode>
        <Description>Italiano </Description>
        <Order>7</Order>
      </DimensionLine>
      <DimensionLine>
        <Code>RS</Code>
        <TargetCode>RS</TargetCode>
        <Description>Russo </Description>
        <Order>8</Order>
      </DimensionLine>
      <DimensionLine>
        <Code>RM</Code>
        <TargetCode>RM</TargetCode>
        <Description>Romeno</Description>
        <Order>9</Order>
      </DimensionLine>
      <DimensionLine>
        <Code>NR</Code>
        <TargetCode>NR</TargetCode>
        <Description>Norueguês </Description>
        <Order>10</Order>
      </DimensionLine>
    </Lines>
  </Dimension>
  <Dimension>
    <Code>MARCAPNEUS</Code>
    <Description>Marcas de Pneus</Description>
    <DimensionType>GER</DimensionType>
    <Lines>
      <DimensionLine>
        <Code>MI</Code>
        <TargetCode>MI</TargetCode>
        <Description>Michelin</Description>
        <Order>1</Order>
      </DimensionLine>
      <DimensionLine>
        <Code>GY</Code>
        <TargetCode>GY</TargetCode>
        <Description>Goodyear</Description>
        <Order>2</Order>
      </DimensionLine>
      <DimensionLine>
        <Code>BS</Code>
        <TargetCode>BS</TargetCode>
        <Description>Bridgstone</Description>
        <Order>3</Order>
      </DimensionLine>
      <DimensionLine>
        <Code>MB</Code>
        <TargetCode>MB</TargetCode>
        <Description>Mabor</Description>
        <Order>4</Order>
      </DimensionLine>
      <DimensionLine>
        <Code>CT</Code>
        <TargetCode>CT</TargetCode>
        <Description>Continental</Description>
        <Order>5</Order>
      </DimensionLine>
      <DimensionLine>
        <Code>KL</Code>
        <TargetCode>KL</TargetCode>
        <Description>Kleber</Description>
        <Order>6</Order>
      </DimensionLine>
    </Lines>
  </Dimension>
  <Dimension>
    <Code>MARCASA</Code>
    <Description>Marcas Alimentares</Description>
    <DimensionType>GER</DimensionType>
    <Lines>
      <DimensionLine>
        <Code>MK</Code>
        <TargetCode>MK</TargetCode>
        <Description>Milka</Description>
        <Order>1</Order>
      </DimensionLine>
      <DimensionLine>
        <Code>NS</Code>
        <TargetCode>NS</TargetCode>
        <Description>Nestlé</Description>
        <Order>2</Order>
      </DimensionLine>
      <DimensionLine>
        <Code>CT</Code>
        <TargetCode>CT</TargetCode>
        <Description>Cuetara</Description>
        <Order>3</Order>
      </DimensionLine>
      <DimensionLine>
        <Code>NC</Code>
        <TargetCode>NC</TargetCode>
        <Description>Nacional</Description>
        <Order>4</Order>
      </DimensionLine>
      <DimensionLine>
        <Code>CP</Code>
        <TargetCode>CP</TargetCode>
        <Description>Compal</Description>
        <Order>5</Order>
      </DimensionLine>
      <DimensionLine>
        <Code>PM</Code>
        <TargetCode>PM</TargetCode>
        <Description>Parmalat</Description>
        <Order>6</Order>
      </DimensionLine>
      <DimensionLine>
        <Code>AG</Code>
        <TargetCode>AG</TargetCode>
        <Description>Agros</Description>
        <Order>7</Order>
      </DimensionLine>
      <DimensionLine>
        <Code>MI</Code>
        <TargetCode>MI</TargetCode>
        <Description>Mimosa</Description>
        <Order>8</Order>
      </DimensionLine>
    </Lines>
  </Dimension>
  <Dimension>
    <Code>MARCASB</Code>
    <Description>Marcas Bebidas</Description>
    <DimensionType>GER</DimensionType>
    <Lines>
      <DimensionLine>
        <Code>1</Code>
        <TargetCode>1</TargetCode>
        <Description>Luso</Description>
        <Order>1</Order>
      </DimensionLine>
      <DimensionLine>
        <Code>2</Code>
        <TargetCode>2</TargetCode>
        <Description>Nestlé</Description>
        <Order>2</Order>
      </DimensionLine>
      <DimensionLine>
        <Code>3</Code>
        <TargetCode>3</TargetCode>
        <Description>Estrela</Description>
        <Order>3</Order>
      </DimensionLine>
      <DimensionLine>
        <Code>4</Code>
        <TargetCode>4</TargetCode>
        <Description>Caramulo</Description>
        <Order>4</Order>
      </DimensionLine>
      <DimensionLine>
        <Code>5</Code>
        <TargetCode>5</TargetCode>
        <Description>Fastio</Description>
        <Order>5</Order>
      </DimensionLine>
      <DimensionLine>
        <Code>6</Code>
        <TargetCode>6</TargetCode>
        <Description>Matinal</Description>
        <Order>6</Order>
      </DimensionLine>
    </Lines>
  </Dimension>
  <Dimension>
    <Code>MARCAST</Code>
    <Description>Marcas Telemovel</Description>
    <DimensionType>GER</DimensionType>
    <Lines>
      <DimensionLine>
        <Code>NK</Code>
        <TargetCode>NK</TargetCode>
        <Description>Nokia</Description>
        <Order>1</Order>
      </DimensionLine>
      <DimensionLine>
        <Code>SIE</Code>
        <TargetCode>SIE</TargetCode>
        <Description>Siemens</Description>
        <Order>2</Order>
      </DimensionLine>
      <DimensionLine>
        <Code>SSG</Code>
        <TargetCode>SSG</TargetCode>
        <Description>Samsung</Description>
        <Order>3</Order>
      </DimensionLine>
      <DimensionLine>
        <Code>SYE</Code>
        <TargetCode>SYE</TargetCode>
        <Description>Sony-Ericsson</Description>
        <Order>4</Order>
      </DimensionLine>
    </Lines>
  </Dimension>
  <Dimension>
    <Code>MEDGAR</Code>
    <Description>Medidas Garrafas</Description>
    <DimensionType>GER</DimensionType>
    <Lines>
      <DimensionLine>
        <Code>1</Code>
        <TargetCode>1</TargetCode>
        <Description>25 cl</Description>
        <Order>1</Order>
      </DimensionLine>
      <DimensionLine>
        <Code>2</Code>
        <TargetCode>2</TargetCode>
        <Description>33 cl</Description>
        <Order>2</Order>
      </DimensionLine>
      <DimensionLine>
        <Code>3</Code>
        <TargetCode>3</TargetCode>
        <Description>0.5 l</Description>
        <Order>3</Order>
      </DimensionLine>
      <DimensionLine>
        <Code>4</Code>
        <TargetCode>4</TargetCode>
        <Description>1 l</Description>
        <Order>4</Order>
      </DimensionLine>
      <DimensionLine>
        <Code>5</Code>
        <TargetCode>5</TargetCode>
        <Description>1,5 l</Description>
        <Order>5</Order>
      </DimensionLine>
    </Lines>
  </Dimension>
  <Dimension>
    <Code>MODELOT</Code>
    <Description>Modelos Telemovel</Description>
    <DimensionType>GER</DimensionType>
    <Lines>
      <DimensionLine>
        <Code>3310</Code>
        <TargetCode>3310</TargetCode>
        <Description>3310</Description>
        <Order>8</Order>
      </DimensionLine>
      <DimensionLine>
        <Code>6610</Code>
        <TargetCode>6610</TargetCode>
        <Description>6610 - Cor</Description>
        <Order>9</Order>
      </DimensionLine>
      <DimensionLine>
        <Code>C45</Code>
        <TargetCode>C45</TargetCode>
        <Description>C45</Description>
        <Order>1</Order>
      </DimensionLine>
      <DimensionLine>
        <Code>C62</Code>
        <TargetCode>C62</TargetCode>
        <Description>C62 - Cor</Description>
        <Order>2</Order>
      </DimensionLine>
      <DimensionLine>
        <Code>M60</Code>
        <TargetCode>M60</TargetCode>
        <Description>M60 - Cor e MMS</Description>
        <Order>3</Order>
      </DimensionLine>
      <DimensionLine>
        <Code>NGG</Code>
        <TargetCode>NGG</TargetCode>
        <Description>N-Gage (cor e jogos)</Description>
        <Order>10</Order>
      </DimensionLine>
      <DimensionLine>
        <Code>S60</Code>
        <TargetCode>S60</TargetCode>
        <Description>S60 - MMS e foto</Description>
        <Order>4</Order>
      </DimensionLine>
      <DimensionLine>
        <Code>T100</Code>
        <TargetCode>T100</TargetCode>
        <Description>T100</Description>
        <Order>5</Order>
      </DimensionLine>
      <DimensionLine>
        <Code>T160</Code>
        <TargetCode>T160</TargetCode>
        <Description>T160 - Cor</Description>
        <Order>6</Order>
      </DimensionLine>
      <DimensionLine>
        <Code>T162</Code>
        <TargetCode>T162</TargetCode>
        <Description>T162- MMS e foto</Description>
        <Order>7</Order>
      </DimensionLine>
      <DimensionLine>
        <Code>T200</Code>
        <TargetCode>T200</TargetCode>
        <Description>T200 - Smart Fone</Description>
        <Order>11</Order>
      </DimensionLine>
    </Lines>
  </Dimension>
  <Dimension>
    <Code>OLEOS</Code>
    <Description>Tipos de óleos</Description>
    <DimensionType>GER</DimensionType>
    <Lines>
      <DimensionLine>
        <Code>0002</Code>
        <TargetCode>0002</TargetCode>
        <Description>0W35</Description>
        <Order>2</Order>
      </DimensionLine>
      <DimensionLine>
        <Code>0004</Code>
        <TargetCode>0004</TargetCode>
        <Description>5W40</Description>
        <Order>4</Order>
      </DimensionLine>
      <DimensionLine>
        <Code>0007</Code>
        <TargetCode>0007</TargetCode>
        <Description>10W40</Description>
        <Order>7</Order>
      </DimensionLine>
      <DimensionLine>
        <Code>0012</Code>
        <TargetCode>0012</TargetCode>
        <Description>15W30</Description>
        <Order>12</Order>
      </DimensionLine>
      <DimensionLine>
        <Code>0001</Code>
        <TargetCode>0001</TargetCode>
        <Description>0W40</Description>
        <Order>1</Order>
      </DimensionLine>
      <DimensionLine>
        <Code>0003</Code>
        <TargetCode>0003</TargetCode>
        <Description>0W30</Description>
        <Order>3</Order>
      </DimensionLine>
      <DimensionLine>
        <Code>0006</Code>
        <TargetCode>0006</TargetCode>
        <Description>5W30</Description>
        <Order>6</Order>
      </DimensionLine>
      <DimensionLine>
        <Code>0008</Code>
        <TargetCode>0008</TargetCode>
        <Description>10W35</Description>
        <Order>8</Order>
      </DimensionLine>
      <DimensionLine>
        <Code>0009</Code>
        <TargetCode>0009</TargetCode>
        <Description>10W30</Description>
        <Order>9</Order>
      </DimensionLine>
      <DimensionLine>
        <Code>0011</Code>
        <TargetCode>0011</TargetCode>
        <Description>15W35</Description>
        <Order>11</Order>
      </DimensionLine>
      <DimensionLine>
        <Code>0005</Code>
        <TargetCode>0005</TargetCode>
        <Description>5W35</Description>
        <Order>5</Order>
      </DimensionLine>
      <DimensionLine>
        <Code>0010</Code>
        <TargetCode>0010</TargetCode>
        <Description>15W40</Description>
        <Order>10</Order>
      </DimensionLine>
    </Lines>
  </Dimension>
  <Dimension>
    <Code>SEQ</Code>
    <Description>Sequencia 2 Dig</Description>
    <DimensionType>GER</DimensionType>
    <Lines>
      <DimensionLine>
        <Code>01</Code>
        <TargetCode>01</TargetCode>
        <Description>Seq 01</Description>
        <Order>1</Order>
      </DimensionLine>
      <DimensionLine>
        <Code>02</Code>
        <TargetCode>02</TargetCode>
        <Description>Seq 02</Description>
        <Order>2</Order>
      </DimensionLine>
      <DimensionLine>
        <Code>03</Code>
        <TargetCode>03</TargetCode>
        <Description>Seq 03</Description>
        <Order>3</Order>
      </DimensionLine>
      <DimensionLine>
        <Code>04</Code>
        <TargetCode>04</TargetCode>
        <Description>Seq 04</Description>
        <Order>4</Order>
      </DimensionLine>
      <DimensionLine>
        <Code>05</Code>
        <TargetCode>05</TargetCode>
        <Description>Seq 05</Description>
        <Order>5</Order>
      </DimensionLine>
      <DimensionLine>
        <Code>06</Code>
        <TargetCode>06</TargetCode>
        <Description>Seq 06</Description>
        <Order>6</Order>
      </DimensionLine>
      <DimensionLine>
        <Code>07</Code>
        <TargetCode>07</TargetCode>
        <Description>Seq 07</Description>
        <Order>7</Order>
      </DimensionLine>
      <DimensionLine>
        <Code>08</Code>
        <TargetCode>08</TargetCode>
        <Description>Seq 08</Description>
        <Order>8</Order>
      </DimensionLine>
      <DimensionLine>
        <Code>09</Code>
        <TargetCode>09</TargetCode>
        <Description>Seq 09</Description>
        <Order>9</Order>
      </DimensionLine>
    </Lines>
  </Dimension>
  <Dimension>
    <Code>TAM</Code>
    <Description>Tamanho</Description>
    <DimensionType>GER</DimensionType>
    <Lines>
      <DimensionLine>
        <Code>M</Code>
        <TargetCode>M</TargetCode>
        <Description>Tam. M</Description>
        <Order>2</Order>
      </DimensionLine>
      <DimensionLine>
        <Code>L</Code>
        <TargetCode>L</TargetCode>
        <Description>Tam. L</Description>
        <Order>3</Order>
      </DimensionLine>
      <DimensionLine>
        <Code>XL</Code>
        <TargetCode>XL</TargetCode>
        <Description>Tam. XL</Description>
        <Order>4</Order>
      </DimensionLine>
      <DimensionLine>
        <Code>XXL</Code>
        <TargetCode>XXL</TargetCode>
        <Description>Tam. XXL</Description>
        <Order>5</Order>
      </DimensionLine>
      <DimensionLine>
        <Code>S</Code>
        <TargetCode>S</TargetCode>
        <Description>Tam. S</Description>
        <Order>1</Order>
      </DimensionLine>
    </Lines>
  </Dimension>
  <Dimension>
    <Code>TAMPNEUS</Code>
    <Description>Tamanhos Pneus</Description>
    <DimensionType>GER</DimensionType>
    <Lines>
      <DimensionLine>
        <Code>165.65R13</Code>
        <TargetCode>165.65R13</TargetCode>
        <Description>165 65R13</Description>
        <Order>1</Order>
      </DimensionLine>
      <DimensionLine>
        <Code>185.55R15</Code>
        <TargetCode>185.55R15</TargetCode>
        <Description>185 55R15</Description>
        <Order>7</Order>
      </DimensionLine>
      <DimensionLine>
        <Code>205.80R15</Code>
        <TargetCode>205.80R15</TargetCode>
        <Description>205 80R15</Description>
        <Order>10</Order>
      </DimensionLine>
      <DimensionLine>
        <Code>165.70R13</Code>
        <TargetCode>165.70R13</TargetCode>
        <Description>165 70R13</Description>
        <Order>2</Order>
      </DimensionLine>
      <DimensionLine>
        <Code>175.60R14</Code>
        <TargetCode>175.60R14</TargetCode>
        <Description>175 60R14</Description>
        <Order>3</Order>
      </DimensionLine>
      <DimensionLine>
        <Code>175.65R14</Code>
        <TargetCode>175.65R14</TargetCode>
        <Description>175 65R14</Description>
        <Order>4</Order>
      </DimensionLine>
      <DimensionLine>
        <Code>185.70R14</Code>
        <TargetCode>185.70R14</TargetCode>
        <Description>185 70R14</Description>
        <Order>5</Order>
      </DimensionLine>
      <DimensionLine>
        <Code>195.70R15</Code>
        <TargetCode>195.70R15</TargetCode>
        <Description>195 70R15</Description>
        <Order>9</Order>
      </DimensionLine>
      <DimensionLine>
        <Code>185.75R14</Code>
        <TargetCode>185.75R14</TargetCode>
        <Description>185 75R14</Description>
        <Order>6</Order>
      </DimensionLine>
      <DimensionLine>
        <Code>195.65R15</Code>
        <TargetCode>195.65R15</TargetCode>
        <Description>195 65R15</Description>
        <Order>8</Order>
      </DimensionLine>
    </Lines>
  </Dimension>
  <Dimension>
    <Code>TCHOC</Code>
    <Description>Tipos de Chocolate</Description>
    <DimensionType>GER</DimensionType>
    <Lines>
      <DimensionLine>
        <Code>CH</Code>
        <TargetCode>CH</TargetCode>
        <Description>Chocolate</Description>
        <Order>1</Order>
      </DimensionLine>
      <DimensionLine>
        <Code>CHP</Code>
        <TargetCode>CHP</TargetCode>
        <Description>Chocalate Preto</Description>
        <Order>2</Order>
      </DimensionLine>
      <DimensionLine>
        <Code>CHB</Code>
        <TargetCode>CHB</TargetCode>
        <Description>Chocolate Branco</Description>
        <Order>3</Order>
      </DimensionLine>
      <DimensionLine>
        <Code>CHA</Code>
        <TargetCode>CHA</TargetCode>
        <Description>Chocolate c/ Bolacha</Description>
        <Order>4</Order>
      </DimensionLine>
      <DimensionLine>
        <Code>CHR</Code>
        <TargetCode>CHR</TargetCode>
        <Description>Chocolate c/ Recheio</Description>
        <Order>5</Order>
      </DimensionLine>
    </Lines>
  </Dimension>
  <Dimension>
    <Code>V50</Code>
    <Description>Vector 50</Description>
    <DimensionType>GER</DimensionType>
    <Lines>
      <DimensionLine>
        <Code>01</Code>
        <TargetCode>01</TargetCode>
        <Description>Ponto 01/50</Description>
        <Order>1</Order>
      </DimensionLine>
      <DimensionLine>
        <Code>02</Code>
        <TargetCode>02</TargetCode>
        <Description>Ponto 02/50</Description>
        <Order>2</Order>
      </DimensionLine>
      <DimensionLine>
        <Code>03</Code>
        <TargetCode>03</TargetCode>
        <Description>Ponto 03/50</Description>
        <Order>3</Order>
      </DimensionLine>
      <DimensionLine>
        <Code>04</Code>
        <TargetCode>04</TargetCode>
        <Description>Ponto 04/50</Description>
        <Order>4</Order>
      </DimensionLine>
      <DimensionLine>
        <Code>05</Code>
        <TargetCode>05</TargetCode>
        <Description>Ponto 05/50</Description>
        <Order>5</Order>
      </DimensionLine>
      <DimensionLine>
        <Code>06</Code>
        <TargetCode>06</TargetCode>
        <Description>Ponto 06/50</Description>
        <Order>6</Order>
      </DimensionLine>
      <DimensionLine>
        <Code>07</Code>
        <TargetCode>07</TargetCode>
        <Description>Ponto 07/50</Description>
        <Order>7</Order>
      </DimensionLine>
      <DimensionLine>
        <Code>08</Code>
        <TargetCode>08</TargetCode>
        <Description>Ponto 08/50</Description>
        <Order>8</Order>
      </DimensionLine>
      <DimensionLine>
        <Code>09</Code>
        <TargetCode>09</TargetCode>
        <Description>Ponto 09/50</Description>
        <Order>9</Order>
      </DimensionLine>
      <DimensionLine>
        <Code>10</Code>
        <TargetCode>10</TargetCode>
        <Description>Ponto 10/50</Description>
        <Order>10</Order>
      </DimensionLine>
      <DimensionLine>
        <Code>11</Code>
        <TargetCode>11</TargetCode>
        <Description>Ponto 11/50</Description>
        <Order>11</Order>
      </DimensionLine>
      <DimensionLine>
        <Code>12</Code>
        <TargetCode>12</TargetCode>
        <Description>Ponto 12/50</Description>
        <Order>12</Order>
      </DimensionLine>
      <DimensionLine>
        <Code>13</Code>
        <TargetCode>13</TargetCode>
        <Description>Ponto 13/50</Description>
        <Order>13</Order>
      </DimensionLine>
      <DimensionLine>
        <Code>14</Code>
        <TargetCode>14</TargetCode>
        <Description>Ponto 14/50</Description>
        <Order>14</Order>
      </DimensionLine>
      <DimensionLine>
        <Code>15</Code>
        <TargetCode>15</TargetCode>
        <Description>Ponto 15/50</Description>
        <Order>15</Order>
      </DimensionLine>
      <DimensionLine>
        <Code>16</Code>
        <TargetCode>16</TargetCode>
        <Description>Ponto 16/50</Description>
        <Order>16</Order>
      </DimensionLine>
      <DimensionLine>
        <Code>17</Code>
        <TargetCode>17</TargetCode>
        <Description>Ponto 17/50</Description>
        <Order>17</Order>
      </DimensionLine>
      <DimensionLine>
        <Code>18</Code>
        <TargetCode>18</TargetCode>
        <Description>Ponto 18/50</Description>
        <Order>18</Order>
      </DimensionLine>
      <DimensionLine>
        <Code>19</Code>
        <TargetCode>19</TargetCode>
        <Description>Ponto 19/50</Description>
        <Order>19</Order>
      </DimensionLine>
      <DimensionLine>
        <Code>20</Code>
        <TargetCode>20</TargetCode>
        <Description>Ponto 20/50</Description>
        <Order>20</Order>
      </DimensionLine>
      <DimensionLine>
        <Code>21</Code>
        <TargetCode>21</TargetCode>
        <Description>Ponto 21/50</Description>
        <Order>21</Order>
      </DimensionLine>
      <DimensionLine>
        <Code>22</Code>
        <TargetCode>22</TargetCode>
        <Description>Ponto 22/50</Description>
        <Order>22</Order>
      </DimensionLine>
      <DimensionLine>
        <Code>23</Code>
        <TargetCode>23</TargetCode>
        <Description>Ponto 23/50</Description>
        <Order>23</Order>
      </DimensionLine>
      <DimensionLine>
        <Code>24</Code>
        <TargetCode>24</TargetCode>
        <Description>Ponto 24/50</Description>
        <Order>24</Order>
      </DimensionLine>
      <DimensionLine>
        <Code>25</Code>
        <TargetCode>25</TargetCode>
        <Description>Ponto 25/50</Description>
        <Order>25</Order>
      </DimensionLine>
      <DimensionLine>
        <Code>26</Code>
        <TargetCode>26</TargetCode>
        <Description>Ponto 26/50</Description>
        <Order>26</Order>
      </DimensionLine>
      <DimensionLine>
        <Code>27</Code>
        <TargetCode>27</TargetCode>
        <Description>Ponto 27/50</Description>
        <Order>27</Order>
      </DimensionLine>
      <DimensionLine>
        <Code>28</Code>
        <TargetCode>28</TargetCode>
        <Description>Ponto 28/50</Description>
        <Order>28</Order>
      </DimensionLine>
      <DimensionLine>
        <Code>29</Code>
        <TargetCode>29</TargetCode>
        <Description>Ponto 29/50</Description>
        <Order>29</Order>
      </DimensionLine>
      <DimensionLine>
        <Code>30</Code>
        <TargetCode>30</TargetCode>
        <Description>Ponto 30/50</Description>
        <Order>30</Order>
      </DimensionLine>
      <DimensionLine>
        <Code>31</Code>
        <TargetCode>31</TargetCode>
        <Description>Ponto 31/50</Description>
        <Order>31</Order>
      </DimensionLine>
      <DimensionLine>
        <Code>32</Code>
        <TargetCode>32</TargetCode>
        <Description>Ponto 32/50</Description>
        <Order>32</Order>
      </DimensionLine>
      <DimensionLine>
        <Code>33</Code>
        <TargetCode>33</TargetCode>
        <Description>Ponto 33/50</Description>
        <Order>33</Order>
      </DimensionLine>
      <DimensionLine>
        <Code>34</Code>
        <TargetCode>34</TargetCode>
        <Description>Ponto 34/50</Description>
        <Order>34</Order>
      </DimensionLine>
      <DimensionLine>
        <Code>35</Code>
        <TargetCode>35</TargetCode>
        <Description>Ponto 35/50</Description>
        <Order>35</Order>
      </DimensionLine>
      <DimensionLine>
        <Code>36</Code>
        <TargetCode>36</TargetCode>
        <Description>Ponto 36/50</Description>
        <Order>36</Order>
      </DimensionLine>
      <DimensionLine>
        <Code>37</Code>
        <TargetCode>37</TargetCode>
        <Description>Ponto 37/50</Description>
        <Order>37</Order>
      </DimensionLine>
      <DimensionLine>
        <Code>38</Code>
        <TargetCode>38</TargetCode>
        <Description>Ponto 38/50</Description>
        <Order>38</Order>
      </DimensionLine>
      <DimensionLine>
        <Code>39</Code>
        <TargetCode>39</TargetCode>
        <Description>Ponto 39/50</Description>
        <Order>39</Order>
      </DimensionLine>
      <DimensionLine>
        <Code>40</Code>
        <TargetCode>40</TargetCode>
        <Description>Ponto 40/50</Description>
        <Order>40</Order>
      </DimensionLine>
      <DimensionLine>
        <Code>41</Code>
        <TargetCode>41</TargetCode>
        <Description>Ponto 41/50</Description>
        <Order>41</Order>
      </DimensionLine>
      <DimensionLine>
        <Code>42</Code>
        <TargetCode>42</TargetCode>
        <Description>Ponto 42/50</Description>
        <Order>42</Order>
      </DimensionLine>
      <DimensionLine>
        <Code>43</Code>
        <TargetCode>43</TargetCode>
        <Description>Ponto 43/50</Description>
        <Order>43</Order>
      </DimensionLine>
      <DimensionLine>
        <Code>44</Code>
        <TargetCode>44</TargetCode>
        <Description>Ponto 44/50</Description>
        <Order>44</Order>
      </DimensionLine>
      <DimensionLine>
        <Code>45</Code>
        <TargetCode>45</TargetCode>
        <Description>Ponto 45/50</Description>
        <Order>45</Order>
      </DimensionLine>
      <DimensionLine>
        <Code>46</Code>
        <TargetCode>46</TargetCode>
        <Description>Ponto 46/50</Description>
        <Order>46</Order>
      </DimensionLine>
      <DimensionLine>
        <Code>47</Code>
        <TargetCode>47</TargetCode>
        <Description>Ponto 47/50</Description>
        <Order>47</Order>
      </DimensionLine>
      <DimensionLine>
        <Code>48</Code>
        <TargetCode>48</TargetCode>
        <Description>Ponto 48/50</Description>
        <Order>48</Order>
      </DimensionLine>
      <DimensionLine>
        <Code>49</Code>
        <TargetCode>49</TargetCode>
        <Description>Ponto 49/50</Description>
        <Order>49</Order>
      </DimensionLine>
      <DimensionLine>
        <Code>50</Code>
        <TargetCode>50</TargetCode>
        <Description>Ponto 50/50</Description>
        <Order>50</Order>
      </DimensionLine>
    </Lines>
  </Dimension>
  <Dimension>
    <Code>VALOR€</Code>
    <Description>Valor €</Description>
    <DimensionType>GER</DimensionType>
    <Lines>
      <DimensionLine>
        <Code>10</Code>
        <TargetCode>10</TargetCode>
        <Description> 10 €</Description>
        <Order>1</Order>
      </DimensionLine>
      <DimensionLine>
        <Code>15</Code>
        <TargetCode>15</TargetCode>
        <Description> 15 €</Description>
        <Order>2</Order>
      </DimensionLine>
      <DimensionLine>
        <Code>25</Code>
        <TargetCode>25</TargetCode>
        <Description> 25 €</Description>
        <Order>3</Order>
      </DimensionLine>
      <DimensionLine>
        <Code>50</Code>
        <TargetCode>50</TargetCode>
        <Description> 50 €</Description>
        <Order>4</Order>
      </DimensionLine>
    </Lines>
  </Dimension>
</ArrayOfDimension>