<?xml version="1.0" encoding="utf-8"?>
<ArrayOfDocumentType xmlns:xsd="http://www.w3.org/2001/XMLSchema" xmlns:xsi="http://www.w3.org/2001/XMLSchema-instance">
  <DocumentType>
    <Module>M</Module>
    <Code>NCC</Code>
    <Description>N/Nota Crédito</Description>
    <DocType>1</DocType>
    <AvailableForIndifCustomers>false</AvailableForIndifCustomers>
    <AvailableForCustomers>true</AvailableForCustomers>
    <AvailableForOtherDebtors>true</AvailableForOtherDebtors>
    <AvailableForIndifSuppliers>false</AvailableForIndifSuppliers>
    <AvailableForSuppliers>false</AvailableForSuppliers>
    <AvailableForOtherCreditors>false</AvailableForOtherCreditors>
    <StatisticSuggestion>false</StatisticSuggestion>
    <CanBeConverted>false</CanBeConverted>
    <CirculationGoods>false</CirculationGoods>
    <StockConnection>false</StockConnection>
    <CalculateCommissions>false</CalculateCommissions>
    <AllowNegativeTotal>false</AllowNegativeTotal>
    <AllowNegativeLines>true</AllowNegativeLines>
    <RecapitulativeReport>true</RecapitulativeReport>
    <Nature>D</Nature>
    <TreasuryConnection>true</TreasuryConnection>
    <CreditLimit>true</CreditLimit>
    <DeductSettleVAT>false</DeductSettleVAT>
    <WithholdingSubject>true</WithholdingSubject>
    <States>
      <DocumentTypeState>
        <AccountType>CCC</AccountType>
        <State>PEN</State>
      </DocumentTypeState>
      <DocumentTypeState>
        <AccountType>CCT</AccountType>
        <State>PEN</State>
      </DocumentTypeState>
    </States>
  </DocumentType>
  <DocumentType>
    <Module>V</Module>
    <Code>GRH</Code>
    <Description>Guia Remessa (Histórico)</Description>
    <FiscalDescription>Guia Remessa (Histórico)</FiscalDescription>
    <DocTypeSAFT>OU</DocTypeSAFT>
    <DocType>3</DocType>
    <PayableReceivable>R</PayableReceivable>
    <AvailableForIndifCustomers>true</AvailableForIndifCustomers>
    <AvailableForCustomers>true</AvailableForCustomers>
    <AvailableForOtherDebtors>true</AvailableForOtherDebtors>
    <AvailableForIndifSuppliers>false</AvailableForIndifSuppliers>
    <AvailableForSuppliers>false</AvailableForSuppliers>
    <AvailableForOtherCreditors>false</AvailableForOtherCreditors>
    <StatisticSuggestion>false</StatisticSuggestion>
    <CanBeConverted>true</CanBeConverted>
    <CirculationGoods>false</CirculationGoods>
    <StockConnection>false</StockConnection>
    <CalculateCommissions>false</CalculateCommissions>
    <AllowNegativeTotal>true</AllowNegativeTotal>
    <AllowNegativeLines>true</AllowNegativeLines>
    <MoveStockType>S</MoveStockType>
    <NMoveStockType>E</NMoveStockType>
    <RecapitulativeReport>false</RecapitulativeReport>
    <TreasuryConnection>false</TreasuryConnection>
    <CreditLimit>false</CreditLimit>
    <DeductSettleVAT>false</DeductSettleVAT>
    <WithholdingSubject>false</WithholdingSubject>
    <States />
  </DocumentType>
  <DocumentType>
    <Module>C</Module>
    <Code>VGRH</Code>
    <Description>V/Guia Remessa (Histórico)</Description>
    <FiscalDescription>V/Guia Remessa (Histórico)</FiscalDescription>
    <DocTypeSAFT />
    <DocType>3</DocType>
    <PayableReceivable>P</PayableReceivable>
    <AvailableForIndifCustomers>false</AvailableForIndifCustomers>
    <AvailableForCustomers>false</AvailableForCustomers>
    <AvailableForOtherDebtors>false</AvailableForOtherDebtors>
    <AvailableForIndifSuppliers>true</AvailableForIndifSuppliers>
    <AvailableForSuppliers>true</AvailableForSuppliers>
    <AvailableForOtherCreditors>true</AvailableForOtherCreditors>
    <StatisticSuggestion>false</StatisticSuggestion>
    <CanBeConverted>true</CanBeConverted>
    <CirculationGoods>false</CirculationGoods>
    <StockConnection>false</StockConnection>
    <CalculateCommissions>false</CalculateCommissions>
    <AllowNegativeTotal>true</AllowNegativeTotal>
    <AllowNegativeLines>true</AllowNegativeLines>
    <MoveStockType>E</MoveStockType>
    <NMoveStockType>S</NMoveStockType>
    <RecapitulativeReport>false</RecapitulativeReport>
    <TreasuryConnection>false</TreasuryConnection>
    <CreditLimit>false</CreditLimit>
    <DeductSettleVAT>false</DeductSettleVAT>
    <WithholdingSubject>false</WithholdingSubject>
    <States />
  </DocumentType>
</ArrayOfDocumentType>