<?xml version="1.0" encoding="utf-8"?>
<ArrayOfExpeditionMode xmlns:xsd="http://www.w3.org/2001/XMLSchema" xmlns:xsi="http://www.w3.org/2001/XMLSchema-instance">
  <ExpeditionMode>
    <Code>1</Code>
    <Description>N/Carro</Description>
    <IntrastatMode />
  </ExpeditionMode>
  <ExpeditionMode>
    <Code>2</Code>
    <Description>V/Carro</Description>
    <IntrastatMode />
  </ExpeditionMode>
  <ExpeditionMode>
    <Code>3</Code>
    <Description>Transportadora</Description>
    <IntrastatMode />
  </ExpeditionMode>
  <ExpeditionMode>
    <Code>4</Code>
    <Description>Comboio</Description>
    <IntrastatMode />
  </ExpeditionMode>
  <ExpeditionMode>
    <Code>5</Code>
    <Description>Avião</Description>
    <IntrastatMode />
  </ExpeditionMode>
</ArrayOfExpeditionMode>