<?xml version="1.0" encoding="utf-8"?>
<ArrayOfFamily xmlns:xsd="http://www.w3.org/2001/XMLSchema" xmlns:xsi="http://www.w3.org/2001/XMLSchema-instance">
  <Family>
    <Code>A</Code>
    <TargetCode>A</TargetCode>
    <Description>Alimentação</Description>
    <AllowReturns>true</AllowReturns>
    <SubFamilies>
      <SubFamily>
        <Code>AA</Code>
        <TargetCode>AA</TargetCode>
        <Description>Alimentos A.</Description>
      </SubFamily>
      <SubFamily>
        <Code>AB</Code>
        <TargetCode>AB</TargetCode>
        <Description>Bebidas</Description>
      </SubFamily>
    </SubFamilies>
  </Family>
  <Family>
    <Code>C</Code>
    <TargetCode>C</TargetCode>
    <Description>Combustível</Description>
    <AllowReturns>true</AllowReturns>
    <SubFamilies>
      <SubFamily>
        <Code>CA</Code>
        <TargetCode>CA</TargetCode>
        <Description>Auto C.</Description>
      </SubFamily>
    </SubFamilies>
  </Family>
</ArrayOfFamily>