<?xml version="1.0" encoding="utf-8"?>
<ArrayOfItem xmlns:xsd="http://www.w3.org/2001/XMLSchema" xmlns:xsi="http://www.w3.org/2001/XMLSchema-instance">
  <Item>
    <Code>000000</Code>
    <OriginalCode>000000</OriginalCode>
    <Description>Artigo 000000</Description>
    <Abbreviation>000000</Abbreviation>
    <Obs />
    <SubstituteItem />
    <Discount>0</Discount>
    <BarCode>5011053003325</BarCode>
    <Inactive>false</Inactive>
    <StandardCostPrice>98.49</StandardCostPrice>
    <VatIncidencePerc>100</VatIncidencePerc>
    <DeductVatPerc>100</DeductVatPerc>
    <DeductVAT>true</DeductVAT>
    <NetWeight>0</NetWeight>
    <Weight>0</Weight>
    <UnitBase>Un</UnitBase>
    <UnitBuy>Un</UnitBuy>
    <UnitSell>Un</UnitSell>
    <UnitIn>Un</UnitIn>
    <UnitOut>Un</UnitOut>
    <StockMove>true</StockMove>
    <SingularManagement>false</SingularManagement>
    <SubjectToReturn>true</SubjectToReturn>
    <VatTaxCode>2</VatTaxCode>
    <HasRetention>false</HasRetention>
    <MinimumStock>10</MinimumStock>
    <MaximumStock>50</MaximumStock>
    <SafetyStock>50</SafetyStock>
    <DimensionsType>0</DimensionsType>
    <Dimension1Type />
    <Dimension2Type />
    <ManageBatches>false</ManageBatches>
    <ManageSerialNumbers>false</ManageSerialNumbers>
    <Family>A</Family>
    <SubFamily>AB</SubFamily>
    <CommercialDescription />
    <Characteristics />
    <StandardCostSuggestion>0</StandardCostSuggestion>
    <DeliveryTime>0</DeliveryTime>
    <Volume>0</Volume>
    <Class>0</Class>
    <WarrantyMonths>0</WarrantyMonths>
    <ItemCategory>C3</ItemCategory>
    <FormulaIn />
    <FormulaOut />
    <Prices>
      <ItemPrice>
        <Unit />
        <Currency>EUR</Currency>
        <Prices>
          <ItemPriceLine>
            <Number>2</Number>
            <RRP>354</RRP>
          </ItemPriceLine>
          <ItemPriceLine>
            <Number>3</Number>
            <RRP>300</RRP>
          </ItemPriceLine>
        </Prices>
      </ItemPrice>
      <ItemPrice>
        <Unit />
        <Currency>EUR</Currency>
        <Prices>
          <ItemPriceLine>
            <Number>2</Number>
            <RRP>354</RRP>
          </ItemPriceLine>
          <ItemPriceLine>
            <Number>3</Number>
            <RRP>300</RRP>
          </ItemPriceLine>
        </Prices>
      </ItemPrice>
      <ItemPrice>
        <Unit />
        <Currency>EUR</Currency>
        <Prices>
          <ItemPriceLine>
            <Number>2</Number>
            <RRP>354</RRP>
          </ItemPriceLine>
          <ItemPriceLine>
            <Number>3</Number>
            <RRP>300</RRP>
          </ItemPriceLine>
        </Prices>
      </ItemPrice>
      <ItemPrice>
        <Unit />
        <Currency>EUR</Currency>
        <Prices>
          <ItemPriceLine>
            <Number>2</Number>
            <RRP>354</RRP>
          </ItemPriceLine>
          <ItemPriceLine>
            <Number>3</Number>
            <RRP>300</RRP>
          </ItemPriceLine>
        </Prices>
      </ItemPrice>
    </Prices>
    <Langs>
      <ItemLang>
        <Lang>FR</Lang>
        <Description />
        <AbbrevDescription />
        <Characteristics />
        <CommercialDescription>En French</CommercialDescription>
      </ItemLang>
      <ItemLang>
        <Lang>IN</Lang>
        <Description />
        <AbbrevDescription />
        <Characteristics>In English (short)</Characteristics>
        <CommercialDescription>In English</CommercialDescription>
      </ItemLang>
      <ItemLang>
        <Lang>PT</Lang>
        <Description>23432432</Description>
        <AbbrevDescription>111111</AbbrevDescription>
        <Characteristics />
        <CommercialDescription />
      </ItemLang>
    </Langs>
    <StockParams />
    <Components />
  </Item>
  <Item>
    <Code>123456</Code>
    <OriginalCode>Artigo 123456</OriginalCode>
    <Description>123456</Description>
    <Abbreviation />
    <Obs />
    <SubstituteItem />
    <Discount>0</Discount>
    <BarCode>5602030016713</BarCode>
    <Inactive>false</Inactive>
    <StandardCostPrice>0</StandardCostPrice>
    <VatIncidencePerc>100</VatIncidencePerc>
    <DeductVatPerc>100</DeductVatPerc>
    <DeductVAT>true</DeductVAT>
    <NetWeight>0</NetWeight>
    <Weight>0</Weight>
    <UnitBase>Un</UnitBase>
    <UnitBuy>Un</UnitBuy>
    <UnitSell>Un</UnitSell>
    <UnitIn>Un</UnitIn>
    <UnitOut>Un</UnitOut>
    <StockMove>true</StockMove>
    <SingularManagement>false</SingularManagement>
    <SubjectToReturn>true</SubjectToReturn>
    <VatTaxCode>2</VatTaxCode>
    <HasRetention>false</HasRetention>
    <MinimumStock>15</MinimumStock>
    <MaximumStock>100</MaximumStock>
    <SafetyStock>50</SafetyStock>
    <DimensionsType>0</DimensionsType>
    <Dimension1Type />
    <Dimension2Type />
    <ManageBatches>true</ManageBatches>
    <ManageSerialNumbers>true</ManageSerialNumbers>
    <CommercialDescription />
    <Characteristics />
    <StandardCostSuggestion>0</StandardCostSuggestion>
    <DeliveryTime>0</DeliveryTime>
    <Volume>0</Volume>
    <Class>0</Class>
    <WarrantyMonths>0</WarrantyMonths>
    <ItemCategory>C1</ItemCategory>
    <FormulaIn />
    <FormulaOut />
    <Prices />
    <Langs>
      <ItemLang>
        <Lang>PT</Lang>
        <Description>23423432</Description>
        <AbbrevDescription />
        <Characteristics />
        <CommercialDescription />
      </ItemLang>
    </Langs>
    <StockParams />
    <Components />
  </Item>
</ArrayOfItem>