<?xml version="1.0" encoding="utf-8"?>
<ArrayOfItemCategory xmlns:xsd="http://www.w3.org/2001/XMLSchema" xmlns:xsi="http://www.w3.org/2001/XMLSchema-instance">
  <ItemCategory>
    <Code>C1</Code>
    <TargetCode>3</TargetCode>
    <Description>Mercadoria</Description>
    <LineType>10</LineType>
    <FiscalType>P</FiscalType>
    <FiscalItemClassif>B</FiscalItemClassif>
  </ItemCategory>
  <ItemCategory>
    <Code>C2</Code>
    <TargetCode>3</TargetCode>
    <Description>Matéria-Prima</Description>
    <LineType>10</LineType>
    <FiscalType>P</FiscalType>
    <FiscalItemClassif>B</FiscalItemClassif>
  </ItemCategory>
  <ItemCategory>
    <Code>C3</Code>
    <TargetCode>0</TargetCode>
    <Description>Serviços</Description>
    <LineType>10</LineType>
    <FiscalType>P</FiscalType>
    <FiscalItemClassif>B</FiscalItemClassif>
  </ItemCategory>
  <ItemCategory>
    <Code>C9</Code>
    <TargetCode>0</TargetCode>
    <Description>Restos ' Refugos</Description>
    <LineType>10</LineType>
    <FiscalType>P</FiscalType>
    <FiscalItemClassif>B</FiscalItemClassif>
  </ItemCategory>
</ArrayOfItemCategory>