<?xml version="1.0" encoding="utf-8"?>
<ArrayOfLanguage xmlns:xsd="http://www.w3.org/2001/XMLSchema" xmlns:xsi="http://www.w3.org/2001/XMLSchema-instance">
  <Language>
    <Description>Francês</Description>
    <Code>FR</Code>
    <TargetCode>FR</TargetCode>
  </Language>
  <Language>
    <Description>Inglês</Description>
    <Code>IN</Code>
    <TargetCode>IN</TargetCode>
  </Language>
  <Language>
    <Description>Português</Description>
    <Code>P</Code>
    <TargetCode>P</TargetCode>
  </Language>
</ArrayOfLanguage>