<?xml version="1.0" encoding="utf-8"?>
<ArrayOfPaymentMode xmlns:xsd="http://www.w3.org/2001/XMLSchema" xmlns:xsi="http://www.w3.org/2001/XMLSchema-instance">
  <PaymentMode>
    <Code>CHQP</Code>
    <TargetCode>CHQP</TargetCode>
    <Description>Cheque (P)</Description>
    <IsCredit>true</IsCredit>
    <ClearingDays>5</ClearingDays>
    <Check>false</Check>
    <DepositAccount>false</DepositAccount>
    <TermDepositAccount>false</TermDepositAccount>
    <Cash>false</Cash>
    <CashAccount>false</CashAccount>
    <CreditCard>false</CreditCard>
    <CreditCardAccount>false</CreditCardAccount>
    <EscrowCurrentAccount>false</EscrowCurrentAccount>
    <Other>false</Other>
  </PaymentMode>
  <PaymentMode>
    <Code>CHQR</Code>
    <TargetCode>CHQR</TargetCode>
    <Description>Cheque (R)</Description>
    <IsCredit>false</IsCredit>
    <ClearingDays>5</ClearingDays>
    <Check>false</Check>
    <DepositAccount>false</DepositAccount>
    <TermDepositAccount>false</TermDepositAccount>
    <Cash>false</Cash>
    <CashAccount>false</CashAccount>
    <CreditCard>false</CreditCard>
    <CreditCardAccount>false</CreditCardAccount>
    <EscrowCurrentAccount>false</EscrowCurrentAccount>
    <Other>false</Other>
  </PaymentMode>
</ArrayOfPaymentMode>