<?xml version="1.0" encoding="utf-8"?>
<ArrayOfPaymentCondition xmlns:xsd="http://www.w3.org/2001/XMLSchema" xmlns:xsi="http://www.w3.org/2001/XMLSchema-instance">
  <PaymentCondition>
    <Code>1</Code>
    <TargetCode>1</TargetCode>
    <Description>PAG. PRONTO</Description>
    <Discount>2.5</Discount>
    <DiscountVatIncluded>true</DiscountVatIncluded>
    <AvailableForCustomers>true</AvailableForCustomers>
    <AvailableForSuppliers>true</AvailableForSuppliers>
    <AvailableForOtherDebtors>true</AvailableForOtherDebtors>
    <AvailableForOtherCreditors>true</AvailableForOtherCreditors>
    <SuggestDiscountForLiquidation>true</SuggestDiscountForLiquidation>
    <DaysToApplyDiscount>0</DaysToApplyDiscount>
    <ConditionType>After</ConditionType>
    <InitialEntry>0</InitialEntry>
    <InitialEntryDueDays>0</InitialEntryDueDays>
    <InstallmentsNumber>0</InstallmentsNumber>
    <InstallmentsPeriodicity>0</InstallmentsPeriodicity>
    <Discounts>
      <PaymentConditionDiscount>
        <Discount>2</Discount>
        <UntilDays>999</UntilDays>
      </PaymentConditionDiscount>
    </Discounts>
  </PaymentCondition>
  <PaymentCondition>
    <Code>2</Code>
    <TargetCode>2</TargetCode>
    <Description>PAG. A 30 DIAS</Description>
    <Discount>0.25</Discount>
    <DiscountVatIncluded>false</DiscountVatIncluded>
    <AvailableForCustomers>true</AvailableForCustomers>
    <AvailableForSuppliers>true</AvailableForSuppliers>
    <AvailableForOtherDebtors>true</AvailableForOtherDebtors>
    <AvailableForOtherCreditors>true</AvailableForOtherCreditors>
    <SuggestDiscountForLiquidation>true</SuggestDiscountForLiquidation>
    <DaysToApplyDiscount>30</DaysToApplyDiscount>
    <ConditionType>DayOfNextMonth</ConditionType>
    <InitialEntry>0</InitialEntry>
    <InitialEntryDueDays>0</InitialEntryDueDays>
    <InstallmentsNumber>0</InstallmentsNumber>
    <InstallmentsPeriodicity>0</InstallmentsPeriodicity>
    <Discounts>
      <PaymentConditionDiscount>
        <Discount>0.5</Discount>
        <UntilDays>999</UntilDays>
      </PaymentConditionDiscount>
    </Discounts>
  </PaymentCondition>
</ArrayOfPaymentCondition>