<?xml version="1.0" encoding="utf-8"?>
<ArrayOfPending xmlns:xsd="http://www.w3.org/2001/XMLSchema" xmlns:xsi="http://www.w3.org/2001/XMLSchema-instance">
  <Pending>
    <DocNumber>FACT 1225/1</DocNumber>
    <DocumentDate>2025-03-10T00:00:00</DocumentDate>
    <DueDate>2025-03-25T00:00:00</DueDate>
    <Currency>EUR</Currency>
    <FiscalSpace>0</FiscalSpace>
    <VATRefundScheme>5</VATRefundScheme>
    <CashAccountingVAT>false</CashAccountingVAT>
    <ExchangeRate>1</ExchangeRate>
    <Seller>1</Seller>
    <PaymentConditionCode>28</PaymentConditionCode>
    <EntityType>C</EntityType>
    <Entity>1</Entity>
    <TaxPayerNumber>200299506</TaxPayerNumber>
    <DocType>FAC</DocType>
    <Series>H</Series>
    <PendingIRS>0</PendingIRS>
    <IRSTax>0</IRSTax>
    <IRSType>1</IRSType>
    <Lines>
      <PendingLine>
        <Description>FACT 1225/1</Description>
        <VatTax>0</VatTax>
        <VatTaxCode>1</VatTaxCode>
        <VatIncidence>348.5</VatIncidence>
        <VatValue>0</VatValue>
        <DeductibleVatPerc>100</DeductibleVatPerc>
      </PendingLine>
    </Lines>
  </Pending>
  <Pending>
    <DocNumber>FACT 1225/2</DocNumber>
    <DocumentDate>2025-03-10T00:00:00</DocumentDate>
    <DueDate>2025-03-25T00:00:00</DueDate>
    <Currency>EUR</Currency>
    <FiscalSpace>0</FiscalSpace>
    <VATRefundScheme>0</VATRefundScheme>
    <CashAccountingVAT>false</CashAccountingVAT>
    <ExchangeRate>1</ExchangeRate>
    <Seller>1</Seller>
    <PaymentConditionCode>28</PaymentConditionCode>
    <EntityType>C</EntityType>
    <Entity>1</Entity>
    <TaxPayerNumber>200299506</TaxPayerNumber>
    <DocType>FAC</DocType>
    <Series>H</Series>
    <PendingIRS>0</PendingIRS>
    <IRSTax>0</IRSTax>
    <IRSType>1</IRSType>
    <Lines>
      <PendingLine>
        <Description>FACT 1225/2</Description>
        <VatTax>23</VatTax>
        <VatTaxCode>3</VatTaxCode>
        <VatIncidence>99.44</VatIncidence>
        <VatValue>22.87</VatValue>
        <DeductibleVatPerc>100</DeductibleVatPerc>
      </PendingLine>
    </Lines>
  </Pending>
</ArrayOfPending>