<?xml version="1.0" encoding="utf-8"?>
<ArrayOfPurchase xmlns:xsd="http://www.w3.org/2001/XMLSchema" xmlns:xsi="http://www.w3.org/2001/XMLSchema-instance">
  <Purchase>
    <DocType>VGRH</DocType>
    <Series>H</Series>
    <DocumentNumber>VGT 299225/22</DocumentNumber>
    <Year>2025</Year>
    <EntityType>F</EntityType>
    <EntityCode>1</EntityCode>
    <EntityName>Fornecedor Inv Suj Passivo</EntityName>
    <TaxPayerNumber>111222338</TaxPayerNumber>
    <OriginalDocTypeRef>VGT</OriginalDocTypeRef>
    <OriginalSeriesRef>299225</OriginalSeriesRef>
    <OriginalDocumRef>VGT 299225/22</OriginalDocumRef>
    <OriginalDateDocumRef>0001-01-01T00:00:00</OriginalDateDocumRef>
    <ExternalNumber>VGT 299225/22</ExternalNumber>
    <RequisitionNumber>VGT 299225/22</RequisitionNumber>
    <CashAccountingVAT>false</CashAccountingVAT>
    <DateTime>2025-05-15T18:43:00</DateTime>
    <TimeIsDefined>true</TimeIsDefined>
    <CreationDate>2025-05-15T18:43:00</CreationDate>
    <DistrictCode />
    <DistrictDescription />
    <Address1>1</Address1>
    <LoadingAddress>PRAÇA MANUEL FERNANDES DA SILVA</LoadingAddress>
    <LoadingLocation>BRAGA</LoadingLocation>
    <LoadingPostalCode>4770-123 Barcelos</LoadingPostalCode>
    <LoadingCountry>PT</LoadingCountry>
    <UnloadingAddress>1 1</UnloadingAddress>
    <UnloadingLocation>1</UnloadingLocation>
    <UnloadingPostalCode>1</UnloadingPostalCode>
    <UnloadingCountry>PT</UnloadingCountry>
    <LoadingDateTime>2025-05-15T18:43:00</LoadingDateTime>
    <Address2 />
    <Location>1</Location>
    <PostalCode>1</PostalCode>
    <PostalCodeLocation>1</PostalCodeLocation>
    <Country>PT</Country>
    <Currency>EUR</Currency>
    <Exchange>1</Exchange>
    <State>P</State>
    <CommercialDiscount>0</CommercialDiscount>
    <FinancialDiscount>0</FinancialDiscount>
    <PaymentConditionCode>1</PaymentConditionCode>
    <PaymentMode />
    <Hash>FAFAbKIsWm0pv2sc7fFWkez4DFiXnJsq7uUxM9fyKnbO/tyENZD5+BwEguT7QXwecg2mJ0U7bFDQeMIggud1REMf39eZntFbJ7sfv2pw1wEPLCw6SgZiHlsdZRj/JehD4ByUjQBZz31Up/HKnVLBH+ZfjZKfLtHgEwCw6V5GMz4=</Hash>
    <CertificateNumber>0181</CertificateNumber>
    <WithholdingRate>0</WithholdingRate>
    <CorrectiveInvoice>false</CorrectiveInvoice>
    <FiscalSpace>0</FiscalSpace>
    <VATRefundScheme>1</VATRefundScheme>
    <Lines>
      <PurchaseLine>
        <LineType>Item</LineType>
        <ItemCode>000000</ItemCode>
        <Description>23432432</Description>
        <Warehouse>1</Warehouse>
        <Location>1</Location>
        <UnitPrice>104.66</UnitPrice>
        <Quantity>1</Quantity>
        <DiscountPerc1>0</DiscountPerc1>
        <DiscountPerc2>0</DiscountPerc2>
        <DiscountPerc3>0</DiscountPerc3>
        <VatTaxCode>2</VatTaxCode>
        <VatTax>6</VatTax>
        <Batch />
        <DeliveryDate>0001-01-01T00:00:00</DeliveryDate>
        <SubjectToWithholding>false</SubjectToWithholding>
        <QtyFormula />
        <QtyMeasure>0</QtyMeasure>
        <Measure1>0</Measure1>
        <Measure2>0</Measure2>
        <Measure3>0</Measure3>
      </PurchaseLine>
    </Lines>
  </Purchase>
  <Purchase>
    <DocType>VGRH</DocType>
    <Series>H</Series>
    <DocumentNumber>25.2/0002</DocumentNumber>
    <Year>2025</Year>
    <EntityType>F</EntityType>
    <EntityCode>1</EntityCode>
    <EntityName>Fornecedor Inv Suj Passivo</EntityName>
    <TaxPayerNumber>111222338</TaxPayerNumber>
    <OriginalDocTypeRef>V/GT</OriginalDocTypeRef>
    <OriginalSeriesRef>2025.2</OriginalSeriesRef>
    <OriginalDocumRef>25.2/0002</OriginalDocumRef>
    <OriginalDateDocumRef>0001-01-01T00:00:00</OriginalDateDocumRef>
    <ExternalNumber>25.2/0002</ExternalNumber>
    <RequisitionNumber>12312</RequisitionNumber>
    <CashAccountingVAT>false</CashAccountingVAT>
    <DateTime>2025-05-16T08:58:00</DateTime>
    <TimeIsDefined>true</TimeIsDefined>
    <CreationDate>2025-05-16T08:58:00</CreationDate>
    <DistrictCode />
    <DistrictDescription />
    <Address1>1</Address1>
    <UnloadingPlace>N/Instalações</UnloadingPlace>
    <LoadingAddress>PRAÇA MANUEL FERNANDES DA SILVA</LoadingAddress>
    <LoadingLocation>BRAGA</LoadingLocation>
    <LoadingPostalCode>4770-123 Barcelos</LoadingPostalCode>
    <LoadingCountry>PT</LoadingCountry>
    <UnloadingAddress>1 1</UnloadingAddress>
    <UnloadingLocation>1</UnloadingLocation>
    <UnloadingPostalCode>1</UnloadingPostalCode>
    <UnloadingCountry>PT</UnloadingCountry>
    <LoadingDateTime>2025-05-16T08:58:00</LoadingDateTime>
    <Address2 />
    <Location>1</Location>
    <PostalCode>1</PostalCode>
    <PostalCodeLocation>1</PostalCodeLocation>
    <Country>PT</Country>
    <Currency>EUR</Currency>
    <Exchange>1</Exchange>
    <State>P</State>
    <CommercialDiscount>0</CommercialDiscount>
    <FinancialDiscount>0</FinancialDiscount>
    <PaymentConditionCode>1</PaymentConditionCode>
    <PaymentMode />
    <Hash>0</Hash>
    <CertificateNumber>0181</CertificateNumber>
    <WithholdingRate>0</WithholdingRate>
    <CorrectiveInvoice>false</CorrectiveInvoice>
    <FiscalSpace>0</FiscalSpace>
    <VATRefundScheme>1</VATRefundScheme>
    <Lines>
      <PurchaseLine>
        <LineType>Item</LineType>
        <ItemCode>000000</ItemCode>
        <Description>23432432</Description>
        <Warehouse>1</Warehouse>
        <Location>1</Location>
        <UnitPrice>104.66</UnitPrice>
        <Quantity>1</Quantity>
        <DiscountPerc1>0</DiscountPerc1>
        <DiscountPerc2>0</DiscountPerc2>
        <DiscountPerc3>0</DiscountPerc3>
        <VatTaxCode>2</VatTaxCode>
        <VatTax>6</VatTax>
        <Batch />
        <DeliveryDate>0001-01-01T00:00:00</DeliveryDate>
        <SubjectToWithholding>false</SubjectToWithholding>
        <QtyFormula />
        <QtyMeasure>0</QtyMeasure>
        <Measure1>0</Measure1>
        <Measure2>0</Measure2>
        <Measure3>0</Measure3>
      </PurchaseLine>
    </Lines>
  </Purchase>
</ArrayOfPurchase>