<?xml version="1.0" encoding="utf-8"?>
<ArrayOfSale xmlns:xsd="http://www.w3.org/2001/XMLSchema" xmlns:xsi="http://www.w3.org/2001/XMLSchema-instance">
  <Sale>
    <DocType>GRH</DocType>
    <Series>H</Series>
    <DocumentNumber>GR 289225/41</DocumentNumber>
    <Year>2025</Year>
    <EntityType>C</EntityType>
    <EntityCode>1</EntityCode>
    <EntityName>Cliente 1000 Inversão Suj Passivo</EntityName>
    <TaxPayerNumber>200299506</TaxPayerNumber>
    <OriginalDocTypeRef>GR</OriginalDocTypeRef>
    <OriginalSeriesRef>289225</OriginalSeriesRef>
    <OriginalDocumRef>GR 289225/41</OriginalDocumRef>
    <ExternalNumber>GR 289225/41</ExternalNumber>
    <RequisitionNumber>GR 289225/41</RequisitionNumber>
    <DateTime>2025-05-15T18:15:00</DateTime>
    <TimeIsDefined>true</TimeIsDefined>
    <DistrictCode />
    <DistrictDescription />
    <Address1>1</Address1>
    <LoadingAddress>PRAÇA MANUEL FERNANDES DA SILVA</LoadingAddress>
    <LoadingLocation>BRAGA</LoadingLocation>
    <LoadingPostalCode>4770-123 Barcelos</LoadingPostalCode>
    <LoadingCountry>PT</LoadingCountry>
    <UnloadingAddress>1 1</UnloadingAddress>
    <UnloadingLocation>1</UnloadingLocation>
    <UnloadingPostalCode>1</UnloadingPostalCode>
    <UnloadingCountry>PT</UnloadingCountry>
    <LoadingDateTime>2025-05-15T18:15:00</LoadingDateTime>
    <Address2 />
    <Location>1</Location>
    <PostalCode>1</PostalCode>
    <PostalCodeLocation>1</PostalCodeLocation>
    <Country>PT</Country>
    <Currency>EUR</Currency>
    <Exchange>1</Exchange>
    <State>P</State>
    <CommercialDiscount>0</CommercialDiscount>
    <FinancialDiscount>0</FinancialDiscount>
    <PaymentConditionCode>1</PaymentConditionCode>
    <PaymentMode />
    <Hash>h9etrfL+dHr2kGX0ls7zEbclIbq8ssbGatjcKL5Fuv0V44NhhxLlrs4tl9zE6Yb0BLKX0qE+4RRokQ61hkh/CMp1DaWvxtCLGh2r/cRbi5HRDINbMCtlr1y+eghjou9kdtomcTwXwNeH8tWKwNhMOUXEQNUSoz4/LslJdqyJnRw=</Hash>
    <CertificateNumber>0181</CertificateNumber>
    <Seller />
    <WithholdingRate>0</WithholdingRate>
    <CorrectiveInvoice>false</CorrectiveInvoice>
    <FiscalSpace>0</FiscalSpace>
    <VATRefundScheme>1</VATRefundScheme>
    <Lines>
      <SaleLine>
        <LineType>Item</LineType>
        <ItemCode>000000</ItemCode>
        <Description>23432432</Description>
        <Warehouse>1</Warehouse>
        <Location>1</Location>
        <Seller />
        <CommissionPercentage>0</CommissionPercentage>
        <UnitPrice>354</UnitPrice>
        <Quantity>1</Quantity>
        <DiscountPerc1>0</DiscountPerc1>
        <DiscountPerc2>0</DiscountPerc2>
        <DiscountPerc3>0</DiscountPerc3>
        <VatTaxCode>3</VatTaxCode>
        <VatTax>0</VatTax>
        <Batch />
        <DeliveryDate>0001-01-01T00:00:00</DeliveryDate>
        <SubjectToWithholding>false</SubjectToWithholding>
        <QtyFormula />
        <QtyMeasure>0</QtyMeasure>
        <Measure1>0</Measure1>
        <Measure2>0</Measure2>
        <Measure3>0</Measure3>
      </SaleLine>
    </Lines>
  </Sale>
  <Sale>
    <DocType>GRH</DocType>
    <Series>H</Series>
    <DocumentNumber>GR 289225/42</DocumentNumber>
    <Year>2025</Year>
    <EntityType>C</EntityType>
    <EntityCode>1</EntityCode>
    <EntityName>Cliente 1000 Inversão Suj Passivo</EntityName>
    <TaxPayerNumber>200299506</TaxPayerNumber>
    <OriginalDocTypeRef>GR</OriginalDocTypeRef>
    <OriginalSeriesRef>289225</OriginalSeriesRef>
    <OriginalDocumRef>GR 289225/42</OriginalDocumRef>
    <ExternalNumber>GR 289225/42</ExternalNumber>
    <RequisitionNumber>GR 289225/42</RequisitionNumber>
    <DateTime>2025-05-15T18:30:00</DateTime>
    <TimeIsDefined>true</TimeIsDefined>
    <DistrictCode />
    <DistrictDescription />
    <Address1>1</Address1>
    <LoadingAddress>PRAÇA MANUEL FERNANDES DA SILVA</LoadingAddress>
    <LoadingLocation>BRAGA</LoadingLocation>
    <LoadingPostalCode>4770-123 Barcelos</LoadingPostalCode>
    <LoadingCountry>PT</LoadingCountry>
    <UnloadingAddress>1 1</UnloadingAddress>
    <UnloadingLocation>1</UnloadingLocation>
    <UnloadingPostalCode>1</UnloadingPostalCode>
    <UnloadingCountry>PT</UnloadingCountry>
    <LoadingDateTime>2025-05-15T18:30:00</LoadingDateTime>
    <Address2 />
    <Location>1</Location>
    <PostalCode>1</PostalCode>
    <PostalCodeLocation>1</PostalCodeLocation>
    <Country>PT</Country>
    <Currency>EUR</Currency>
    <Exchange>1</Exchange>
    <State>P</State>
    <CommercialDiscount>0</CommercialDiscount>
    <FinancialDiscount>0</FinancialDiscount>
    <PaymentConditionCode>1</PaymentConditionCode>
    <PaymentMode />
    <Hash>Wp0bTv1zaW9TAREjtqRMqsccKpW4sE2rCAyTdSzDKFXZaeYL7Ecp1yNim4dkX/hiXszIKJA0++OzqbZRpV3uoDsyXC7pRQfQPdanZR6NAE2QFcquiWnrDeoysXhvwabcVq2Bjr48PSZNHkMCKIPwhFrk+U5mmop/xqg5hDX59eY=</Hash>
    <CertificateNumber>0181</CertificateNumber>
    <Seller />
    <WithholdingRate>0</WithholdingRate>
    <CorrectiveInvoice>false</CorrectiveInvoice>
    <FiscalSpace>0</FiscalSpace>
    <VATRefundScheme>1</VATRefundScheme>
    <Lines>
      <SaleLine>
        <LineType>Item</LineType>
        <ItemCode>000000</ItemCode>
        <Description>23432432</Description>
        <Warehouse>1</Warehouse>
        <Location>1</Location>
        <Seller />
        <CommissionPercentage>0</CommissionPercentage>
        <UnitPrice>354</UnitPrice>
        <Quantity>1</Quantity>
        <DiscountPerc1>0</DiscountPerc1>
        <DiscountPerc2>0</DiscountPerc2>
        <DiscountPerc3>0</DiscountPerc3>
        <VatTaxCode>3</VatTaxCode>
        <VatTax>0</VatTax>
        <Batch />
        <DeliveryDate>0001-01-01T00:00:00</DeliveryDate>
        <SubjectToWithholding>false</SubjectToWithholding>
        <QtyFormula />
        <QtyMeasure>0</QtyMeasure>
        <Measure1>0</Measure1>
        <Measure2>0</Measure2>
        <Measure3>0</Measure3>
      </SaleLine>
    </Lines>
  </Sale>
</ArrayOfSale>