<?xml version="1.0" encoding="utf-8"?>
<ArrayOfSeller xmlns:xsd="http://www.w3.org/2001/XMLSchema" xmlns:xsi="http://www.w3.org/2001/XMLSchema-instance">
  <Seller>
    <Code>1</Code>
    <TargetCode>1</TargetCode>
    <Name>Cardoso 'CA' Freitas</Name>
    <Address1 />
    <Address2 />
    <Location>Braga</Location>
    <PostalCode>4710-001</PostalCode>
    <PostalCodeLocation>Braga</PostalCodeLocation>
    <Phone />
    <MobilPhone />
    <Fax />
    <Currency>EUR</Currency>
    <Commission>1.99</Commission>
    <SettlementCommission>0</SettlementCommission>
    <Obs />
    <Contacts />
    <HierarchicalCommissions />
  </Seller>
  <Seller>
    <Code>2</Code>
    <TargetCode>2</TargetCode>
    <Name>Joaquim Resma Gonçalves</Name>
    <Address1>1ª linha morada do vendedor 3</Address1>
    <Address2>2ª linha morada do vendedor 3</Address2>
    <Location>Faro</Location>
    <PostalCode>5500-023</PostalCode>
    <PostalCodeLocation>Faro</PostalCodeLocation>
    <Phone>221345222</Phone>
    <MobilPhone />
    <Fax />
    <Currency>EUR</Currency>
    <Commission>3.77</Commission>
    <SettlementCommission>100</SettlementCommission>
    <Obs />
    <Contacts />
    <HierarchicalCommissions />
  </Seller>
</ArrayOfSeller>