<?xml version="1.0" encoding="utf-8"?>
<ArrayOfSerie xmlns:xsd="http://www.w3.org/2001/XMLSchema" xmlns:xsi="http://www.w3.org/2001/XMLSchema-instance">
  <Serie>
    <Module>M</Module>
    <Code>H</Code>
    <Description>Série Histórico</Description>
    <InitialDate>2000-01-01T00:00:00</InitialDate>
    <FinalDate>2100-12-31T00:00:00</FinalDate>
    <DocumentType>FAC</DocumentType>
    <LowerLimit>0</LowerLimit>
    <UpperLimit>999999999</UpperLimit>
    <NumberOfCopies>1</NumberOfCopies>
    <EntryType>000</EntryType>
    <ChangeDate>true</ChangeDate>
    <Origin>1</Origin>
    <VatIncluded>false</VatIncluded>
    <SuggestSysDate>false</SuggestSysDate>
    <DefaultSerie>false</DefaultSerie>
    <CommunicationType>0</CommunicationType>
    <AutoNumbering>true</AutoNumbering>
    <Preview>true</Preview>
    <DescriptionCopy1>Original</DescriptionCopy1>
    <DescriptionCopy2>Duplicado</DescriptionCopy2>
    <DescriptionCopy3>Triplicado</DescriptionCopy3>
    <DescriptionCopy4>Quadruplicado</DescriptionCopy4>
    <DescriptionCopy5>Quintuplicado</DescriptionCopy5>
    <DescriptionCopy6>Sextuplicado</DescriptionCopy6>
    <PrintConfig>GCPPLS01</PrintConfig>
  </Serie>
  <Serie>
    <Module>M</Module>
    <Code>H</Code>
    <Description>Série Histórico</Description>
    <InitialDate>2000-01-01T00:00:00</InitialDate>
    <FinalDate>2100-12-31T00:00:00</FinalDate>
    <DocumentType>FAF</DocumentType>
    <LowerLimit>0</LowerLimit>
    <UpperLimit>999999999</UpperLimit>
    <NumberOfCopies>1</NumberOfCopies>
    <EntryType>000</EntryType>
    <ChangeDate>true</ChangeDate>
    <Origin>1</Origin>
    <VatIncluded>false</VatIncluded>
    <SuggestSysDate>false</SuggestSysDate>
    <DefaultSerie>false</DefaultSerie>
    <CommunicationType>0</CommunicationType>
    <AutoNumbering>true</AutoNumbering>
    <Preview>true</Preview>
    <DescriptionCopy1>Original</DescriptionCopy1>
    <DescriptionCopy2>Duplicado</DescriptionCopy2>
    <DescriptionCopy3>Triplicado</DescriptionCopy3>
    <DescriptionCopy4>Quadruplicado</DescriptionCopy4>
    <DescriptionCopy5>Quintuplicado</DescriptionCopy5>
    <DescriptionCopy6>Sextuplicado</DescriptionCopy6>
    <PrintConfig>GCPPLS01</PrintConfig>
  </Serie>
  <Serie>
    <Module>M</Module>
    <Code>H</Code>
    <Description>Série Histórico</Description>
    <InitialDate>2000-01-01T00:00:00</InitialDate>
    <FinalDate>2100-12-31T00:00:00</FinalDate>
    <DocumentType>NCF</DocumentType>
    <LowerLimit>0</LowerLimit>
    <UpperLimit>999999999</UpperLimit>
    <NumberOfCopies>1</NumberOfCopies>
    <EntryType>000</EntryType>
    <ChangeDate>true</ChangeDate>
    <Origin>1</Origin>
    <VatIncluded>false</VatIncluded>
    <SuggestSysDate>false</SuggestSysDate>
    <DefaultSerie>false</DefaultSerie>
    <CommunicationType>0</CommunicationType>
    <AutoNumbering>true</AutoNumbering>
    <Preview>true</Preview>
    <DescriptionCopy1>Original</DescriptionCopy1>
    <DescriptionCopy2>Duplicado</DescriptionCopy2>
    <DescriptionCopy3>Triplicado</DescriptionCopy3>
    <DescriptionCopy4>Quadruplicado</DescriptionCopy4>
    <DescriptionCopy5>Quintuplicado</DescriptionCopy5>
    <DescriptionCopy6>Sextuplicado</DescriptionCopy6>
    <PrintConfig>GCPPLS01</PrintConfig>
  </Serie>
  <Serie>
    <Module>M</Module>
    <Code>H</Code>
    <Description>Série Histórico</Description>
    <InitialDate>2000-01-01T00:00:00</InitialDate>
    <FinalDate>2100-12-31T00:00:00</FinalDate>
    <DocumentType>NCC</DocumentType>
    <LowerLimit>0</LowerLimit>
    <UpperLimit>999999999</UpperLimit>
    <NumberOfCopies>1</NumberOfCopies>
    <EntryType>000</EntryType>
    <ChangeDate>true</ChangeDate>
    <Origin>1</Origin>
    <VatIncluded>false</VatIncluded>
    <SuggestSysDate>false</SuggestSysDate>
    <DefaultSerie>false</DefaultSerie>
    <CommunicationType>0</CommunicationType>
    <AutoNumbering>true</AutoNumbering>
    <Preview>true</Preview>
    <DescriptionCopy1>Original</DescriptionCopy1>
    <DescriptionCopy2>Duplicado</DescriptionCopy2>
    <DescriptionCopy3>Triplicado</DescriptionCopy3>
    <DescriptionCopy4>Quadruplicado</DescriptionCopy4>
    <DescriptionCopy5>Quintuplicado</DescriptionCopy5>
    <DescriptionCopy6>Sextuplicado</DescriptionCopy6>
    <PrintConfig>GCPPLS01</PrintConfig>
  </Serie>
  <Serie>
    <Module>V</Module>
    <Code>H</Code>
    <Description>Série Histórico</Description>
    <InitialDate>2000-01-01T00:00:00</InitialDate>
    <FinalDate>2100-12-31T00:00:00</FinalDate>
    <DocumentType>GRH</DocumentType>
    <LowerLimit>0</LowerLimit>
    <UpperLimit>999999999</UpperLimit>
    <NumberOfCopies>1</NumberOfCopies>
    <EntryType>000</EntryType>
    <ChangeDate>true</ChangeDate>
    <Origin>1</Origin>
    <VatIncluded>false</VatIncluded>
    <SuggestSysDate>false</SuggestSysDate>
    <DefaultSerie>false</DefaultSerie>
    <CommunicationType>0</CommunicationType>
    <AutoNumbering>true</AutoNumbering>
    <Preview>true</Preview>
    <DescriptionCopy1>Original</DescriptionCopy1>
    <DescriptionCopy2>Duplicado</DescriptionCopy2>
    <DescriptionCopy3>Triplicado</DescriptionCopy3>
    <DescriptionCopy4>Quadruplicado</DescriptionCopy4>
    <DescriptionCopy5>Quintuplicado</DescriptionCopy5>
    <DescriptionCopy6>Sextuplicado</DescriptionCopy6>
    <PrintConfig>GcpVls02</PrintConfig>
  </Serie>
  <Serie>
    <Module>C</Module>
    <Code>H</Code>
    <Description>Série Histórico</Description>
    <InitialDate>2000-01-01T00:00:00</InitialDate>
    <FinalDate>2100-12-31T00:00:00</FinalDate>
    <DocumentType>VGRH</DocumentType>
    <LowerLimit>0</LowerLimit>
    <UpperLimit>999999999</UpperLimit>
    <NumberOfCopies>1</NumberOfCopies>
    <EntryType>000</EntryType>
    <ChangeDate>true</ChangeDate>
    <Origin>1</Origin>
    <VatIncluded>false</VatIncluded>
    <SuggestSysDate>false</SuggestSysDate>
    <DefaultSerie>false</DefaultSerie>
    <CommunicationType>0</CommunicationType>
    <AutoNumbering>true</AutoNumbering>
    <Preview>true</Preview>
    <DescriptionCopy1>Original</DescriptionCopy1>
    <DescriptionCopy2>Duplicado</DescriptionCopy2>
    <DescriptionCopy3>Triplicado</DescriptionCopy3>
    <DescriptionCopy4>Quadruplicado</DescriptionCopy4>
    <DescriptionCopy5>Quintuplicado</DescriptionCopy5>
    <DescriptionCopy6>Sextuplicado</DescriptionCopy6>
    <PrintConfig />
  </Serie>
</ArrayOfSerie>