<?xml version="1.0" encoding="utf-8"?>
<ArrayOfStockInventory xmlns:xsd="http://www.w3.org/2001/XMLSchema" xmlns:xsi="http://www.w3.org/2001/XMLSchema-instance">
  <StockInventory>
    <ItemCode>000000</ItemCode>
    <Warehouse>1</Warehouse>
    <Location>1</Location>
    <UnitCost>105.031</UnitCost>
    <Quantity>87219</Quantity>
    <SerialNumber />
  </StockInventory>
  <StockInventory>
    <ItemCode>000000</ItemCode>
    <Warehouse>2</Warehouse>
    <Location>2</Location>
    <UnitCost>105.031</UnitCost>
    <Quantity>200</Quantity>
    <SerialNumber />
  </StockInventory>
  <StockInventory>
    <ItemCode>123456</ItemCode>
    <Warehouse>1</Warehouse>
    <Location>1</Location>
    <UnitCost>234</UnitCost>
    <Quantity>432</Quantity>
    <SerialNumber />
  </StockInventory>
  <StockInventory>
    <ItemCode>123456</ItemCode>
    <Warehouse>2</Warehouse>
    <Location>2</Location>
    <UnitCost>321</UnitCost>
    <Quantity>123</Quantity>
    <SerialNumber />
  </StockInventory>
</ArrayOfStockInventory>