<?xml version="1.0" encoding="utf-8"?>
<ArrayOfSupplier xmlns:xsd="http://www.w3.org/2001/XMLSchema" xmlns:xsi="http://www.w3.org/2001/XMLSchema-instance">
  <Supplier>
    <Code>1</Code>
    <Name>Ordem dos artistas Certificados</Name>
    <FiscalName />
    <Inactive>false</Inactive>
    <Currency>EUR</Currency>
    <TaxPayerNumber>123456789</TaxPayerNumber>
    <TaxPayerNumberNonResidents />
    <MarketType>National</MarketType>
    <DistrictCode />
    <DistrictDescription>BRAGA</DistrictDescription>
    <Address1>AVENIDA BARBOSA DU BOCAGE N 45</Address1>
    <Address2 />
    <Location>LISBOA</Location>
    <PostalCode>1049-013</PostalCode>
    <PostalCodeLocation>LISBOA</PostalCodeLocation>
    <Phone>xxxxx</Phone>
    <Fax>xxxxx</Fax>
    <PaymentDay1>0</PaymentDay1>
    <PaymentDay2>0</PaymentDay2>
    <PaymentDay3>0</PaymentDay3>
    <SingularPerson>true</SingularPerson>
    <CashAccountingVAT>false</CashAccountingVAT>
    <VATRefundScheme>0</VATRefundScheme>
    <CompanyActivity>true</CompanyActivity>
    <CountryCode>0</CountryCode>
    <CommercialDescription />
    <CommercialDiscount>0</CommercialDiscount>
    <PaymentConditionCode>2</PaymentConditionCode>
    <ThirdPartyType>E2</ThirdPartyType>
    <ThirdPartySegment />
    <HasCreditLimit>false</HasCreditLimit>
    <CreditLimit>0</CreditLimit>
    <Email>xxxxx@xxx.pt</Email>
    <OperationType />
    <OperationLocal>0</OperationLocal>
    <ExpeditionMode>3</ExpeditionMode>
    <PaymentMode />
    <ReceivingMode />
    <DeliveryTime>0</DeliveryTime>
    <NumberOfCopies>0</NumberOfCopies>
    <ApplyRetentions>true</ApplyRetentions>
    <ApplyOtherRetentions>true</ApplyOtherRetentions>
    <AlternativeAddresses>
      <AlternativeAddress>
        <Code>1</Code>
        <DefaultAddress>false</DefaultAddress>
        <Address1>Rua do Cais 11</Address1>
        <Address2 />
        <Location>Braga</Location>
        <DistrictCode />
        <DistrictDescription>BRAGA</DistrictDescription>
        <PostalCode />
        <PostalCodeLocation>Braga</PostalCodeLocation>
        <Phone>xxxxx</Phone>
        <Fax>xxxxx</Fax>
        <CountryCode>PT</CountryCode>
      </AlternativeAddress>
      <AlternativeAddress>
        <Code>2</Code>
        <DefaultAddress>false</DefaultAddress>
        <Address1>Rua Cidade de Braga nº 12</Address1>
        <Address2 />
        <Location>Porto</Location>
        <DistrictCode />
        <DistrictDescription>PORTO</DistrictDescription>
        <PostalCode />
        <PostalCodeLocation>Porto</PostalCodeLocation>
        <Phone>xxxxx</Phone>
        <Fax>xxxxx</Fax>
        <CountryCode>PT</CountryCode>
      </AlternativeAddress>
      <AlternativeAddress>
        <Code>3</Code>
        <DefaultAddress>false</DefaultAddress>
        <Address1>Rua Cidade do Porto n.º 13</Address1>
        <Address2 />
        <Location>Lisboa</Location>
        <DistrictCode />
        <DistrictDescription>LISBOA</DistrictDescription>
        <PostalCode />
        <PostalCodeLocation>Lisboa</PostalCodeLocation>
        <Phone>xxxxx</Phone>
        <Fax>xxxxx</Fax>
        <CountryCode>PT</CountryCode>
      </AlternativeAddress>
    </AlternativeAddresses>
    <Contacts>
      <Contact>
        <Code>1</Code>
        <Name>Contacto Fornecedor #1</Name>
        <Email />
        <Position />
        <Phone />
        <HomePhone />
        <CellPhone />
        <Fax />
        <Obs />
        <ZoneCode />
        <Webpage />
        <DistrictCode />
        <DistrictDescription />
        <Address1 />
        <Address2 />
        <Location />
        <PostalCode />
        <PostalCodeLocation />
        <CountryCode>PT</CountryCode>
        <TaxPayerNumber />
        <ContactType>GERAL</ContactType>
      </Contact>
      <Contact>
        <Code>8</Code>
        <Name>313123123213213</Name>
        <Email />
        <Position />
        <Phone />
        <HomePhone />
        <CellPhone />
        <Fax />
        <Obs>1321321321321321321321321323213213
alsjdljsdlasjd jh kjhh kAH
 AJ ALSJD L asl jdlasj dalsjd sal
</Obs>
        <ZoneCode />
        <Webpage />
        <DistrictCode />
        <DistrictDescription />
        <Address1 />
        <Address2 />
        <Location />
        <PostalCode />
        <PostalCodeLocation />
        <CountryCode>PT</CountryCode>
        <TaxPayerNumber />
        <ContactType>GERAL</ContactType>
      </Contact>
    </Contacts>
    <Retentions>
      <Retention>
        <RetentionType>0</RetentionType>
        <RetentionEntity>2422</RetentionEntity>
        <IncomeType>B</IncomeType>
        <RetentionRate>20</RetentionRate>
        <VatIncluded>false</VatIncluded>
        <PendingToGenerate>RET</PendingToGenerate>
        <PendingForAnnulment>VRE</PendingForAnnulment>
      </Retention>
    </Retentions>
    <BankAccounts>
      <EntityBankAccount>
        <AccountCode>01</AccountCode>
        <Bank>xxxxx</Bank>
        <BankCounter />
        <AccountNumber>22223</AccountNumber>
        <BIN />
        <IBAN>3333</IBAN>
        <SWIFT>1111</SWIFT>
        <Default>true</Default>
      </EntityBankAccount>
    </BankAccounts>
  </Supplier>
  <Supplier>
    <Code>2</Code>
    <Name>Casa das Loiças, lda</Name>
    <FiscalName />
    <Inactive>false</Inactive>
    <Currency>EUR</Currency>
    <TaxPayerNumber>987654321</TaxPayerNumber>
    <TaxPayerNumberNonResidents />
    <MarketType>National</MarketType>
    <DistrictCode />
    <DistrictDescription>BRAGA</DistrictDescription>
    <Address1>MORADA FORNECEDOR 2</Address1>
    <Address2>www</Address2>
    <Location>LISBOA</Location>
    <PostalCode>1000 LIS</PostalCode>
    <PostalCodeLocation>LISBOA</PostalCodeLocation>
    <Fax>888 888 888</Fax>
    <PaymentDay1>0</PaymentDay1>
    <PaymentDay2>0</PaymentDay2>
    <PaymentDay3>0</PaymentDay3>
    <SingularPerson>true</SingularPerson>
    <CashAccountingVAT>false</CashAccountingVAT>
    <VATRefundScheme>0</VATRefundScheme>
    <CompanyActivity>true</CompanyActivity>
    <CountryCode>0</CountryCode>
    <CommercialDescription />
    <CommercialDiscount>0</CommercialDiscount>
    <PaymentConditionCode>1</PaymentConditionCode>
    <ThirdPartyType>E1</ThirdPartyType>
    <ThirdPartySegment />
    <HasCreditLimit>false</HasCreditLimit>
    <CreditLimit>0</CreditLimit>
    <OperationType />
    <OperationLocal>0</OperationLocal>
    <ExpeditionMode>1</ExpeditionMode>
    <PaymentMode />
    <ReceivingMode />
    <DeliveryTime>0</DeliveryTime>
    <NumberOfCopies>0</NumberOfCopies>
    <ApplyRetentions>false</ApplyRetentions>
    <ApplyOtherRetentions>false</ApplyOtherRetentions>
    <AlternativeAddresses />
    <Contacts />
    <Retentions />
    <BankAccounts />
  </Supplier>
</ArrayOfSupplier>