<?xml version="1.0" encoding="utf-8"?>
<ArrayOfThirdPartyType xmlns:xsd="http://www.w3.org/2001/XMLSchema" xmlns:xsi="http://www.w3.org/2001/XMLSchema-instance">
  <ThirdPartyType>
    <Code>E1</Code>
    <TargetCode>E1</TargetCode>
    <Description>Produtores</Description>
    <AvailableForCustomers>true</AvailableForCustomers>
    <AvailableForSuppliers>true</AvailableForSuppliers>
    <AvailableForOtherDebtors>true</AvailableForOtherDebtors>
    <AvailableForOtherCreditors>true</AvailableForOtherCreditors>
    <AvailableForExternalEntities>true</AvailableForExternalEntities>
  </ThirdPartyType>
  <ThirdPartyType>
    <Code>E2</Code>
    <TargetCode>E2</TargetCode>
    <Description>Armazenistas</Description>
    <AvailableForCustomers>true</AvailableForCustomers>
    <AvailableForSuppliers>true</AvailableForSuppliers>
    <AvailableForOtherDebtors>true</AvailableForOtherDebtors>
    <AvailableForOtherCreditors>true</AvailableForOtherCreditors>
    <AvailableForExternalEntities>true</AvailableForExternalEntities>
  </ThirdPartyType>
</ArrayOfThirdPartyType>