<?xml version="1.0" encoding="utf-8"?>
<ArrayOfThirdParty xmlns:xsd="http://www.w3.org/2001/XMLSchema" xmlns:xsi="http://www.w3.org/2001/XMLSchema-instance">
  <ThirdParty>
    <Code>C1</Code>
    <Name>Banco Português Informático</Name>
    <FiscalName />
    <EntityType>R</EntityType>
    <Inactive>false</Inactive>
    <Currency>EUR</Currency>
    <TaxPayerNumber>450150119</TaxPayerNumber>
    <TaxPayerNumberNonResidents />
    <Obs />
    <MarketType>National</MarketType>
    <DistrictCode />
    <DistrictDescription>VIANA DO CASTELO</DistrictDescription>
    <Address1>Rua dos Caires nº 10</Address1>
    <Address2 />
    <Location>Viana do Castelo</Location>
    <PostalCode>4900-001</PostalCode>
    <PostalCodeLocation>Viana do Castelo</PostalCodeLocation>
    <PaymentDay1>0</PaymentDay1>
    <PaymentDay2>0</PaymentDay2>
    <PaymentDay3>0</PaymentDay3>
    <SingularPerson>false</SingularPerson>
    <CashAccountingVAT>false</CashAccountingVAT>
    <VATRefundScheme>0</VATRefundScheme>
    <CompanyActivity>true</CompanyActivity>
    <CountryCode>0</CountryCode>
    <CommercialDescription />
    <PaymentConditionCode>1</PaymentConditionCode>
    <ThirdPartyType />
    <ThirdPartySegment />
    <HasCreditLimit>false</HasCreditLimit>
    <CreditLimit>0</CreditLimit>
    <HasAgeCreditLimit>false</HasAgeCreditLimit>
    <HasDaysCreditLimit>0</HasDaysCreditLimit>
    <BalanceAmountLimit>0</BalanceAmountLimit>
    <OperationType />
    <OperationLocal>0</OperationLocal>
    <PaymentMode />
    <ReceivingMode />
    <NumberOfCopies>1</NumberOfCopies>
    <ApplyRetentions>true</ApplyRetentions>
    <ApplyOtherRetentions>true</ApplyOtherRetentions>
    <ExcludedDueDateReminders>false</ExcludedDueDateReminders>
    <Contacts>
      <Contact>
        <Code>4</Code>
        <Name>Contacto Outro Credor #1</Name>
        <Email />
        <Position />
        <Phone />
        <HomePhone />
        <CellPhone />
        <Fax />
        <Obs />
        <ZoneCode />
        <Webpage />
        <DistrictCode />
        <DistrictDescription />
        <Address1 />
        <Address2 />
        <Location />
        <PostalCode />
        <PostalCodeLocation />
        <CountryCode>PT</CountryCode>
        <TaxPayerNumber />
        <ContactType>GERAL</ContactType>
      </Contact>
    </Contacts>
    <Retentions>
      <Retention>
        <RetentionType>0</RetentionType>
        <RetentionEntity>2424</RetentionEntity>
        <IncomeType>F</IncomeType>
        <RetentionRate>20</RetentionRate>
        <VatIncluded>false</VatIncluded>
        <PendingToGenerate>RET</PendingToGenerate>
        <PendingForAnnulment>VRE</PendingForAnnulment>
      </Retention>
    </Retentions>
    <BankAccounts />
  </ThirdParty>
  <ThirdParty>
    <Code>C2</Code>
    <Name>Seguradora ARTHUR</Name>
    <FiscalName />
    <EntityType>R</EntityType>
    <Inactive>false</Inactive>
    <Currency>EUR</Currency>
    <TaxPayerNumber>450150122</TaxPayerNumber>
    <TaxPayerNumberNonResidents />
    <Obs />
    <MarketType>National</MarketType>
    <DistrictCode />
    <DistrictDescription>BARCELOS</DistrictDescription>
    <Address1>Rua dois</Address1>
    <Address2>Casa dois</Address2>
    <Location>DOIS</Location>
    <PostalCode>2222-222</PostalCode>
    <PostalCodeLocation>DOIS</PostalCodeLocation>
    <PaymentDay1>0</PaymentDay1>
    <PaymentDay2>0</PaymentDay2>
    <PaymentDay3>0</PaymentDay3>
    <SingularPerson>false</SingularPerson>
    <CashAccountingVAT>false</CashAccountingVAT>
    <VATRefundScheme>0</VATRefundScheme>
    <CompanyActivity>true</CompanyActivity>
    <CountryCode>0</CountryCode>
    <CommercialDescription />
    <PaymentConditionCode>28</PaymentConditionCode>
    <ThirdPartyType />
    <ThirdPartySegment />
    <HasCreditLimit>false</HasCreditLimit>
    <CreditLimit>0</CreditLimit>
    <HasAgeCreditLimit>false</HasAgeCreditLimit>
    <HasDaysCreditLimit>0</HasDaysCreditLimit>
    <BalanceAmountLimit>0</BalanceAmountLimit>
    <OperationType />
    <OperationLocal>0</OperationLocal>
    <PaymentMode />
    <ReceivingMode />
    <NumberOfCopies>1</NumberOfCopies>
    <ApplyRetentions>false</ApplyRetentions>
    <ApplyOtherRetentions>false</ApplyOtherRetentions>
    <ExcludedDueDateReminders>false</ExcludedDueDateReminders>
    <Contacts />
    <Retentions />
    <BankAccounts>
      <EntityBankAccount>
        <AccountCode>01</AccountCode>
        <Bank />
        <BankCounter />
        <AccountNumber>222</AccountNumber>
        <BIN>222</BIN>
        <IBAN>333</IBAN>
        <SWIFT>111</SWIFT>
        <Default>true</Default>
      </EntityBankAccount>
    </BankAccounts>
  </ThirdParty>
</ArrayOfThirdParty>