<?xml version="1.0" encoding="utf-8"?>
<ArrayOfTreasury xmlns:xsd="http://www.w3.org/2001/XMLSchema" xmlns:xsi="http://www.w3.org/2001/XMLSchema-instance">
  <Treasury>
    <Account>CX2</Account>
    <DocType>SLA</DocType>
    <Value>709119.02</Value>
    <Currency>EUR</Currency>
    <Exchange>1</Exchange>
    <MovementDate>2025-05-19T00:00:00+01:00</MovementDate>
    <ValueDate>2025-05-19T00:00:00+01:00</ValueDate>
    <Description>Abertura de Saldos</Description>
  </Treasury>
  <Treasury>
    <Account>CX5</Account>
    <DocType>SLA</DocType>
    <Value>8531.22</Value>
    <Currency>EUR</Currency>
    <Exchange>1</Exchange>
    <MovementDate>2025-05-19T00:00:00+01:00</MovementDate>
    <ValueDate>2025-05-19T00:00:00+01:00</ValueDate>
    <Description>Abertura de Saldos</Description>
  </Treasury>
  <Treasury>
    <Account>CX1</Account>
    <DocType>SLA</DocType>
    <Value>59447.6644</Value>
    <Currency>EUR</Currency>
    <Exchange>1</Exchange>
    <MovementDate>2025-05-19T00:00:00+01:00</MovementDate>
    <ValueDate>2025-05-19T00:00:00+01:00</ValueDate>
    <Description>Abertura de Saldos</Description>
  </Treasury>
  <Treasury>
    <Account>BNC-P</Account>
    <DocType>SLA</DocType>
    <Value>7525</Value>
    <Currency>EUR</Currency>
    <Exchange>1</Exchange>
    <MovementDate>2025-05-19T00:00:00+01:00</MovementDate>
    <ValueDate>2025-05-19T00:00:00+01:00</ValueDate>
    <Description>Abertura de Saldos</Description>
  </Treasury>
  <Treasury>
    <Account>CX3</Account>
    <DocType>SLA</DocType>
    <Value>109616.92</Value>
    <Currency>EUR</Currency>
    <Exchange>1</Exchange>
    <MovementDate>2025-05-19T00:00:00+01:00</MovementDate>
    <ValueDate>2025-05-19T00:00:00+01:00</ValueDate>
    <Description>Abertura de Saldos</Description>
  </Treasury>
  <Treasury>
    <Account>BNC-O</Account>
    <DocType>SLA</DocType>
    <Value>1133298.6304</Value>
    <Currency>EUR</Currency>
    <Exchange>1</Exchange>
    <MovementDate>2025-05-19T00:00:00+01:00</MovementDate>
    <ValueDate>2025-05-19T00:00:00+01:00</ValueDate>
    <Description>Abertura de Saldos</Description>
  </Treasury>
  <Treasury>
    <Account>BNC-P</Account>
    <DocType>SLA</DocType>
    <Value>568.44</Value>
    <Currency>USD</Currency>
    <Exchange>1.25</Exchange>
    <MovementDate>2025-05-19T00:00:00+01:00</MovementDate>
    <ValueDate>2025-05-19T00:00:00+01:00</ValueDate>
    <Description>Abertura de Saldos</Description>
  </Treasury>
  <Treasury>
    <Account>CXP</Account>
    <DocType>SLA</DocType>
    <Value>21196</Value>
    <Currency>EUR</Currency>
    <Exchange>1</Exchange>
    <MovementDate>2025-05-19T00:00:00+01:00</MovementDate>
    <ValueDate>2025-05-19T00:00:00+01:00</ValueDate>
    <Description>Abertura de Saldos</Description>
  </Treasury>
</ArrayOfTreasury>