<?xml version="1.0" encoding="utf-8"?>
<ArrayOfUnit xmlns:xsd="http://www.w3.org/2001/XMLSchema" xmlns:xsi="http://www.w3.org/2001/XMLSchema-instance">
  <Unit>
    <Code>KG</Code>
    <Description>Quilograma</Description>
    <Rounding>3</Rounding>
  </Unit>
  <Unit>
    <Code>KM</Code>
    <Description>Quilometro</Description>
    <Rounding>3</Rounding>
  </Unit>
  <Unit>
    <Code>M</Code>
    <Description>Metro</Description>
    <Rounding>3</Rounding>
  </Unit>
  <Unit>
    <Code>UN</Code>
    <Description>Unidades</Description>
    <Rounding>0</Rounding>
  </Unit>
</ArrayOfUnit>