<?xml version="1.0" encoding="utf-8"?>
<ArrayOfUnitConvertion xmlns:xsd="http://www.w3.org/2001/XMLSchema" xmlns:xsi="http://www.w3.org/2001/XMLSchema-instance">
  <UnitConvertion>
    <UnitCodeFrom>KM</UnitCodeFrom>
    <UnitCodeTo>M</UnitCodeTo>
    <Factor>1000</Factor>
    <UseFormula>false</UseFormula>
  </UnitConvertion>
  <UnitConvertion>
    <UnitCodeFrom>M</UnitCodeFrom>
    <UnitCodeTo>KM</UnitCodeTo>
    <Factor>0.001</Factor>
    <UseFormula>false</UseFormula>
  </UnitConvertion>
</ArrayOfUnitConvertion>