<?xml version="1.0" encoding="utf-8"?>
<ArrayOfVatTax xmlns:xsd="http://www.w3.org/2001/XMLSchema" xmlns:xsi="http://www.w3.org/2001/XMLSchema-instance">
  <VatTax>
    <Code>2</Code>
    <TargetCode>06</TargetCode>
    <Description>TAXA 6% - Reduzida</Description>
    <Tax>6</Tax>
    <ExemptionReason />
    <ExemptionReasonCode />
    <TaxType>RED</TaxType>
    <CountryCode />
  </VatTax>
  <VatTax>
    <Code>3</Code>
    <TargetCode>23</TargetCode>
    <Description>TAXA 23% - NORMAL</Description>
    <Tax>23</Tax>
    <ExemptionReason />
    <ExemptionReasonCode />
    <TaxType>NOR</TaxType>
    <CountryCode />
  </VatTax>
  <VatTax>
    <Code>4</Code>
    <TargetCode>13</TargetCode>
    <Description>TAXA 13% - Intermédia</Description>
    <Tax>13</Tax>
    <ExemptionReason />
    <ExemptionReasonCode />
    <TaxType>INT</TaxType>
    <CountryCode />
  </VatTax>
</ArrayOfVatTax>