<?xml version="1.0" encoding="utf-8"?>
<ArrayOfWarehouse xmlns:xsd="http://www.w3.org/2001/XMLSchema" xmlns:xsi="http://www.w3.org/2001/XMLSchema-instance">
  <Warehouse>
    <Code>1</Code>
    <Description>Armazém #1</Description>
    <Address1>Praça dos Dragões, Nº1</Address1>
    <Address2>Rua da Boavista, Nº2</Address2>
    <Location>PORTO</Location>
    <PostalCode>2100-002</PostalCode>
    <Phone>2167493875</Phone>
    <Fax>2167493876</Fax>
    <CostGroup>GLOBAL</CostGroup>
    <BlockedEntries>false</BlockedEntries>
    <BlockedExits>false</BlockedExits>
    <Locations />
    <UDFs>
      <UDF>
        <Field>aaa</Field>
        <Value>aaa</Value>
      </UDF>
      <UDF>
        <Field>sss</Field>
        <Value>sss1</Value>
      </UDF>
    </UDFs>
  </Warehouse>
  <Warehouse>
    <Code>2</Code>
    <Description>Armazém #2</Description>
    <Address1>Rua 1 do Armazém Centro Dois, Nº2</Address1>
    <Address2>Rua 2 do Armazém Centro Dois, Nº22</Address2>
    <Location>COIMBRA</Location>
    <PostalCode>3100-345</PostalCode>
    <Phone>238768678</Phone>
    <Fax>238768679</Fax>
    <CostGroup>GLOBAL</CostGroup>
    <BlockedEntries>false</BlockedEntries>
    <BlockedExits>false</BlockedExits>
    <Locations />
    <UDFs>
      <UDF>
        <Field>aaa</Field>
        <Value />
      </UDF>
      <UDF>
        <Field>sss</Field>
        <Value />
      </UDF>
    </UDFs>
  </Warehouse>
</ArrayOfWarehouse>